$date
	Tue Jun 02 21:50:42 2026
$end
$version
	Icarus Verilog
$end
$timescale
	1ps
$end
$scope module tb_spi_loopback $end
$var wire 1 ! slave_valid $end
$var wire 8 " slave_rx [7:0] $end
$var wire 1 # sclk $end
$var wire 1 $ mosi $end
$var wire 8 % miso_data [7:0] $end
$var wire 1 & miso $end
$var wire 1 ' done $end
$var wire 1 ( cs_n $end
$var parameter 32 ) CLK_DIV $end
$var reg 1 * clk $end
$var reg 8 + mosi_data [7:0] $end
$var reg 8 , prev_sent [7:0] $end
$var reg 1 - rst $end
$var reg 1 . start $end
$var integer 32 / fail_count [31:0] $end
$var integer 32 0 i [31:0] $end
$var integer 32 1 pass_count [31:0] $end
$scope module master $end
$var wire 1 * clk $end
$var wire 8 2 mosi_data [7:0] $end
$var wire 1 - rst $end
$var wire 1 . start $end
$var wire 1 # sclk $end
$var wire 1 & miso $end
$var parameter 32 3 CLK_DIV $end
$var reg 3 4 bit_cnt [2:0] $end
$var reg 1 5 clk_cnt $end
$var reg 1 ( cs_n $end
$var reg 1 ' done $end
$var reg 8 6 miso_data [7:0] $end
$var reg 1 $ mosi $end
$var reg 1 7 sclk_r $end
$var reg 8 8 shift_in [7:0] $end
$var reg 8 9 shift_out [7:0] $end
$var reg 2 : state [1:0] $end
$upscope $end
$scope module slave $end
$var wire 1 ; active $end
$var wire 1 * clk $end
$var wire 1 ( cs_n $end
$var wire 1 $ mosi $end
$var wire 1 - rst $end
$var wire 1 # sclk $end
$var wire 1 & miso $end
$var reg 3 < bit_cnt [2:0] $end
$var reg 1 = cs_prev $end
$var reg 8 > rx_data [7:0] $end
$var reg 1 ! rx_valid $end
$var reg 1 ? sclk_prev $end
$var reg 8 @ shift_in [7:0] $end
$var reg 8 A shift_out [7:0] $end
$upscope $end
$scope begin $unm_blk_29 $end
$var reg 8 B curr [7:0] $end
$upscope $end
$scope task loopback_test $end
$var reg 8 C byte_a [7:0] $end
$var reg 8 D byte_b [7:0] $end
$upscope $end
$scope task tick $end
$upscope $end
$scope task wait_done $end
$var integer 32 E timeout [31:0] $end
$upscope $end
$upscope $end
$enddefinitions $end
$comment Show the parameter values. $end
$dumpall
b10 3
b10 )
$end
#0
$dumpvars
b0 E
bx D
bx C
bx B
bx A
bx @
x?
bx >
x=
bx <
x;
bx :
bx 9
bx 8
x7
bx 6
x5
bx 4
b0 2
b0 1
bx 0
b0 /
0.
1-
bx ,
b0 +
0*
x(
x'
x&
bx %
x$
x#
bx "
x!
$end
#5000
0;
0#
0&
0'
b0 %
b0 6
b0 8
b0 9
b111 4
05
07
0$
1(
b0 :
0!
b0 "
b0 >
1=
0?
b111 <
b0 A
b0 @
1*
#10000
0*
#15000
1*
#16000
0-
#20000
0*
#25000
1*
#26000
1.
b1010101 +
b1010101 2
b10101010 D
b1010101 C
#30000
0*
#35000
1;
b1 :
0(
b1010101 9
1*
#36000
0.
#40000
0*
#45000
15
0=
1*
#46000
b1 E
#50000
0*
#55000
1#
17
05
1*
#56000
b10 E
#60000
0*
#65000
15
1?
1*
#66000
b11 E
#70000
0*
#75000
0#
b110 4
07
05
1*
#76000
b100 E
#80000
0*
#85000
15
b110 <
0?
1*
#86000
b101 E
#90000
0*
#95000
1#
17
05
1*
#96000
b110 E
#100000
0*
#105000
15
1?
1*
#106000
b111 E
#110000
0*
#115000
0#
b101 4
1$
07
05
1*
#116000
b1000 E
#120000
0*
#125000
15
b101 <
0?
1*
#126000
b1001 E
#130000
0*
#135000
1#
17
05
1*
#136000
b1010 E
#140000
0*
#145000
15
b1 @
1?
1*
#146000
b1011 E
#150000
0*
#155000
0#
b100 4
0$
07
05
1*
#156000
b1100 E
#160000
0*
#165000
15
b100 <
0?
1*
#166000
b1101 E
#170000
0*
#175000
1#
17
05
1*
#176000
b1110 E
#180000
0*
#185000
15
b10 @
1?
1*
#186000
b1111 E
#190000
0*
#195000
0#
b11 4
1$
07
05
1*
#196000
b10000 E
#200000
0*
#205000
15
b11 <
0?
1*
#206000
b10001 E
#210000
0*
#215000
1#
17
05
1*
#216000
b10010 E
#220000
0*
#225000
15
b101 @
1?
1*
#226000
b10011 E
#230000
0*
#235000
0#
b10 4
0$
07
05
1*
#236000
b10100 E
#240000
0*
#245000
15
b10 <
0?
1*
#246000
b10101 E
#250000
0*
#255000
1#
17
05
1*
#256000
b10110 E
#260000
0*
#265000
15
b1010 @
1?
1*
#266000
b10111 E
#270000
0*
#275000
0#
b1 4
1$
07
05
1*
#276000
b11000 E
#280000
0*
#285000
15
b1 <
0?
1*
#286000
b11001 E
#290000
0*
#295000
1#
17
05
1*
#296000
b11010 E
#300000
0*
#305000
15
b10101 @
1?
1*
#306000
b11011 E
#310000
0*
#315000
0#
b0 4
0$
07
05
1*
#316000
b11100 E
#320000
0*
#325000
15
b0 <
0?
1*
#326000
b11101 E
#330000
0*
#335000
1#
17
05
1*
#336000
b11110 E
#340000
0*
#345000
15
b101010 @
1?
1*
#346000
b11111 E
#350000
0*
#355000
0#
b10 :
1$
07
05
1*
#356000
b100000 E
#360000
0*
#365000
15
0?
1*
#366000
b100001 E
#370000
0*
#375000
0;
b0 :
1'
0$
1(
05
1*
#376000
b100010 E
#380000
0*
#385000
0'
b101010 A
1!
b101010 "
b101010 >
1=
1*
#390000
0*
#395000
0!
1*
#396000
1.
b10101010 +
b10101010 2
#400000
0*
#405000
1;
b1 :
0(
b111 4
b10101010 9
1*
#406000
0.
#410000
0*
#415000
b0 @
b111 <
0=
15
1*
#416000
b100011 E
#420000
0*
#425000
1#
17
05
1*
#426000
b100100 E
#430000
0*
#435000
1?
15
1*
#436000
b100101 E
#440000
0*
#445000
0#
b110 4
1$
07
05
1*
#446000
b100110 E
#450000
0*
#455000
b110 <
b1010100 A
0?
15
1*
#456000
b100111 E
#460000
0*
#465000
1#
17
05
1*
#466000
b101000 E
#470000
0*
#475000
b1 @
1?
15
1*
#476000
b101001 E
#480000
0*
#485000
0#
b101 4
0$
07
05
1*
#486000
b101010 E
#490000
0*
#495000
1&
b101 <
b10101000 A
0?
15
1*
#496000
b101011 E
#500000
0*
#505000
1#
b1 8
17
05
1*
#506000
b101100 E
#510000
0*
#515000
b10 @
1?
15
1*
#516000
b101101 E
#520000
0*
#525000
0#
b100 4
1$
07
05
1*
#526000
b101110 E
#530000
0*
#535000
0&
b100 <
b1010000 A
0?
15
1*
#536000
b101111 E
#540000
0*
#545000
1#
b10 8
17
05
1*
#546000
b110000 E
#550000
0*
#555000
b101 @
1?
15
1*
#556000
b110001 E
#560000
0*
#565000
0#
b11 4
0$
07
05
1*
#566000
b110010 E
#570000
0*
#575000
1&
b11 <
b10100000 A
0?
15
1*
#576000
b110011 E
#580000
0*
#585000
1#
b101 8
17
05
1*
#586000
b110100 E
#590000
0*
#595000
b1010 @
1?
15
1*
#596000
b110101 E
#600000
0*
#605000
0#
b10 4
1$
07
05
1*
#606000
b110110 E
#610000
0*
#615000
0&
b10 <
b1000000 A
0?
15
1*
#616000
b110111 E
#620000
0*
#625000
1#
b1010 8
17
05
1*
#626000
b111000 E
#630000
0*
#635000
b10101 @
1?
15
1*
#636000
b111001 E
#640000
0*
#645000
0#
b1 4
0$
07
05
1*
#646000
b111010 E
#650000
0*
#655000
1&
b1 <
b10000000 A
0?
15
1*
#656000
b111011 E
#660000
0*
#665000
1#
b10101 8
17
05
1*
#666000
b111100 E
#670000
0*
#675000
b101010 @
1?
15
1*
#676000
b111101 E
#680000
0*
#685000
0#
b0 4
1$
07
05
1*
#686000
b111110 E
#690000
0*
#695000
0&
b0 <
b0 A
0?
15
1*
#696000
b111111 E
#700000
0*
#705000
1#
b101010 8
17
05
1*
#706000
b1000000 E
#710000
0*
#715000
b1010101 @
1?
15
1*
#716000
b1000001 E
#720000
0*
#725000
0#
b10 :
0$
07
05
1*
#726000
b1000010 E
#730000
0*
#735000
0?
15
1*
#736000
b1000011 E
#740000
0*
#745000
0;
b0 :
1'
b101010 %
b101010 6
1(
05
1*
#746000
b1000100 E
#750000
0*
#755000
b1010101 A
1!
b1010101 "
b1010101 >
1=
0'
1*
#756000
1.
b0 +
b0 2
b11111111 D
b0 C
b10 /
#760000
0*
#765000
1;
b1 :
0(
b111 4
b0 9
0!
1*
#766000
0.
#770000
0*
#775000
b0 @
b111 <
0=
15
1*
#776000
b1000101 E
#780000
0*
#785000
1#
b1010100 8
17
05
1*
#786000
b1000110 E
#790000
0*
#795000
1?
15
1*
#796000
b1000111 E
#800000
0*
#805000
0#
b110 4
07
05
1*
#806000
b1001000 E
#810000
0*
#815000
1&
b110 <
b10101010 A
0?
15
1*
#816000
b1001001 E
#820000
0*
#825000
1#
b10101001 8
17
05
1*
#826000
b1001010 E
#830000
0*
#835000
1?
15
1*
#836000
b1001011 E
#840000
0*
#845000
0#
b101 4
07
05
1*
#846000
b1001100 E
#850000
0*
#855000
0&
b101 <
b1010100 A
0?
15
1*
#856000
b1001101 E
#860000
0*
#865000
1#
b1010010 8
17
05
1*
#866000
b1001110 E
#870000
0*
#875000
1?
15
1*
#876000
b1001111 E
#880000
0*
#885000
0#
b100 4
07
05
1*
#886000
b1010000 E
#890000
0*
#895000
1&
b100 <
b10101000 A
0?
15
1*
#896000
b1010001 E
#900000
0*
#905000
1#
b10100101 8
17
05
1*
#906000
b1010010 E
#910000
0*
#915000
1?
15
1*
#916000
b1010011 E
#920000
0*
#925000
0#
b11 4
07
05
1*
#926000
b1010100 E
#930000
0*
#935000
0&
b11 <
b1010000 A
0?
15
1*
#936000
b1010101 E
#940000
0*
#945000
1#
b1001010 8
17
05
1*
#946000
b1010110 E
#950000
0*
#955000
1?
15
1*
#956000
b1010111 E
#960000
0*
#965000
0#
b10 4
07
05
1*
#966000
b1011000 E
#970000
0*
#975000
1&
b10 <
b10100000 A
0?
15
1*
#976000
b1011001 E
#980000
0*
#985000
1#
b10010101 8
17
05
1*
#986000
b1011010 E
#990000
0*
#995000
1?
15
1*
#996000
b1011011 E
#1000000
0*
#1005000
0#
b1 4
07
05
1*
#1006000
b1011100 E
#1010000
0*
#1015000
0&
b1 <
b1000000 A
0?
15
1*
#1016000
b1011101 E
#1020000
0*
#1025000
1#
b101010 8
17
05
1*
#1026000
b1011110 E
#1030000
0*
#1035000
1?
15
1*
#1036000
b1011111 E
#1040000
0*
#1045000
0#
b0 4
07
05
1*
#1046000
b1100000 E
#1050000
0*
#1055000
1&
b0 <
b10000000 A
0?
15
1*
#1056000
b1100001 E
#1060000
0*
#1065000
1#
b1010101 8
17
05
1*
#1066000
b1100010 E
#1070000
0*
#1075000
1?
15
1*
#1076000
b1100011 E
#1080000
0*
#1085000
0#
b10 :
07
05
1*
#1086000
b1100100 E
#1090000
0*
#1095000
0?
15
1*
#1096000
b1100101 E
#1100000
0*
#1105000
0;
b0 :
1'
b1010101 %
b1010101 6
1(
05
1*
#1106000
b1100110 E
#1110000
0*
#1115000
0&
b0 A
1!
b0 "
b0 >
1=
0'
1*
#1120000
0*
#1125000
0!
1*
#1126000
1.
b11111111 +
b11111111 2
#1130000
0*
#1135000
1;
b1 :
0(
b111 4
b11111111 9
1*
#1136000
0.
#1140000
0*
#1145000
15
b111 <
0=
1*
#1146000
b1100111 E
#1150000
0*
#1155000
1#
b10101010 8
17
05
1*
#1156000
b1101000 E
#1160000
0*
#1165000
15
1?
1*
#1166000
b1101001 E
#1170000
0*
#1175000
0#
b110 4
1$
07
05
1*
#1176000
b1101010 E
#1180000
0*
#1185000
15
b110 <
0?
1*
#1186000
b1101011 E
#1190000
0*
#1195000
1#
b1010100 8
17
05
1*
#1196000
b1101100 E
#1200000
0*
#1205000
15
b1 @
1?
1*
#1206000
b1101101 E
#1210000
0*
#1215000
0#
b101 4
07
05
1*
#1216000
b1101110 E
#1220000
0*
#1225000
15
b101 <
0?
1*
#1226000
b1101111 E
#1230000
0*
#1235000
1#
b10101000 8
17
05
1*
#1236000
b1110000 E
#1240000
0*
#1245000
15
b11 @
1?
1*
#1246000
b1110001 E
#1250000
0*
#1255000
0#
b100 4
07
05
1*
#1256000
b1110010 E
#1260000
0*
#1265000
15
b100 <
0?
1*
#1266000
b1110011 E
#1270000
0*
#1275000
1#
b1010000 8
17
05
1*
#1276000
b1110100 E
#1280000
0*
#1285000
15
b111 @
1?
1*
#1286000
b1110101 E
#1290000
0*
#1295000
0#
b11 4
07
05
1*
#1296000
b1110110 E
#1300000
0*
#1305000
15
b11 <
0?
1*
#1306000
b1110111 E
#1310000
0*
#1315000
1#
b10100000 8
17
05
1*
#1316000
b1111000 E
#1320000
0*
#1325000
15
b1111 @
1?
1*
#1326000
b1111001 E
#1330000
0*
#1335000
0#
b10 4
07
05
1*
#1336000
b1111010 E
#1340000
0*
#1345000
15
b10 <
0?
1*
#1346000
b1111011 E
#1350000
0*
#1355000
1#
b1000000 8
17
05
1*
#1356000
b1111100 E
#1360000
0*
#1365000
15
b11111 @
1?
1*
#1366000
b1111101 E
#1370000
0*
#1375000
0#
b1 4
07
05
1*
#1376000
b1111110 E
#1380000
0*
#1385000
15
b1 <
0?
1*
#1386000
b1111111 E
#1390000
0*
#1395000
1#
b10000000 8
17
05
1*
#1396000
b10000000 E
#1400000
0*
#1405000
15
b111111 @
1?
1*
#1406000
b10000001 E
#1410000
0*
#1415000
0#
b0 4
07
05
1*
#1416000
b10000010 E
#1420000
0*
#1425000
15
b0 <
0?
1*
#1426000
b10000011 E
#1430000
0*
#1435000
1#
b0 8
17
05
1*
#1436000
b10000100 E
#1440000
0*
#1445000
15
b1111111 @
1?
1*
#1446000
b10000101 E
#1450000
0*
#1455000
0#
b10 :
07
05
1*
#1456000
b10000110 E
#1460000
0*
#1465000
15
0?
1*
#1466000
b10000111 E
#1470000
0*
#1475000
0;
b0 :
1'
b0 %
b0 6
0$
1(
05
1*
#1476000
b10001000 E
#1480000
0*
#1485000
0'
b1111111 A
1!
b1111111 "
b1111111 >
1=
1*
#1486000
1.
b10100101 +
b10100101 2
b1011010 D
b10100101 C
b1 1
b11 /
#1490000
0*
#1495000
1;
0!
b1 :
0(
b111 4
b10100101 9
1*
#1496000
0.
#1500000
0*
#1505000
15
b0 @
b111 <
0=
1*
#1506000
b10001001 E
#1510000
0*
#1515000
1#
17
05
1*
#1516000
b10001010 E
#1520000
0*
#1525000
15
1?
1*
#1526000
b10001011 E
#1530000
0*
#1535000
0#
b110 4
1$
07
05
1*
#1536000
b10001100 E
#1540000
0*
#1545000
1&
15
b110 <
b11111110 A
0?
1*
#1546000
b10001101 E
#1550000
0*
#1555000
1#
b1 8
17
05
1*
#1556000
b10001110 E
#1560000
0*
#1565000
15
b1 @
1?
1*
#1566000
b10001111 E
#1570000
0*
#1575000
0#
b101 4
0$
07
05
1*
#1576000
b10010000 E
#1580000
0*
#1585000
15
b101 <
b11111100 A
0?
1*
#1586000
b10010001 E
#1590000
0*
#1595000
1#
b11 8
17
05
1*
#1596000
b10010010 E
#1600000
0*
#1605000
15
b10 @
1?
1*
#1606000
b10010011 E
#1610000
0*
#1615000
0#
b100 4
1$
07
05
1*
#1616000
b10010100 E
#1620000
0*
#1625000
15
b100 <
b11111000 A
0?
1*
#1626000
b10010101 E
#1630000
0*
#1635000
1#
b111 8
17
05
1*
#1636000
b10010110 E
#1640000
0*
#1645000
15
b101 @
1?
1*
#1646000
b10010111 E
#1650000
0*
#1655000
0#
b11 4
0$
07
05
1*
#1656000
b10011000 E
#1660000
0*
#1665000
15
b11 <
b11110000 A
0?
1*
#1666000
b10011001 E
#1670000
0*
#1675000
1#
b1111 8
17
05
1*
#1676000
b10011010 E
#1680000
0*
#1685000
15
b1010 @
1?
1*
#1686000
b10011011 E
#1690000
0*
#1695000
0#
b10 4
07
05
1*
#1696000
b10011100 E
#1700000
0*
#1705000
15
b10 <
b11100000 A
0?
1*
#1706000
b10011101 E
#1710000
0*
#1715000
1#
b11111 8
17
05
1*
#1716000
b10011110 E
#1720000
0*
#1725000
15
b10100 @
1?
1*
#1726000
b10011111 E
#1730000
0*
#1735000
0#
b1 4
1$
07
05
1*
#1736000
b10100000 E
#1740000
0*
#1745000
15
b1 <
b11000000 A
0?
1*
#1746000
b10100001 E
#1750000
0*
#1755000
1#
b111111 8
17
05
1*
#1756000
b10100010 E
#1760000
0*
#1765000
15
b101001 @
1?
1*
#1766000
b10100011 E
#1770000
0*
#1775000
0#
b0 4
0$
07
05
1*
#1776000
b10100100 E
#1780000
0*
#1785000
15
b0 <
b10000000 A
0?
1*
#1786000
b10100101 E
#1790000
0*
#1795000
1#
b1111111 8
17
05
1*
#1796000
b10100110 E
#1800000
0*
#1805000
15
b1010010 @
1?
1*
#1806000
b10100111 E
#1810000
0*
#1815000
0#
b10 :
1$
07
05
1*
#1816000
b10101000 E
#1820000
0*
#1825000
15
0?
1*
#1826000
b10101001 E
#1830000
0*
#1835000
0;
b0 :
1'
b1111111 %
b1111111 6
0$
1(
05
1*
#1836000
b10101010 E
#1840000
0*
#1845000
0&
0'
b1010010 A
1!
b1010010 "
b1010010 >
1=
1*
#1850000
0*
#1855000
0!
1*
#1856000
1.
b1011010 +
b1011010 2
#1860000
0*
#1865000
1;
b1 :
0(
b111 4
b1011010 9
1*
#1866000
0.
#1870000
0*
#1875000
b0 @
b111 <
0=
15
1*
#1876000
b10101011 E
#1880000
0*
#1885000
1#
b11111110 8
17
05
1*
#1886000
b10101100 E
#1890000
0*
#1895000
1?
15
1*
#1896000
b10101101 E
#1900000
0*
#1905000
0#
b110 4
07
05
1*
#1906000
b10101110 E
#1910000
0*
#1915000
1&
b110 <
b10100100 A
0?
15
1*
#1916000
b10101111 E
#1920000
0*
#1925000
1#
b11111101 8
17
05
1*
#1926000
b10110000 E
#1930000
0*
#1935000
1?
15
1*
#1936000
b10110001 E
#1940000
0*
#1945000
0#
b101 4
1$
07
05
1*
#1946000
b10110010 E
#1950000
0*
#1955000
0&
b101 <
b1001000 A
0?
15
1*
#1956000
b10110011 E
#1960000
0*
#1965000
1#
b11111010 8
17
05
1*
#1966000
b10110100 E
#1970000
0*
#1975000
b1 @
1?
15
1*
#1976000
b10110101 E
#1980000
0*
#1985000
0#
b100 4
0$
07
05
1*
#1986000
b10110110 E
#1990000
0*
#1995000
1&
b100 <
b10010000 A
0?
15
1*
#1996000
b10110111 E
#2000000
0*
#2005000
1#
b11110101 8
17
05
1*
#2006000
b10111000 E
#2010000
0*
#2015000
b10 @
1?
15
1*
#2016000
b10111001 E
#2020000
0*
#2025000
0#
b11 4
1$
07
05
1*
#2026000
b10111010 E
#2030000
0*
#2035000
0&
b11 <
b100000 A
0?
15
1*
#2036000
b10111011 E
#2040000
0*
#2045000
1#
b11101010 8
17
05
1*
#2046000
b10111100 E
#2050000
0*
#2055000
b101 @
1?
15
1*
#2056000
b10111101 E
#2060000
0*
#2065000
0#
b10 4
07
05
1*
#2066000
b10111110 E
#2070000
0*
#2075000
b10 <
b1000000 A
0?
15
1*
#2076000
b10111111 E
#2080000
0*
#2085000
1#
b11010100 8
17
05
1*
#2086000
b11000000 E
#2090000
0*
#2095000
b1011 @
1?
15
1*
#2096000
b11000001 E
#2100000
0*
#2105000
0#
b1 4
0$
07
05
1*
#2106000
b11000010 E
#2110000
0*
#2115000
1&
b1 <
b10000000 A
0?
15
1*
#2116000
b11000011 E
#2120000
0*
#2125000
1#
b10101001 8
17
05
1*
#2126000
b11000100 E
#2130000
0*
#2135000
b10110 @
1?
15
1*
#2136000
b11000101 E
#2140000
0*
#2145000
0#
b0 4
1$
07
05
1*
#2146000
b11000110 E
#2150000
0*
#2155000
0&
b0 <
b0 A
0?
15
1*
#2156000
b11000111 E
#2160000
0*
#2165000
1#
b1010010 8
17
05
1*
#2166000
b11001000 E
#2170000
0*
#2175000
b101101 @
1?
15
1*
#2176000
b11001001 E
#2180000
0*
#2185000
0#
b10 :
0$
07
05
1*
#2186000
b11001010 E
#2190000
0*
#2195000
0?
15
1*
#2196000
b11001011 E
#2200000
0*
#2205000
0;
b0 :
1'
b1010010 %
b1010010 6
1(
05
1*
#2206000
b11001100 E
#2210000
0*
#2215000
b101101 A
1!
b101101 "
b101101 >
1=
0'
1*
#2216000
1.
b1 +
b1 2
b10000000 D
b1 C
b101 /
#2220000
0*
#2225000
1;
b1 :
0(
b111 4
b1 9
0!
1*
#2226000
0.
#2230000
0*
#2235000
b0 @
b111 <
0=
15
1*
#2236000
b11001101 E
#2240000
0*
#2245000
1#
b10100100 8
17
05
1*
#2246000
b11001110 E
#2250000
0*
#2255000
1?
15
1*
#2256000
b11001111 E
#2260000
0*
#2265000
0#
b110 4
07
05
1*
#2266000
b11010000 E
#2270000
0*
#2275000
b110 <
b1011010 A
0?
15
1*
#2276000
b11010001 E
#2280000
0*
#2285000
1#
b1001000 8
17
05
1*
#2286000
b11010010 E
#2290000
0*
#2295000
1?
15
1*
#2296000
b11010011 E
#2300000
0*
#2305000
0#
b101 4
07
05
1*
#2306000
b11010100 E
#2310000
0*
#2315000
1&
b101 <
b10110100 A
0?
15
1*
#2316000
b11010101 E
#2320000
0*
#2325000
1#
b10010001 8
17
05
1*
#2326000
b11010110 E
#2330000
0*
#2335000
1?
15
1*
#2336000
b11010111 E
#2340000
0*
#2345000
0#
b100 4
07
05
1*
#2346000
b11011000 E
#2350000
0*
#2355000
0&
b100 <
b1101000 A
0?
15
1*
#2356000
b11011001 E
#2360000
0*
#2365000
1#
b100010 8
17
05
1*
#2366000
b11011010 E
#2370000
0*
#2375000
1?
15
1*
#2376000
b11011011 E
#2380000
0*
#2385000
0#
b11 4
07
05
1*
#2386000
b11011100 E
#2390000
0*
#2395000
1&
b11 <
b11010000 A
0?
15
1*
#2396000
b11011101 E
#2400000
0*
#2405000
1#
b1000101 8
17
05
1*
#2406000
b11011110 E
#2410000
0*
#2415000
1?
15
1*
#2416000
b11011111 E
#2420000
0*
#2425000
0#
b10 4
07
05
1*
#2426000
b11100000 E
#2430000
0*
#2435000
b10 <
b10100000 A
0?
15
1*
#2436000
b11100001 E
#2440000
0*
#2445000
1#
b10001011 8
17
05
1*
#2446000
b11100010 E
#2450000
0*
#2455000
1?
15
1*
#2456000
b11100011 E
#2460000
0*
#2465000
0#
b1 4
07
05
1*
#2466000
b11100100 E
#2470000
0*
#2475000
0&
b1 <
b1000000 A
0?
15
1*
#2476000
b11100101 E
#2480000
0*
#2485000
1#
b10110 8
17
05
1*
#2486000
b11100110 E
#2490000
0*
#2495000
1?
15
1*
#2496000
b11100111 E
#2500000
0*
#2505000
0#
b0 4
07
05
1*
#2506000
b11101000 E
#2510000
0*
#2515000
1&
b0 <
b10000000 A
0?
15
1*
#2516000
b11101001 E
#2520000
0*
#2525000
1#
b101101 8
17
05
1*
#2526000
b11101010 E
#2530000
0*
#2535000
1?
15
1*
#2536000
b11101011 E
#2540000
0*
#2545000
0#
b10 :
1$
07
05
1*
#2546000
b11101100 E
#2550000
0*
#2555000
0?
15
1*
#2556000
b11101101 E
#2560000
0*
#2565000
0;
b0 :
1'
b101101 %
b101101 6
0$
1(
05
1*
#2566000
b11101110 E
#2570000
0*
#2575000
0&
b0 A
1!
b0 "
b0 >
1=
0'
1*
#2580000
0*
#2585000
0!
1*
#2586000
1.
b10000000 +
b10000000 2
#2590000
0*
#2595000
1;
b1 :
0(
b111 4
b10000000 9
1*
#2596000
0.
#2600000
0*
#2605000
15
b111 <
0=
1*
#2606000
b11101111 E
#2610000
0*
#2615000
1#
b1011010 8
17
05
1*
#2616000
b11110000 E
#2620000
0*
#2625000
15
1?
1*
#2626000
b11110001 E
#2630000
0*
#2635000
0#
b110 4
1$
07
05
1*
#2636000
b11110010 E
#2640000
0*
#2645000
15
b110 <
0?
1*
#2646000
b11110011 E
#2650000
0*
#2655000
1#
b10110100 8
17
05
1*
#2656000
b11110100 E
#2660000
0*
#2665000
15
b1 @
1?
1*
#2666000
b11110101 E
#2670000
0*
#2675000
0#
b101 4
0$
07
05
1*
#2676000
b11110110 E
#2680000
0*
#2685000
15
b101 <
0?
1*
#2686000
b11110111 E
#2690000
0*
#2695000
1#
b1101000 8
17
05
1*
#2696000
b11111000 E
#2700000
0*
#2705000
15
b10 @
1?
1*
#2706000
b11111001 E
#2710000
0*
#2715000
0#
b100 4
07
05
1*
#2716000
b11111010 E
#2720000
0*
#2725000
15
b100 <
0?
1*
#2726000
b11111011 E
#2730000
0*
#2735000
1#
b11010000 8
17
05
1*
#2736000
b11111100 E
#2740000
0*
#2745000
15
b100 @
1?
1*
#2746000
b11111101 E
#2750000
0*
#2755000
0#
b11 4
07
05
1*
#2756000
b11111110 E
#2760000
0*
#2765000
15
b11 <
0?
1*
#2766000
b11111111 E
#2770000
0*
#2775000
1#
b10100000 8
17
05
1*
#2776000
b100000000 E
#2780000
0*
#2785000
15
b1000 @
1?
1*
#2786000
b100000001 E
#2790000
0*
#2795000
0#
b10 4
07
05
1*
#2796000
b100000010 E
#2800000
0*
#2805000
15
b10 <
0?
1*
#2806000
b100000011 E
#2810000
0*
#2815000
1#
b1000000 8
17
05
1*
#2816000
b100000100 E
#2820000
0*
#2825000
15
b10000 @
1?
1*
#2826000
b100000101 E
#2830000
0*
#2835000
0#
b1 4
07
05
1*
#2836000
b100000110 E
#2840000
0*
#2845000
15
b1 <
0?
1*
#2846000
b100000111 E
#2850000
0*
#2855000
1#
b10000000 8
17
05
1*
#2856000
b100001000 E
#2860000
0*
#2865000
15
b100000 @
1?
1*
#2866000
b100001001 E
#2870000
0*
#2875000
0#
b0 4
07
05
1*
#2876000
b100001010 E
#2880000
0*
#2885000
15
b0 <
0?
1*
#2886000
b100001011 E
#2890000
0*
#2895000
1#
b0 8
17
05
1*
#2896000
b100001100 E
#2900000
0*
#2905000
15
b1000000 @
1?
1*
#2906000
b100001101 E
#2910000
0*
#2915000
0#
b10 :
07
05
1*
#2916000
b100001110 E
#2920000
0*
#2925000
15
0?
1*
#2926000
b100001111 E
#2930000
0*
#2935000
0;
b0 :
1'
b0 %
b0 6
1(
05
1*
#2936000
b100010000 E
#2940000
0*
#2945000
0'
b1000000 A
1!
b1000000 "
b1000000 >
1=
1*
#2946000
1.
b11111111 +
b11111111 2
b0 D
b11111111 C
b111 /
#2950000
0*
#2955000
1;
0!
b1 :
0(
b111 4
b11111111 9
1*
#2956000
0.
#2960000
0*
#2965000
15
b0 @
b111 <
0=
1*
#2966000
b100010001 E
#2970000
0*
#2975000
1#
17
05
1*
#2976000
b100010010 E
#2980000
0*
#2985000
15
1?
1*
#2986000
b100010011 E
#2990000
0*
#2995000
0#
b110 4
1$
07
05
1*
#2996000
b100010100 E
#3000000
0*
#3005000
1&
15
b110 <
b10000000 A
0?
1*
#3006000
b100010101 E
#3010000
0*
#3015000
1#
b1 8
17
05
1*
#3016000
b100010110 E
#3020000
0*
#3025000
15
b1 @
1?
1*
#3026000
b100010111 E
#3030000
0*
#3035000
0#
b101 4
07
05
1*
#3036000
b100011000 E
#3040000
0*
#3045000
0&
15
b101 <
b0 A
0?
1*
#3046000
b100011001 E
#3050000
0*
#3055000
1#
b10 8
17
05
1*
#3056000
b100011010 E
#3060000
0*
#3065000
15
b11 @
1?
1*
#3066000
b100011011 E
#3070000
0*
#3075000
0#
b100 4
07
05
1*
#3076000
b100011100 E
#3080000
0*
#3085000
15
b100 <
0?
1*
#3086000
b100011101 E
#3090000
0*
#3095000
1#
b100 8
17
05
1*
#3096000
b100011110 E
#3100000
0*
#3105000
15
b111 @
1?
1*
#3106000
b100011111 E
#3110000
0*
#3115000
0#
b11 4
07
05
1*
#3116000
b100100000 E
#3120000
0*
#3125000
15
b11 <
0?
1*
#3126000
b100100001 E
#3130000
0*
#3135000
1#
b1000 8
17
05
1*
#3136000
b100100010 E
#3140000
0*
#3145000
15
b1111 @
1?
1*
#3146000
b100100011 E
#3150000
0*
#3155000
0#
b10 4
07
05
1*
#3156000
b100100100 E
#3160000
0*
#3165000
15
b10 <
0?
1*
#3166000
b100100101 E
#3170000
0*
#3175000
1#
b10000 8
17
05
1*
#3176000
b100100110 E
#3180000
0*
#3185000
15
b11111 @
1?
1*
#3186000
b100100111 E
#3190000
0*
#3195000
0#
b1 4
07
05
1*
#3196000
b100101000 E
#3200000
0*
#3205000
15
b1 <
0?
1*
#3206000
b100101001 E
#3210000
0*
#3215000
1#
b100000 8
17
05
1*
#3216000
b100101010 E
#3220000
0*
#3225000
15
b111111 @
1?
1*
#3226000
b100101011 E
#3230000
0*
#3235000
0#
b0 4
07
05
1*
#3236000
b100101100 E
#3240000
0*
#3245000
15
b0 <
0?
1*
#3246000
b100101101 E
#3250000
0*
#3255000
1#
b1000000 8
17
05
1*
#3256000
b100101110 E
#3260000
0*
#3265000
15
b1111111 @
1?
1*
#3266000
b100101111 E
#3270000
0*
#3275000
0#
b10 :
07
05
1*
#3276000
b100110000 E
#3280000
0*
#3285000
15
0?
1*
#3286000
b100110001 E
#3290000
0*
#3295000
0;
b0 :
1'
b1000000 %
b1000000 6
0$
1(
05
1*
#3296000
b100110010 E
#3300000
0*
#3305000
0'
b1111111 A
1!
b1111111 "
b1111111 >
1=
1*
#3310000
0*
#3315000
0!
1*
#3316000
1.
b0 +
b0 2
#3320000
0*
#3325000
1;
b1 :
0(
b111 4
b0 9
1*
#3326000
0.
#3330000
0*
#3335000
b0 @
b111 <
0=
15
1*
#3336000
b100110011 E
#3340000
0*
#3345000
1#
b10000000 8
17
05
1*
#3346000
b100110100 E
#3350000
0*
#3355000
1?
15
1*
#3356000
b100110101 E
#3360000
0*
#3365000
0#
b110 4
07
05
1*
#3366000
b100110110 E
#3370000
0*
#3375000
1&
b110 <
b11111110 A
0?
15
1*
#3376000
b100110111 E
#3380000
0*
#3385000
1#
b1 8
17
05
1*
#3386000
b100111000 E
#3390000
0*
#3395000
1?
15
1*
#3396000
b100111001 E
#3400000
0*
#3405000
0#
b101 4
07
05
1*
#3406000
b100111010 E
#3410000
0*
#3415000
b101 <
b11111100 A
0?
15
1*
#3416000
b100111011 E
#3420000
0*
#3425000
1#
b11 8
17
05
1*
#3426000
b100111100 E
#3430000
0*
#3435000
1?
15
1*
#3436000
b100111101 E
#3440000
0*
#3445000
0#
b100 4
07
05
1*
#3446000
b100111110 E
#3450000
0*
#3455000
b100 <
b11111000 A
0?
15
1*
#3456000
b100111111 E
#3460000
0*
#3465000
1#
b111 8
17
05
1*
#3466000
b101000000 E
#3470000
0*
#3475000
1?
15
1*
#3476000
b101000001 E
#3480000
0*
#3485000
0#
b11 4
07
05
1*
#3486000
b101000010 E
#3490000
0*
#3495000
b11 <
b11110000 A
0?
15
1*
#3496000
b101000011 E
#3500000
0*
#3505000
1#
b1111 8
17
05
1*
#3506000
b101000100 E
#3510000
0*
#3515000
1?
15
1*
#3516000
b101000101 E
#3520000
0*
#3525000
0#
b10 4
07
05
1*
#3526000
b101000110 E
#3530000
0*
#3535000
b10 <
b11100000 A
0?
15
1*
#3536000
b101000111 E
#3540000
0*
#3545000
1#
b11111 8
17
05
1*
#3546000
b101001000 E
#3550000
0*
#3555000
1?
15
1*
#3556000
b101001001 E
#3560000
0*
#3565000
0#
b1 4
07
05
1*
#3566000
b101001010 E
#3570000
0*
#3575000
b1 <
b11000000 A
0?
15
1*
#3576000
b101001011 E
#3580000
0*
#3585000
1#
b111111 8
17
05
1*
#3586000
b101001100 E
#3590000
0*
#3595000
1?
15
1*
#3596000
b101001101 E
#3600000
0*
#3605000
0#
b0 4
07
05
1*
#3606000
b101001110 E
#3610000
0*
#3615000
b0 <
b10000000 A
0?
15
1*
#3616000
b101001111 E
#3620000
0*
#3625000
1#
b1111111 8
17
05
1*
#3626000
b101010000 E
#3630000
0*
#3635000
1?
15
1*
#3636000
b101010001 E
#3640000
0*
#3645000
0#
b10 :
07
05
1*
#3646000
b101010010 E
#3650000
0*
#3655000
0?
15
1*
#3656000
b101010011 E
#3660000
0*
#3665000
0;
b0 :
1'
b1111111 %
b1111111 6
1(
05
1*
#3666000
b101010100 E
#3670000
0*
#3675000
0&
b0 A
1!
b0 "
b0 >
1=
0'
1*
#3676000
1.
b10010010 +
b10010010 2
b10010010 ,
b1000 /
b10 1
#3680000
0*
#3685000
1;
b1 :
0(
b111 4
b10010010 9
0!
1*
#3686000
0.
#3690000
0*
#3695000
b111 <
0=
15
1*
#3696000
b101010101 E
#3700000
0*
#3705000
1#
b11111110 8
17
05
1*
#3706000
b101010110 E
#3710000
0*
#3715000
1?
15
1*
#3716000
b101010111 E
#3720000
0*
#3725000
0#
b110 4
1$
07
05
1*
#3726000
b101011000 E
#3730000
0*
#3735000
b110 <
0?
15
1*
#3736000
b101011001 E
#3740000
0*
#3745000
1#
b11111100 8
17
05
1*
#3746000
b101011010 E
#3750000
0*
#3755000
b1 @
1?
15
1*
#3756000
b101011011 E
#3760000
0*
#3765000
0#
b101 4
0$
07
05
1*
#3766000
b101011100 E
#3770000
0*
#3775000
b101 <
0?
15
1*
#3776000
b101011101 E
#3780000
0*
#3785000
1#
b11111000 8
17
05
1*
#3786000
b101011110 E
#3790000
0*
#3795000
b10 @
1?
15
1*
#3796000
b101011111 E
#3800000
0*
#3805000
0#
b100 4
07
05
1*
#3806000
b101100000 E
#3810000
0*
#3815000
b100 <
0?
15
1*
#3816000
b101100001 E
#3820000
0*
#3825000
1#
b11110000 8
17
05
1*
#3826000
b101100010 E
#3830000
0*
#3835000
b100 @
1?
15
1*
#3836000
b101100011 E
#3840000
0*
#3845000
0#
b11 4
1$
07
05
1*
#3846000
b101100100 E
#3850000
0*
#3855000
b11 <
0?
15
1*
#3856000
b101100101 E
#3860000
0*
#3865000
1#
b11100000 8
17
05
1*
#3866000
b101100110 E
#3870000
0*
#3875000
b1001 @
1?
15
1*
#3876000
b101100111 E
#3880000
0*
#3885000
0#
b10 4
0$
07
05
1*
#3886000
b101101000 E
#3890000
0*
#3895000
b10 <
0?
15
1*
#3896000
b101101001 E
#3900000
0*
#3905000
1#
b11000000 8
17
05
1*
#3906000
b101101010 E
#3910000
0*
#3915000
b10010 @
1?
15
1*
#3916000
b101101011 E
#3920000
0*
#3925000
0#
b1 4
07
05
1*
#3926000
b101101100 E
#3930000
0*
#3935000
b1 <
0?
15
1*
#3936000
b101101101 E
#3940000
0*
#3945000
1#
b10000000 8
17
05
1*
#3946000
b101101110 E
#3950000
0*
#3955000
b100100 @
1?
15
1*
#3956000
b101101111 E
#3960000
0*
#3965000
0#
b0 4
1$
07
05
1*
#3966000
b101110000 E
#3970000
0*
#3975000
b0 <
0?
15
1*
#3976000
b101110001 E
#3980000
0*
#3985000
1#
b0 8
17
05
1*
#3986000
b101110010 E
#3990000
0*
#3995000
b1001001 @
1?
15
1*
#3996000
b101110011 E
#4000000
0*
#4005000
0#
b10 :
0$
07
05
1*
#4006000
b101110100 E
#4010000
0*
#4015000
0?
15
1*
#4016000
b101110101 E
#4020000
0*
#4025000
0;
b0 :
1'
b0 %
b0 6
1(
05
1*
#4026000
b101110110 E
#4030000
0*
#4035000
b1001001 A
1!
b1001001 "
b1001001 >
1=
0'
1*
#4040000
0*
#4045000
0!
1*
#4046000
1.
b1000000 +
b1000000 2
b1000000 B
b0 0
#4050000
0*
#4055000
1;
b1 :
0(
b111 4
b1000000 9
1*
#4056000
0.
#4060000
0*
#4065000
15
b0 @
b111 <
0=
1*
#4066000
b101110111 E
#4070000
0*
#4075000
1#
17
05
1*
#4076000
b101111000 E
#4080000
0*
#4085000
15
1?
1*
#4086000
b101111001 E
#4090000
0*
#4095000
0#
b110 4
07
05
1*
#4096000
b101111010 E
#4100000
0*
#4105000
1&
15
b110 <
b10010010 A
0?
1*
#4106000
b101111011 E
#4110000
0*
#4115000
1#
b1 8
17
05
1*
#4116000
b101111100 E
#4120000
0*
#4125000
15
1?
1*
#4126000
b101111101 E
#4130000
0*
#4135000
0#
b101 4
1$
07
05
1*
#4136000
b101111110 E
#4140000
0*
#4145000
0&
15
b101 <
b100100 A
0?
1*
#4146000
b101111111 E
#4150000
0*
#4155000
1#
b10 8
17
05
1*
#4156000
b110000000 E
#4160000
0*
#4165000
15
b1 @
1?
1*
#4166000
b110000001 E
#4170000
0*
#4175000
0#
b100 4
0$
07
05
1*
#4176000
b110000010 E
#4180000
0*
#4185000
15
b100 <
b1001000 A
0?
1*
#4186000
b110000011 E
#4190000
0*
#4195000
1#
b100 8
17
05
1*
#4196000
b110000100 E
#4200000
0*
#4205000
15
b10 @
1?
1*
#4206000
b110000101 E
#4210000
0*
#4215000
0#
b11 4
07
05
1*
#4216000
b110000110 E
#4220000
0*
#4225000
1&
15
b11 <
b10010000 A
0?
1*
#4226000
b110000111 E
#4230000
0*
#4235000
1#
b1001 8
17
05
1*
#4236000
b110001000 E
#4240000
0*
#4245000
15
b100 @
1?
1*
#4246000
b110001001 E
#4250000
0*
#4255000
0#
b10 4
07
05
1*
#4256000
b110001010 E
#4260000
0*
#4265000
0&
15
b10 <
b100000 A
0?
1*
#4266000
b110001011 E
#4270000
0*
#4275000
1#
b10010 8
17
05
1*
#4276000
b110001100 E
#4280000
0*
#4285000
15
b1000 @
1?
1*
#4286000
b110001101 E
#4290000
0*
#4295000
0#
b1 4
07
05
1*
#4296000
b110001110 E
#4300000
0*
#4305000
15
b1 <
b1000000 A
0?
1*
#4306000
b110001111 E
#4310000
0*
#4315000
1#
b100100 8
17
05
1*
#4316000
b110010000 E
#4320000
0*
#4325000
15
b10000 @
1?
1*
#4326000
b110010001 E
#4330000
0*
#4335000
0#
b0 4
07
05
1*
#4336000
b110010010 E
#4340000
0*
#4345000
1&
15
b0 <
b10000000 A
0?
1*
#4346000
b110010011 E
#4350000
0*
#4355000
1#
b1001001 8
17
05
1*
#4356000
b110010100 E
#4360000
0*
#4365000
15
b100000 @
1?
1*
#4366000
b110010101 E
#4370000
0*
#4375000
0#
b10 :
07
05
1*
#4376000
b110010110 E
#4380000
0*
#4385000
15
0?
1*
#4386000
b110010111 E
#4390000
0*
#4395000
0;
b0 :
1'
b1001001 %
b1001001 6
1(
05
1*
#4396000
b110011000 E
#4400000
0*
#4405000
0&
0'
b100000 A
1!
b100000 "
b100000 >
1=
1*
#4406000
b1000000 ,
b1001 /
#4410000
0*
#4415000
0!
1*
#4416000
1.
b100 +
b100 2
b100 B
b1 0
#4420000
0*
#4425000
1;
b1 :
0(
b111 4
b100 9
1*
#4426000
0.
#4430000
0*
#4435000
b0 @
b111 <
0=
15
1*
#4436000
b110011001 E
#4440000
0*
#4445000
1#
b10010010 8
17
05
1*
#4446000
b110011010 E
#4450000
0*
#4455000
1?
15
1*
#4456000
b110011011 E
#4460000
0*
#4465000
0#
b110 4
07
05
1*
#4466000
b110011100 E
#4470000
0*
#4475000
b110 <
b1000000 A
0?
15
1*
#4476000
b110011101 E
#4480000
0*
#4485000
1#
b100100 8
17
05
1*
#4486000
b110011110 E
#4490000
0*
#4495000
1?
15
1*
#4496000
b110011111 E
#4500000
0*
#4505000
0#
b101 4
07
05
1*
#4506000
b110100000 E
#4510000
0*
#4515000
1&
b101 <
b10000000 A
0?
15
1*
#4516000
b110100001 E
#4520000
0*
#4525000
1#
b1001001 8
17
05
1*
#4526000
b110100010 E
#4530000
0*
#4535000
1?
15
1*
#4536000
b110100011 E
#4540000
0*
#4545000
0#
b100 4
07
05
1*
#4546000
b110100100 E
#4550000
0*
#4555000
0&
b100 <
b0 A
0?
15
1*
#4556000
b110100101 E
#4560000
0*
#4565000
1#
b10010010 8
17
05
1*
#4566000
b110100110 E
#4570000
0*
#4575000
1?
15
1*
#4576000
b110100111 E
#4580000
0*
#4585000
0#
b11 4
07
05
1*
#4586000
b110101000 E
#4590000
0*
#4595000
b11 <
0?
15
1*
#4596000
b110101001 E
#4600000
0*
#4605000
1#
b100100 8
17
05
1*
#4606000
b110101010 E
#4610000
0*
#4615000
1?
15
1*
#4616000
b110101011 E
#4620000
0*
#4625000
0#
b10 4
07
05
1*
#4626000
b110101100 E
#4630000
0*
#4635000
b10 <
0?
15
1*
#4636000
b110101101 E
#4640000
0*
#4645000
1#
b1001000 8
17
05
1*
#4646000
b110101110 E
#4650000
0*
#4655000
1?
15
1*
#4656000
b110101111 E
#4660000
0*
#4665000
0#
b1 4
1$
07
05
1*
#4666000
b110110000 E
#4670000
0*
#4675000
b1 <
0?
15
1*
#4676000
b110110001 E
#4680000
0*
#4685000
1#
b10010000 8
17
05
1*
#4686000
b110110010 E
#4690000
0*
#4695000
b1 @
1?
15
1*
#4696000
b110110011 E
#4700000
0*
#4705000
0#
b0 4
0$
07
05
1*
#4706000
b110110100 E
#4710000
0*
#4715000
b0 <
0?
15
1*
#4716000
b110110101 E
#4720000
0*
#4725000
1#
b100000 8
17
05
1*
#4726000
b110110110 E
#4730000
0*
#4735000
b10 @
1?
15
1*
#4736000
b110110111 E
#4740000
0*
#4745000
0#
b10 :
07
05
1*
#4746000
b110111000 E
#4750000
0*
#4755000
0?
15
1*
#4756000
b110111001 E
#4760000
0*
#4765000
0;
b0 :
1'
b100000 %
b100000 6
1(
05
1*
#4766000
b110111010 E
#4770000
0*
#4775000
b10 A
1!
b10 "
b10 >
1=
0'
1*
#4776000
b100 ,
b1010 /
#4780000
0*
#4785000
0!
1*
#4786000
1.
b110001 +
b110001 2
b110001 B
b10 0
#4790000
0*
#4795000
1;
b1 :
0(
b111 4
b110001 9
1*
#4796000
0.
#4800000
0*
#4805000
15
b0 @
b111 <
0=
1*
#4806000
b110111011 E
#4810000
0*
#4815000
1#
b1000000 8
17
05
1*
#4816000
b110111100 E
#4820000
0*
#4825000
15
1?
1*
#4826000
b110111101 E
#4830000
0*
#4835000
0#
b110 4
07
05
1*
#4836000
b110111110 E
#4840000
0*
#4845000
15
b110 <
b100 A
0?
1*
#4846000
b110111111 E
#4850000
0*
#4855000
1#
b10000000 8
17
05
1*
#4856000
b111000000 E
#4860000
0*
#4865000
15
1?
1*
#4866000
b111000001 E
#4870000
0*
#4875000
0#
b101 4
07
05
1*
#4876000
b111000010 E
#4880000
0*
#4885000
15
b101 <
b1000 A
0?
1*
#4886000
b111000011 E
#4890000
0*
#4895000
1#
b0 8
17
05
1*
#4896000
b111000100 E
#4900000
0*
#4905000
15
1?
1*
#4906000
b111000101 E
#4910000
0*
#4915000
0#
b100 4
1$
07
05
1*
#4916000
b111000110 E
#4920000
0*
#4925000
15
b100 <
b10000 A
0?
1*
#4926000
b111000111 E
#4930000
0*
#4935000
1#
17
05
1*
#4936000
b111001000 E
#4940000
0*
#4945000
15
b1 @
1?
1*
#4946000
b111001001 E
#4950000
0*
#4955000
0#
b11 4
07
05
1*
#4956000
b111001010 E
#4960000
0*
#4965000
15
b11 <
b100000 A
0?
1*
#4966000
b111001011 E
#4970000
0*
#4975000
1#
17
05
1*
#4976000
b111001100 E
#4980000
0*
#4985000
15
b11 @
1?
1*
#4986000
b111001101 E
#4990000
0*
#4995000
0#
b10 4
0$
07
05
1*
#4996000
b111001110 E
#5000000
0*
#5005000
15
b10 <
b1000000 A
0?
1*
#5006000
b111001111 E
#5010000
0*
#5015000
1#
17
05
1*
#5016000
b111010000 E
#5020000
0*
#5025000
15
b110 @
1?
1*
#5026000
b111010001 E
#5030000
0*
#5035000
0#
b1 4
07
05
1*
#5036000
b111010010 E
#5040000
0*
#5045000
1&
15
b1 <
b10000000 A
0?
1*
#5046000
b111010011 E
#5050000
0*
#5055000
1#
b1 8
17
05
1*
#5056000
b111010100 E
#5060000
0*
#5065000
15
b1100 @
1?
1*
#5066000
b111010101 E
#5070000
0*
#5075000
0#
b0 4
07
05
1*
#5076000
b111010110 E
#5080000
0*
#5085000
0&
15
b0 <
b0 A
0?
1*
#5086000
b111010111 E
#5090000
0*
#5095000
1#
b10 8
17
05
1*
#5096000
b111011000 E
#5100000
0*
#5105000
15
b11000 @
1?
1*
#5106000
b111011001 E
#5110000
0*
#5115000
0#
b10 :
1$
07
05
1*
#5116000
b111011010 E
#5120000
0*
#5125000
15
0?
1*
#5126000
b111011011 E
#5130000
0*
#5135000
0;
b0 :
1'
b10 %
b10 6
0$
1(
05
1*
#5136000
b111011100 E
#5140000
0*
#5145000
0'
b11000 A
1!
b11000 "
b11000 >
1=
1*
#5146000
b110001 ,
b1011 /
#5150000
0*
#5155000
0!
1*
#5156000
1.
b10000110 +
b10000110 2
b10000110 B
b11 0
#5160000
0*
#5165000
1;
b1 :
0(
b111 4
b10000110 9
1*
#5166000
0.
#5170000
0*
#5175000
b0 @
b111 <
0=
15
1*
#5176000
b111011101 E
#5180000
0*
#5185000
1#
b100 8
17
05
1*
#5186000
b111011110 E
#5190000
0*
#5195000
1?
15
1*
#5196000
b111011111 E
#5200000
0*
#5205000
0#
b110 4
1$
07
05
1*
#5206000
b111100000 E
#5210000
0*
#5215000
b110 <
b110000 A
0?
15
1*
#5216000
b111100001 E
#5220000
0*
#5225000
1#
b1000 8
17
05
1*
#5226000
b111100010 E
#5230000
0*
#5235000
b1 @
1?
15
1*
#5236000
b111100011 E
#5240000
0*
#5245000
0#
b101 4
0$
07
05
1*
#5246000
b111100100 E
#5250000
0*
#5255000
b101 <
b1100000 A
0?
15
1*
#5256000
b111100101 E
#5260000
0*
#5265000
1#
b10000 8
17
05
1*
#5266000
b111100110 E
#5270000
0*
#5275000
b10 @
1?
15
1*
#5276000
b111100111 E
#5280000
0*
#5285000
0#
b100 4
07
05
1*
#5286000
b111101000 E
#5290000
0*
#5295000
1&
b100 <
b11000000 A
0?
15
1*
#5296000
b111101001 E
#5300000
0*
#5305000
1#
b100001 8
17
05
1*
#5306000
b111101010 E
#5310000
0*
#5315000
b100 @
1?
15
1*
#5316000
b111101011 E
#5320000
0*
#5325000
0#
b11 4
07
05
1*
#5326000
b111101100 E
#5330000
0*
#5335000
b11 <
b10000000 A
0?
15
1*
#5336000
b111101101 E
#5340000
0*
#5345000
1#
b1000011 8
17
05
1*
#5346000
b111101110 E
#5350000
0*
#5355000
b1000 @
1?
15
1*
#5356000
b111101111 E
#5360000
0*
#5365000
0#
b10 4
07
05
1*
#5366000
b111110000 E
#5370000
0*
#5375000
0&
b10 <
b0 A
0?
15
1*
#5376000
b111110001 E
#5380000
0*
#5385000
1#
b10000110 8
17
05
1*
#5386000
b111110010 E
#5390000
0*
#5395000
b10000 @
1?
15
1*
#5396000
b111110011 E
#5400000
0*
#5405000
0#
b1 4
1$
07
05
1*
#5406000
b111110100 E
#5410000
0*
#5415000
b1 <
0?
15
1*
#5416000
b111110101 E
#5420000
0*
#5425000
1#
b1100 8
17
05
1*
#5426000
b111110110 E
#5430000
0*
#5435000
b100001 @
1?
15
1*
#5436000
b111110111 E
#5440000
0*
#5445000
0#
b0 4
07
05
1*
#5446000
b111111000 E
#5450000
0*
#5455000
b0 <
0?
15
1*
#5456000
b111111001 E
#5460000
0*
#5465000
1#
b11000 8
17
05
1*
#5466000
b111111010 E
#5470000
0*
#5475000
b1000011 @
1?
15
1*
#5476000
b111111011 E
#5480000
0*
#5485000
0#
b10 :
0$
07
05
1*
#5486000
b111111100 E
#5490000
0*
#5495000
0?
15
1*
#5496000
b111111101 E
#5500000
0*
#5505000
0;
b0 :
1'
b11000 %
b11000 6
1(
05
1*
#5506000
b111111110 E
#5510000
0*
#5515000
b1000011 A
1!
b1000011 "
b1000011 >
1=
0'
1*
#5516000
b10000110 ,
b1100 /
#5520000
0*
#5525000
0!
1*
#5526000
1.
b11000110 +
b11000110 2
b11000110 B
b100 0
#5530000
0*
#5535000
1;
b1 :
0(
b111 4
b11000110 9
1*
#5536000
0.
#5540000
0*
#5545000
15
b0 @
b111 <
0=
1*
#5546000
b111111111 E
#5550000
0*
#5555000
1#
b110000 8
17
05
1*
#5556000
b1000000000 E
#5560000
0*
#5565000
15
1?
1*
#5566000
b1000000001 E
#5570000
0*
#5575000
0#
b110 4
1$
07
05
1*
#5576000
b1000000010 E
#5580000
0*
#5585000
1&
15
b110 <
b10000110 A
0?
1*
#5586000
b1000000011 E
#5590000
0*
#5595000
1#
b1100001 8
17
05
1*
#5596000
b1000000100 E
#5600000
0*
#5605000
15
b1 @
1?
1*
#5606000
b1000000101 E
#5610000
0*
#5615000
0#
b101 4
07
05
1*
#5616000
b1000000110 E
#5620000
0*
#5625000
0&
15
b101 <
b1100 A
0?
1*
#5626000
b1000000111 E
#5630000
0*
#5635000
1#
b11000010 8
17
05
1*
#5636000
b1000001000 E
#5640000
0*
#5645000
15
b11 @
1?
1*
#5646000
b1000001001 E
#5650000
0*
#5655000
0#
b100 4
0$
07
05
1*
#5656000
b1000001010 E
#5660000
0*
#5665000
15
b100 <
b11000 A
0?
1*
#5666000
b1000001011 E
#5670000
0*
#5675000
1#
b10000100 8
17
05
1*
#5676000
b1000001100 E
#5680000
0*
#5685000
15
b110 @
1?
1*
#5686000
b1000001101 E
#5690000
0*
#5695000
0#
b11 4
07
05
1*
#5696000
b1000001110 E
#5700000
0*
#5705000
15
b11 <
b110000 A
0?
1*
#5706000
b1000001111 E
#5710000
0*
#5715000
1#
b1000 8
17
05
1*
#5716000
b1000010000 E
#5720000
0*
#5725000
15
b1100 @
1?
1*
#5726000
b1000010001 E
#5730000
0*
#5735000
0#
b10 4
07
05
1*
#5736000
b1000010010 E
#5740000
0*
#5745000
15
b10 <
b1100000 A
0?
1*
#5746000
b1000010011 E
#5750000
0*
#5755000
1#
b10000 8
17
05
1*
#5756000
b1000010100 E
#5760000
0*
#5765000
15
b11000 @
1?
1*
#5766000
b1000010101 E
#5770000
0*
#5775000
0#
b1 4
1$
07
05
1*
#5776000
b1000010110 E
#5780000
0*
#5785000
1&
15
b1 <
b11000000 A
0?
1*
#5786000
b1000010111 E
#5790000
0*
#5795000
1#
b100001 8
17
05
1*
#5796000
b1000011000 E
#5800000
0*
#5805000
15
b110001 @
1?
1*
#5806000
b1000011001 E
#5810000
0*
#5815000
0#
b0 4
07
05
1*
#5816000
b1000011010 E
#5820000
0*
#5825000
15
b0 <
b10000000 A
0?
1*
#5826000
b1000011011 E
#5830000
0*
#5835000
1#
b1000011 8
17
05
1*
#5836000
b1000011100 E
#5840000
0*
#5845000
15
b1100011 @
1?
1*
#5846000
b1000011101 E
#5850000
0*
#5855000
0#
b10 :
0$
07
05
1*
#5856000
b1000011110 E
#5860000
0*
#5865000
15
0?
1*
#5866000
b1000011111 E
#5870000
0*
#5875000
0;
b0 :
1'
b1000011 %
b1000011 6
1(
05
1*
#5876000
b1000100000 E
#5880000
0*
#5885000
0&
0'
b1100011 A
1!
b1100011 "
b1100011 >
1=
1*
#5886000
b11000110 ,
b1101 /
#5890000
0*
#5895000
0!
1*
#5896000
1.
b110010 +
b110010 2
b110010 B
b101 0
#5900000
0*
#5905000
1;
b1 :
0(
b111 4
b110010 9
1*
#5906000
0.
#5910000
0*
#5915000
b0 @
b111 <
0=
15
1*
#5916000
b1000100001 E
#5920000
0*
#5925000
1#
b10000110 8
17
05
1*
#5926000
b1000100010 E
#5930000
0*
#5935000
1?
15
1*
#5936000
b1000100011 E
#5940000
0*
#5945000
0#
b110 4
07
05
1*
#5946000
b1000100100 E
#5950000
0*
#5955000
1&
b110 <
b11000110 A
0?
15
1*
#5956000
b1000100101 E
#5960000
0*
#5965000
1#
b1101 8
17
05
1*
#5966000
b1000100110 E
#5970000
0*
#5975000
1?
15
1*
#5976000
b1000100111 E
#5980000
0*
#5985000
0#
b101 4
07
05
1*
#5986000
b1000101000 E
#5990000
0*
#5995000
b101 <
b10001100 A
0?
15
1*
#5996000
b1000101001 E
#6000000
0*
#6005000
1#
b11011 8
17
05
1*
#6006000
b1000101010 E
#6010000
0*
#6015000
1?
15
1*
#6016000
b1000101011 E
#6020000
0*
#6025000
0#
b100 4
1$
07
05
1*
#6026000
b1000101100 E
#6030000
0*
#6035000
0&
b100 <
b11000 A
0?
15
1*
#6036000
b1000101101 E
#6040000
0*
#6045000
1#
b110110 8
17
05
1*
#6046000
b1000101110 E
#6050000
0*
#6055000
b1 @
1?
15
1*
#6056000
b1000101111 E
#6060000
0*
#6065000
0#
b11 4
07
05
1*
#6066000
b1000110000 E
#6070000
0*
#6075000
b11 <
b110000 A
0?
15
1*
#6076000
b1000110001 E
#6080000
0*
#6085000
1#
b1101100 8
17
05
1*
#6086000
b1000110010 E
#6090000
0*
#6095000
b11 @
1?
15
1*
#6096000
b1000110011 E
#6100000
0*
#6105000
0#
b10 4
0$
07
05
1*
#6106000
b1000110100 E
#6110000
0*
#6115000
b10 <
b1100000 A
0?
15
1*
#6116000
b1000110101 E
#6120000
0*
#6125000
1#
b11011000 8
17
05
1*
#6126000
b1000110110 E
#6130000
0*
#6135000
b110 @
1?
15
1*
#6136000
b1000110111 E
#6140000
0*
#6145000
0#
b1 4
07
05
1*
#6146000
b1000111000 E
#6150000
0*
#6155000
1&
b1 <
b11000000 A
0?
15
1*
#6156000
b1000111001 E
#6160000
0*
#6165000
1#
b10110001 8
17
05
1*
#6166000
b1000111010 E
#6170000
0*
#6175000
b1100 @
1?
15
1*
#6176000
b1000111011 E
#6180000
0*
#6185000
0#
b0 4
1$
07
05
1*
#6186000
b1000111100 E
#6190000
0*
#6195000
b0 <
b10000000 A
0?
15
1*
#6196000
b1000111101 E
#6200000
0*
#6205000
1#
b1100011 8
17
05
1*
#6206000
b1000111110 E
#6210000
0*
#6215000
b11001 @
1?
15
1*
#6216000
b1000111111 E
#6220000
0*
#6225000
0#
b10 :
0$
07
05
1*
#6226000
b1001000000 E
#6230000
0*
#6235000
0?
15
1*
#6236000
b1001000001 E
#6240000
0*
#6245000
0;
b0 :
1'
b1100011 %
b1100011 6
1(
05
1*
#6246000
b1001000010 E
#6250000
0*
#6255000
0&
b11001 A
1!
b11001 "
b11001 >
1=
0'
1*
#6256000
b110010 ,
b1110 /
#6260000
0*
#6265000
0!
1*
#6266000
1.
b1001 +
b1001 2
b1001 B
b110 0
#6270000
0*
#6275000
1;
b1 :
0(
b111 4
b1001 9
1*
#6276000
0.
#6280000
0*
#6285000
15
b0 @
b111 <
0=
1*
#6286000
b1001000011 E
#6290000
0*
#6295000
1#
b11000110 8
17
05
1*
#6296000
b1001000100 E
#6300000
0*
#6305000
15
1?
1*
#6306000
b1001000101 E
#6310000
0*
#6315000
0#
b110 4
07
05
1*
#6316000
b1001000110 E
#6320000
0*
#6325000
15
b110 <
b110010 A
0?
1*
#6326000
b1001000111 E
#6330000
0*
#6335000
1#
b10001100 8
17
05
1*
#6336000
b1001001000 E
#6340000
0*
#6345000
15
1?
1*
#6346000
b1001001001 E
#6350000
0*
#6355000
0#
b101 4
07
05
1*
#6356000
b1001001010 E
#6360000
0*
#6365000
15
b101 <
b1100100 A
0?
1*
#6366000
b1001001011 E
#6370000
0*
#6375000
1#
b11000 8
17
05
1*
#6376000
b1001001100 E
#6380000
0*
#6385000
15
1?
1*
#6386000
b1001001101 E
#6390000
0*
#6395000
0#
b100 4
07
05
1*
#6396000
b1001001110 E
#6400000
0*
#6405000
1&
15
b100 <
b11001000 A
0?
1*
#6406000
b1001001111 E
#6410000
0*
#6415000
1#
b110001 8
17
05
1*
#6416000
b1001010000 E
#6420000
0*
#6425000
15
1?
1*
#6426000
b1001010001 E
#6430000
0*
#6435000
0#
b11 4
07
05
1*
#6436000
b1001010010 E
#6440000
0*
#6445000
15
b11 <
b10010000 A
0?
1*
#6446000
b1001010011 E
#6450000
0*
#6455000
1#
b1100011 8
17
05
1*
#6456000
b1001010100 E
#6460000
0*
#6465000
15
1?
1*
#6466000
b1001010101 E
#6470000
0*
#6475000
0#
b10 4
1$
07
05
1*
#6476000
b1001010110 E
#6480000
0*
#6485000
0&
15
b10 <
b100000 A
0?
1*
#6486000
b1001010111 E
#6490000
0*
#6495000
1#
b11000110 8
17
05
1*
#6496000
b1001011000 E
#6500000
0*
#6505000
15
b1 @
1?
1*
#6506000
b1001011001 E
#6510000
0*
#6515000
0#
b1 4
0$
07
05
1*
#6516000
b1001011010 E
#6520000
0*
#6525000
15
b1 <
b1000000 A
0?
1*
#6526000
b1001011011 E
#6530000
0*
#6535000
1#
b10001100 8
17
05
1*
#6536000
b1001011100 E
#6540000
0*
#6545000
15
b10 @
1?
1*
#6546000
b1001011101 E
#6550000
0*
#6555000
0#
b0 4
07
05
1*
#6556000
b1001011110 E
#6560000
0*
#6565000
1&
15
b0 <
b10000000 A
0?
1*
#6566000
b1001011111 E
#6570000
0*
#6575000
1#
b11001 8
17
05
1*
#6576000
b1001100000 E
#6580000
0*
#6585000
15
b100 @
1?
1*
#6586000
b1001100001 E
#6590000
0*
#6595000
0#
b10 :
1$
07
05
1*
#6596000
b1001100010 E
#6600000
0*
#6605000
15
0?
1*
#6606000
b1001100011 E
#6610000
0*
#6615000
0;
b0 :
1'
b11001 %
b11001 6
0$
1(
05
1*
#6616000
b1001100100 E
#6620000
0*
#6625000
0&
0'
b100 A
1!
b100 "
b100 >
1=
1*
#6626000
b1001 ,
b1111 /
#6630000
0*
#6635000
0!
1*
#6636000
1.
b10000000 +
b10000000 2
b10000000 B
b111 0
#6640000
0*
#6645000
1;
b1 :
0(
b111 4
b10000000 9
1*
#6646000
0.
#6650000
0*
#6655000
b0 @
b111 <
0=
15
1*
#6656000
b1001100101 E
#6660000
0*
#6665000
1#
b110010 8
17
05
1*
#6666000
b1001100110 E
#6670000
0*
#6675000
1?
15
1*
#6676000
b1001100111 E
#6680000
0*
#6685000
0#
b110 4
1$
07
05
1*
#6686000
b1001101000 E
#6690000
0*
#6695000
b110 <
b1000 A
0?
15
1*
#6696000
b1001101001 E
#6700000
0*
#6705000
1#
b1100100 8
17
05
1*
#6706000
b1001101010 E
#6710000
0*
#6715000
b1 @
1?
15
1*
#6716000
b1001101011 E
#6720000
0*
#6725000
0#
b101 4
0$
07
05
1*
#6726000
b1001101100 E
#6730000
0*
#6735000
b101 <
b10000 A
0?
15
1*
#6736000
b1001101101 E
#6740000
0*
#6745000
1#
b11001000 8
17
05
1*
#6746000
b1001101110 E
#6750000
0*
#6755000
b10 @
1?
15
1*
#6756000
b1001101111 E
#6760000
0*
#6765000
0#
b100 4
07
05
1*
#6766000
b1001110000 E
#6770000
0*
#6775000
b100 <
b100000 A
0?
15
1*
#6776000
b1001110001 E
#6780000
0*
#6785000
1#
b10010000 8
17
05
1*
#6786000
b1001110010 E
#6790000
0*
#6795000
b100 @
1?
15
1*
#6796000
b1001110011 E
#6800000
0*
#6805000
0#
b11 4
07
05
1*
#6806000
b1001110100 E
#6810000
0*
#6815000
b11 <
b1000000 A
0?
15
1*
#6816000
b1001110101 E
#6820000
0*
#6825000
1#
b100000 8
17
05
1*
#6826000
b1001110110 E
#6830000
0*
#6835000
b1000 @
1?
15
1*
#6836000
b1001110111 E
#6840000
0*
#6845000
0#
b10 4
07
05
1*
#6846000
b1001111000 E
#6850000
0*
#6855000
1&
b10 <
b10000000 A
0?
15
1*
#6856000
b1001111001 E
#6860000
0*
#6865000
1#
b1000001 8
17
05
1*
#6866000
b1001111010 E
#6870000
0*
#6875000
b10000 @
1?
15
1*
#6876000
b1001111011 E
#6880000
0*
#6885000
0#
b1 4
07
05
1*
#6886000
b1001111100 E
#6890000
0*
#6895000
0&
b1 <
b0 A
0?
15
1*
#6896000
b1001111101 E
#6900000
0*
#6905000
1#
b10000010 8
17
05
1*
#6906000
b1001111110 E
#6910000
0*
#6915000
b100000 @
1?
15
1*
#6916000
b1001111111 E
#6920000
0*
#6925000
0#
b0 4
07
05
1*
#6926000
b1010000000 E
#6930000
0*
#6935000
b0 <
0?
15
1*
#6936000
b1010000001 E
#6940000
0*
#6945000
1#
b100 8
17
05
1*
#6946000
b1010000010 E
#6950000
0*
#6955000
b1000000 @
1?
15
1*
#6956000
b1010000011 E
#6960000
0*
#6965000
0#
b10 :
07
05
1*
#6966000
b1010000100 E
#6970000
0*
#6975000
0?
15
1*
#6976000
b1010000101 E
#6980000
0*
#6985000
0;
b0 :
1'
b100 %
b100 6
1(
05
1*
#6986000
b1010000110 E
#6990000
0*
#6995000
b1000000 A
1!
b1000000 "
b1000000 >
1=
0'
1*
#6996000
b10000000 ,
b10000 /
#7000000
0*
#7005000
0!
1*
#7006000
1.
b10000110 +
b10000110 2
b10000110 B
b1000 0
#7010000
0*
#7015000
1;
b1 :
0(
b111 4
b10000110 9
1*
#7016000
0.
#7020000
0*
#7025000
15
b0 @
b111 <
0=
1*
#7026000
b1010000111 E
#7030000
0*
#7035000
1#
b1000 8
17
05
1*
#7036000
b1010001000 E
#7040000
0*
#7045000
15
1?
1*
#7046000
b1010001001 E
#7050000
0*
#7055000
0#
b110 4
1$
07
05
1*
#7056000
b1010001010 E
#7060000
0*
#7065000
1&
15
b110 <
b10000000 A
0?
1*
#7066000
b1010001011 E
#7070000
0*
#7075000
1#
b10001 8
17
05
1*
#7076000
b1010001100 E
#7080000
0*
#7085000
15
b1 @
1?
1*
#7086000
b1010001101 E
#7090000
0*
#7095000
0#
b101 4
0$
07
05
1*
#7096000
b1010001110 E
#7100000
0*
#7105000
0&
15
b101 <
b0 A
0?
1*
#7106000
b1010001111 E
#7110000
0*
#7115000
1#
b100010 8
17
05
1*
#7116000
b1010010000 E
#7120000
0*
#7125000
15
b10 @
1?
1*
#7126000
b1010010001 E
#7130000
0*
#7135000
0#
b100 4
07
05
1*
#7136000
b1010010010 E
#7140000
0*
#7145000
15
b100 <
0?
1*
#7146000
b1010010011 E
#7150000
0*
#7155000
1#
b1000100 8
17
05
1*
#7156000
b1010010100 E
#7160000
0*
#7165000
15
b100 @
1?
1*
#7166000
b1010010101 E
#7170000
0*
#7175000
0#
b11 4
07
05
1*
#7176000
b1010010110 E
#7180000
0*
#7185000
15
b11 <
0?
1*
#7186000
b1010010111 E
#7190000
0*
#7195000
1#
b10001000 8
17
05
1*
#7196000
b1010011000 E
#7200000
0*
#7205000
15
b1000 @
1?
1*
#7206000
b1010011001 E
#7210000
0*
#7215000
0#
b10 4
07
05
1*
#7216000
b1010011010 E
#7220000
0*
#7225000
15
b10 <
0?
1*
#7226000
b1010011011 E
#7230000
0*
#7235000
1#
b10000 8
17
05
1*
#7236000
b1010011100 E
#7240000
0*
#7245000
15
b10000 @
1?
1*
#7246000
b1010011101 E
#7250000
0*
#7255000
0#
b1 4
1$
07
05
1*
#7256000
b1010011110 E
#7260000
0*
#7265000
15
b1 <
0?
1*
#7266000
b1010011111 E
#7270000
0*
#7275000
1#
b100000 8
17
05
1*
#7276000
b1010100000 E
#7280000
0*
#7285000
15
b100001 @
1?
1*
#7286000
b1010100001 E
#7290000
0*
#7295000
0#
b0 4
07
05
1*
#7296000
b1010100010 E
#7300000
0*
#7305000
15
b0 <
0?
1*
#7306000
b1010100011 E
#7310000
0*
#7315000
1#
b1000000 8
17
05
1*
#7316000
b1010100100 E
#7320000
0*
#7325000
15
b1000011 @
1?
1*
#7326000
b1010100101 E
#7330000
0*
#7335000
0#
b10 :
0$
07
05
1*
#7336000
b1010100110 E
#7340000
0*
#7345000
15
0?
1*
#7346000
b1010100111 E
#7350000
0*
#7355000
0;
b0 :
1'
b1000000 %
b1000000 6
1(
05
1*
#7356000
b1010101000 E
#7360000
0*
#7365000
0'
b1000011 A
1!
b1000011 "
b1000011 >
1=
1*
#7366000
b10000110 ,
b10001 /
#7370000
0*
#7375000
0!
1*
#7376000
1.
b10111011 +
b10111011 2
b10111011 B
b1001 0
#7380000
0*
#7385000
1;
b1 :
0(
b111 4
b10111011 9
1*
#7386000
0.
#7390000
0*
#7395000
b0 @
b111 <
0=
15
1*
#7396000
b1010101001 E
#7400000
0*
#7405000
1#
b10000000 8
17
05
1*
#7406000
b1010101010 E
#7410000
0*
#7415000
1?
15
1*
#7416000
b1010101011 E
#7420000
0*
#7425000
0#
b110 4
1$
07
05
1*
#7426000
b1010101100 E
#7430000
0*
#7435000
1&
b110 <
b10000110 A
0?
15
1*
#7436000
b1010101101 E
#7440000
0*
#7445000
1#
b1 8
17
05
1*
#7446000
b1010101110 E
#7450000
0*
#7455000
b1 @
1?
15
1*
#7456000
b1010101111 E
#7460000
0*
#7465000
0#
b101 4
0$
07
05
1*
#7466000
b1010110000 E
#7470000
0*
#7475000
0&
b101 <
b1100 A
0?
15
1*
#7476000
b1010110001 E
#7480000
0*
#7485000
1#
b10 8
17
05
1*
#7486000
b1010110010 E
#7490000
0*
#7495000
b10 @
1?
15
1*
#7496000
b1010110011 E
#7500000
0*
#7505000
0#
b100 4
1$
07
05
1*
#7506000
b1010110100 E
#7510000
0*
#7515000
b100 <
b11000 A
0?
15
1*
#7516000
b1010110101 E
#7520000
0*
#7525000
1#
b100 8
17
05
1*
#7526000
b1010110110 E
#7530000
0*
#7535000
b101 @
1?
15
1*
#7536000
b1010110111 E
#7540000
0*
#7545000
0#
b11 4
07
05
1*
#7546000
b1010111000 E
#7550000
0*
#7555000
b11 <
b110000 A
0?
15
1*
#7556000
b1010111001 E
#7560000
0*
#7565000
1#
b1000 8
17
05
1*
#7566000
b1010111010 E
#7570000
0*
#7575000
b1011 @
1?
15
1*
#7576000
b1010111011 E
#7580000
0*
#7585000
0#
b10 4
07
05
1*
#7586000
b1010111100 E
#7590000
0*
#7595000
b10 <
b1100000 A
0?
15
1*
#7596000
b1010111101 E
#7600000
0*
#7605000
1#
b10000 8
17
05
1*
#7606000
b1010111110 E
#7610000
0*
#7615000
b10111 @
1?
15
1*
#7616000
b1010111111 E
#7620000
0*
#7625000
0#
b1 4
0$
07
05
1*
#7626000
b1011000000 E
#7630000
0*
#7635000
1&
b1 <
b11000000 A
0?
15
1*
#7636000
b1011000001 E
#7640000
0*
#7645000
1#
b100001 8
17
05
1*
#7646000
b1011000010 E
#7650000
0*
#7655000
b101110 @
1?
15
1*
#7656000
b1011000011 E
#7660000
0*
#7665000
0#
b0 4
1$
07
05
1*
#7666000
b1011000100 E
#7670000
0*
#7675000
b0 <
b10000000 A
0?
15
1*
#7676000
b1011000101 E
#7680000
0*
#7685000
1#
b1000011 8
17
05
1*
#7686000
b1011000110 E
#7690000
0*
#7695000
b1011101 @
1?
15
1*
#7696000
b1011000111 E
#7700000
0*
#7705000
0#
b10 :
07
05
1*
#7706000
b1011001000 E
#7710000
0*
#7715000
0?
15
1*
#7716000
b1011001001 E
#7720000
0*
#7725000
0;
b0 :
1'
b1000011 %
b1000011 6
0$
1(
05
1*
#7726000
b1011001010 E
#7730000
0*
#7735000
0&
b1011101 A
1!
b1011101 "
b1011101 >
1=
0'
1*
#7736000
b10111011 ,
b10010 /
#7740000
0*
#7745000
0!
1*
#7746000
1.
b10011110 +
b10011110 2
b10011110 B
b1010 0
#7750000
0*
#7755000
1;
b1 :
0(
b111 4
b10011110 9
1*
#7756000
0.
#7760000
0*
#7765000
15
b0 @
b111 <
0=
1*
#7766000
b1011001011 E
#7770000
0*
#7775000
1#
b10000110 8
17
05
1*
#7776000
b1011001100 E
#7780000
0*
#7785000
15
1?
1*
#7786000
b1011001101 E
#7790000
0*
#7795000
0#
b110 4
1$
07
05
1*
#7796000
b1011001110 E
#7800000
0*
#7805000
1&
15
b110 <
b10111010 A
0?
1*
#7806000
b1011001111 E
#7810000
0*
#7815000
1#
b1101 8
17
05
1*
#7816000
b1011010000 E
#7820000
0*
#7825000
15
b1 @
1?
1*
#7826000
b1011010001 E
#7830000
0*
#7835000
0#
b101 4
0$
07
05
1*
#7836000
b1011010010 E
#7840000
0*
#7845000
0&
15
b101 <
b1110100 A
0?
1*
#7846000
b1011010011 E
#7850000
0*
#7855000
1#
b11010 8
17
05
1*
#7856000
b1011010100 E
#7860000
0*
#7865000
15
b10 @
1?
1*
#7866000
b1011010101 E
#7870000
0*
#7875000
0#
b100 4
07
05
1*
#7876000
b1011010110 E
#7880000
0*
#7885000
1&
15
b100 <
b11101000 A
0?
1*
#7886000
b1011010111 E
#7890000
0*
#7895000
1#
b110101 8
17
05
1*
#7896000
b1011011000 E
#7900000
0*
#7905000
15
b100 @
1?
1*
#7906000
b1011011001 E
#7910000
0*
#7915000
0#
b11 4
1$
07
05
1*
#7916000
b1011011010 E
#7920000
0*
#7925000
15
b11 <
b11010000 A
0?
1*
#7926000
b1011011011 E
#7930000
0*
#7935000
1#
b1101011 8
17
05
1*
#7936000
b1011011100 E
#7940000
0*
#7945000
15
b1001 @
1?
1*
#7946000
b1011011101 E
#7950000
0*
#7955000
0#
b10 4
07
05
1*
#7956000
b1011011110 E
#7960000
0*
#7965000
15
b10 <
b10100000 A
0?
1*
#7966000
b1011011111 E
#7970000
0*
#7975000
1#
b11010111 8
17
05
1*
#7976000
b1011100000 E
#7980000
0*
#7985000
15
b10011 @
1?
1*
#7986000
b1011100001 E
#7990000
0*
#7995000
0#
b1 4
07
05
1*
#7996000
b1011100010 E
#8000000
0*
#8005000
0&
15
b1 <
b1000000 A
0?
1*
#8006000
b1011100011 E
#8010000
0*
#8015000
1#
b10101110 8
17
05
1*
#8016000
b1011100100 E
#8020000
0*
#8025000
15
b100111 @
1?
1*
#8026000
b1011100101 E
#8030000
0*
#8035000
0#
b0 4
07
05
1*
#8036000
b1011100110 E
#8040000
0*
#8045000
1&
15
b0 <
b10000000 A
0?
1*
#8046000
b1011100111 E
#8050000
0*
#8055000
1#
b1011101 8
17
05
1*
#8056000
b1011101000 E
#8060000
0*
#8065000
15
b1001111 @
1?
1*
#8066000
b1011101001 E
#8070000
0*
#8075000
0#
b10 :
0$
07
05
1*
#8076000
b1011101010 E
#8080000
0*
#8085000
15
0?
1*
#8086000
b1011101011 E
#8090000
0*
#8095000
0;
b0 :
1'
b1011101 %
b1011101 6
1(
05
1*
#8096000
b1011101100 E
#8100000
0*
#8105000
0&
0'
b1001111 A
1!
b1001111 "
b1001111 >
1=
1*
#8106000
b10011110 ,
b10011 /
#8110000
0*
#8115000
0!
1*
#8116000
1.
b11110110 +
b11110110 2
b11110110 B
b1011 0
#8120000
0*
#8125000
1;
b1 :
0(
b111 4
b11110110 9
1*
#8126000
0.
#8130000
0*
#8135000
b0 @
b111 <
0=
15
1*
#8136000
b1011101101 E
#8140000
0*
#8145000
1#
b10111010 8
17
05
1*
#8146000
b1011101110 E
#8150000
0*
#8155000
1?
15
1*
#8156000
b1011101111 E
#8160000
0*
#8165000
0#
b110 4
1$
07
05
1*
#8166000
b1011110000 E
#8170000
0*
#8175000
1&
b110 <
b10011110 A
0?
15
1*
#8176000
b1011110001 E
#8180000
0*
#8185000
1#
b1110101 8
17
05
1*
#8186000
b1011110010 E
#8190000
0*
#8195000
b1 @
1?
15
1*
#8196000
b1011110011 E
#8200000
0*
#8205000
0#
b101 4
07
05
1*
#8206000
b1011110100 E
#8210000
0*
#8215000
0&
b101 <
b111100 A
0?
15
1*
#8216000
b1011110101 E
#8220000
0*
#8225000
1#
b11101010 8
17
05
1*
#8226000
b1011110110 E
#8230000
0*
#8235000
b11 @
1?
15
1*
#8236000
b1011110111 E
#8240000
0*
#8245000
0#
b100 4
07
05
1*
#8246000
b1011111000 E
#8250000
0*
#8255000
b100 <
b1111000 A
0?
15
1*
#8256000
b1011111001 E
#8260000
0*
#8265000
1#
b11010100 8
17
05
1*
#8266000
b1011111010 E
#8270000
0*
#8275000
b111 @
1?
15
1*
#8276000
b1011111011 E
#8280000
0*
#8285000
0#
b11 4
07
05
1*
#8286000
b1011111100 E
#8290000
0*
#8295000
1&
b11 <
b11110000 A
0?
15
1*
#8296000
b1011111101 E
#8300000
0*
#8305000
1#
b10101001 8
17
05
1*
#8306000
b1011111110 E
#8310000
0*
#8315000
b1111 @
1?
15
1*
#8316000
b1011111111 E
#8320000
0*
#8325000
0#
b10 4
0$
07
05
1*
#8326000
b1100000000 E
#8330000
0*
#8335000
b10 <
b11100000 A
0?
15
1*
#8336000
b1100000001 E
#8340000
0*
#8345000
1#
b1010011 8
17
05
1*
#8346000
b1100000010 E
#8350000
0*
#8355000
b11110 @
1?
15
1*
#8356000
b1100000011 E
#8360000
0*
#8365000
0#
b1 4
1$
07
05
1*
#8366000
b1100000100 E
#8370000
0*
#8375000
b1 <
b11000000 A
0?
15
1*
#8376000
b1100000101 E
#8380000
0*
#8385000
1#
b10100111 8
17
05
1*
#8386000
b1100000110 E
#8390000
0*
#8395000
b111101 @
1?
15
1*
#8396000
b1100000111 E
#8400000
0*
#8405000
0#
b0 4
07
05
1*
#8406000
b1100001000 E
#8410000
0*
#8415000
b0 <
b10000000 A
0?
15
1*
#8416000
b1100001001 E
#8420000
0*
#8425000
1#
b1001111 8
17
05
1*
#8426000
b1100001010 E
#8430000
0*
#8435000
b1111011 @
1?
15
1*
#8436000
b1100001011 E
#8440000
0*
#8445000
0#
b10 :
0$
07
05
1*
#8446000
b1100001100 E
#8450000
0*
#8455000
0?
15
1*
#8456000
b1100001101 E
#8460000
0*
#8465000
0;
b0 :
1'
b1001111 %
b1001111 6
1(
05
1*
#8466000
b1100001110 E
#8470000
0*
#8475000
0&
b1111011 A
1!
b1111011 "
b1111011 >
1=
0'
1*
#8476000
b11110110 ,
b10100 /
#8480000
0*
#8485000
0!
1*
#8486000
1.
b11000110 +
b11000110 2
b11000110 B
b1100 0
#8490000
0*
#8495000
1;
b1 :
0(
b111 4
b11000110 9
1*
#8496000
0.
#8500000
0*
#8505000
15
b0 @
b111 <
0=
1*
#8506000
b1100001111 E
#8510000
0*
#8515000
1#
b10011110 8
17
05
1*
#8516000
b1100010000 E
#8520000
0*
#8525000
15
1?
1*
#8526000
b1100010001 E
#8530000
0*
#8535000
0#
b110 4
1$
07
05
1*
#8536000
b1100010010 E
#8540000
0*
#8545000
1&
15
b110 <
b11110110 A
0?
1*
#8546000
b1100010011 E
#8550000
0*
#8555000
1#
b111101 8
17
05
1*
#8556000
b1100010100 E
#8560000
0*
#8565000
15
b1 @
1?
1*
#8566000
b1100010101 E
#8570000
0*
#8575000
0#
b101 4
07
05
1*
#8576000
b1100010110 E
#8580000
0*
#8585000
15
b101 <
b11101100 A
0?
1*
#8586000
b1100010111 E
#8590000
0*
#8595000
1#
b1111011 8
17
05
1*
#8596000
b1100011000 E
#8600000
0*
#8605000
15
b11 @
1?
1*
#8606000
b1100011001 E
#8610000
0*
#8615000
0#
b100 4
0$
07
05
1*
#8616000
b1100011010 E
#8620000
0*
#8625000
15
b100 <
b11011000 A
0?
1*
#8626000
b1100011011 E
#8630000
0*
#8635000
1#
b11110111 8
17
05
1*
#8636000
b1100011100 E
#8640000
0*
#8645000
15
b110 @
1?
1*
#8646000
b1100011101 E
#8650000
0*
#8655000
0#
b11 4
07
05
1*
#8656000
b1100011110 E
#8660000
0*
#8665000
15
b11 <
b10110000 A
0?
1*
#8666000
b1100011111 E
#8670000
0*
#8675000
1#
b11101111 8
17
05
1*
#8676000
b1100100000 E
#8680000
0*
#8685000
15
b1100 @
1?
1*
#8686000
b1100100001 E
#8690000
0*
#8695000
0#
b10 4
07
05
1*
#8696000
b1100100010 E
#8700000
0*
#8705000
0&
15
b10 <
b1100000 A
0?
1*
#8706000
b1100100011 E
#8710000
0*
#8715000
1#
b11011110 8
17
05
1*
#8716000
b1100100100 E
#8720000
0*
#8725000
15
b11000 @
1?
1*
#8726000
b1100100101 E
#8730000
0*
#8735000
0#
b1 4
1$
07
05
1*
#8736000
b1100100110 E
#8740000
0*
#8745000
1&
15
b1 <
b11000000 A
0?
1*
#8746000
b1100100111 E
#8750000
0*
#8755000
1#
b10111101 8
17
05
1*
#8756000
b1100101000 E
#8760000
0*
#8765000
15
b110001 @
1?
1*
#8766000
b1100101001 E
#8770000
0*
#8775000
0#
b0 4
07
05
1*
#8776000
b1100101010 E
#8780000
0*
#8785000
15
b0 <
b10000000 A
0?
1*
#8786000
b1100101011 E
#8790000
0*
#8795000
1#
b1111011 8
17
05
1*
#8796000
b1100101100 E
#8800000
0*
#8805000
15
b1100011 @
1?
1*
#8806000
b1100101101 E
#8810000
0*
#8815000
0#
b10 :
0$
07
05
1*
#8816000
b1100101110 E
#8820000
0*
#8825000
15
0?
1*
#8826000
b1100101111 E
#8830000
0*
#8835000
0;
b0 :
1'
b1111011 %
b1111011 6
1(
05
1*
#8836000
b1100110000 E
#8840000
0*
#8845000
0&
0'
b1100011 A
1!
b1100011 "
b1100011 >
1=
1*
#8846000
b11000110 ,
b10101 /
#8850000
0*
#8855000
0!
1*
#8856000
1.
b11111100 +
b11111100 2
b11111100 B
b1101 0
#8860000
0*
#8865000
1;
b1 :
0(
b111 4
b11111100 9
1*
#8866000
0.
#8870000
0*
#8875000
b0 @
b111 <
0=
15
1*
#8876000
b1100110001 E
#8880000
0*
#8885000
1#
b11110110 8
17
05
1*
#8886000
b1100110010 E
#8890000
0*
#8895000
1?
15
1*
#8896000
b1100110011 E
#8900000
0*
#8905000
0#
b110 4
1$
07
05
1*
#8906000
b1100110100 E
#8910000
0*
#8915000
1&
b110 <
b11000110 A
0?
15
1*
#8916000
b1100110101 E
#8920000
0*
#8925000
1#
b11101101 8
17
05
1*
#8926000
b1100110110 E
#8930000
0*
#8935000
b1 @
1?
15
1*
#8936000
b1100110111 E
#8940000
0*
#8945000
0#
b101 4
07
05
1*
#8946000
b1100111000 E
#8950000
0*
#8955000
b101 <
b10001100 A
0?
15
1*
#8956000
b1100111001 E
#8960000
0*
#8965000
1#
b11011011 8
17
05
1*
#8966000
b1100111010 E
#8970000
0*
#8975000
b11 @
1?
15
1*
#8976000
b1100111011 E
#8980000
0*
#8985000
0#
b100 4
07
05
1*
#8986000
b1100111100 E
#8990000
0*
#8995000
0&
b100 <
b11000 A
0?
15
1*
#8996000
b1100111101 E
#9000000
0*
#9005000
1#
b10110110 8
17
05
1*
#9006000
b1100111110 E
#9010000
0*
#9015000
b111 @
1?
15
1*
#9016000
b1100111111 E
#9020000
0*
#9025000
0#
b11 4
07
05
1*
#9026000
b1101000000 E
#9030000
0*
#9035000
b11 <
b110000 A
0?
15
1*
#9036000
b1101000001 E
#9040000
0*
#9045000
1#
b1101100 8
17
05
1*
#9046000
b1101000010 E
#9050000
0*
#9055000
b1111 @
1?
15
1*
#9056000
b1101000011 E
#9060000
0*
#9065000
0#
b10 4
07
05
1*
#9066000
b1101000100 E
#9070000
0*
#9075000
b10 <
b1100000 A
0?
15
1*
#9076000
b1101000101 E
#9080000
0*
#9085000
1#
b11011000 8
17
05
1*
#9086000
b1101000110 E
#9090000
0*
#9095000
b11111 @
1?
15
1*
#9096000
b1101000111 E
#9100000
0*
#9105000
0#
b1 4
07
05
1*
#9106000
b1101001000 E
#9110000
0*
#9115000
1&
b1 <
b11000000 A
0?
15
1*
#9116000
b1101001001 E
#9120000
0*
#9125000
1#
b10110001 8
17
05
1*
#9126000
b1101001010 E
#9130000
0*
#9135000
b111111 @
1?
15
1*
#9136000
b1101001011 E
#9140000
0*
#9145000
0#
b0 4
0$
07
05
1*
#9146000
b1101001100 E
#9150000
0*
#9155000
b0 <
b10000000 A
0?
15
1*
#9156000
b1101001101 E
#9160000
0*
#9165000
1#
b1100011 8
17
05
1*
#9166000
b1101001110 E
#9170000
0*
#9175000
b1111110 @
1?
15
1*
#9176000
b1101001111 E
#9180000
0*
#9185000
0#
b10 :
07
05
1*
#9186000
b1101010000 E
#9190000
0*
#9195000
0?
15
1*
#9196000
b1101010001 E
#9200000
0*
#9205000
0;
b0 :
1'
b1100011 %
b1100011 6
1(
05
1*
#9206000
b1101010010 E
#9210000
0*
#9215000
0&
b1111110 A
1!
b1111110 "
b1111110 >
1=
0'
1*
#9216000
b11111100 ,
b10110 /
#9220000
0*
#9225000
0!
1*
#9226000
1.
b1100011 +
b1100011 2
b1100011 B
b1110 0
#9230000
0*
#9235000
1;
b1 :
0(
b111 4
b1100011 9
1*
#9236000
0.
#9240000
0*
#9245000
15
b0 @
b111 <
0=
1*
#9246000
b1101010011 E
#9250000
0*
#9255000
1#
b11000110 8
17
05
1*
#9256000
b1101010100 E
#9260000
0*
#9265000
15
1?
1*
#9266000
b1101010101 E
#9270000
0*
#9275000
0#
b110 4
07
05
1*
#9276000
b1101010110 E
#9280000
0*
#9285000
1&
15
b110 <
b11111100 A
0?
1*
#9286000
b1101010111 E
#9290000
0*
#9295000
1#
b10001101 8
17
05
1*
#9296000
b1101011000 E
#9300000
0*
#9305000
15
1?
1*
#9306000
b1101011001 E
#9310000
0*
#9315000
0#
b101 4
1$
07
05
1*
#9316000
b1101011010 E
#9320000
0*
#9325000
15
b101 <
b11111000 A
0?
1*
#9326000
b1101011011 E
#9330000
0*
#9335000
1#
b11011 8
17
05
1*
#9336000
b1101011100 E
#9340000
0*
#9345000
15
b1 @
1?
1*
#9346000
b1101011101 E
#9350000
0*
#9355000
0#
b100 4
07
05
1*
#9356000
b1101011110 E
#9360000
0*
#9365000
15
b100 <
b11110000 A
0?
1*
#9366000
b1101011111 E
#9370000
0*
#9375000
1#
b110111 8
17
05
1*
#9376000
b1101100000 E
#9380000
0*
#9385000
15
b11 @
1?
1*
#9386000
b1101100001 E
#9390000
0*
#9395000
0#
b11 4
0$
07
05
1*
#9396000
b1101100010 E
#9400000
0*
#9405000
15
b11 <
b11100000 A
0?
1*
#9406000
b1101100011 E
#9410000
0*
#9415000
1#
b1101111 8
17
05
1*
#9416000
b1101100100 E
#9420000
0*
#9425000
15
b110 @
1?
1*
#9426000
b1101100101 E
#9430000
0*
#9435000
0#
b10 4
07
05
1*
#9436000
b1101100110 E
#9440000
0*
#9445000
15
b10 <
b11000000 A
0?
1*
#9446000
b1101100111 E
#9450000
0*
#9455000
1#
b11011111 8
17
05
1*
#9456000
b1101101000 E
#9460000
0*
#9465000
15
b1100 @
1?
1*
#9466000
b1101101001 E
#9470000
0*
#9475000
0#
b1 4
07
05
1*
#9476000
b1101101010 E
#9480000
0*
#9485000
15
b1 <
b10000000 A
0?
1*
#9486000
b1101101011 E
#9490000
0*
#9495000
1#
b10111111 8
17
05
1*
#9496000
b1101101100 E
#9500000
0*
#9505000
15
b11000 @
1?
1*
#9506000
b1101101101 E
#9510000
0*
#9515000
0#
b0 4
1$
07
05
1*
#9516000
b1101101110 E
#9520000
0*
#9525000
0&
15
b0 <
b0 A
0?
1*
#9526000
b1101101111 E
#9530000
0*
#9535000
1#
b1111110 8
17
05
1*
#9536000
b1101110000 E
#9540000
0*
#9545000
15
b110001 @
1?
1*
#9546000
b1101110001 E
#9550000
0*
#9555000
0#
b10 :
07
05
1*
#9556000
b1101110010 E
#9560000
0*
#9565000
15
0?
1*
#9566000
b1101110011 E
#9570000
0*
#9575000
0;
b0 :
1'
b1111110 %
b1111110 6
0$
1(
05
1*
#9576000
b1101110100 E
#9580000
0*
#9585000
0'
b110001 A
1!
b110001 "
b110001 >
1=
1*
#9586000
b1100011 ,
b10111 /
#9590000
0*
#9595000
0!
1*
#9596000
1.
b1100010 +
b1100010 2
b1100010 B
b1111 0
#9600000
0*
#9605000
1;
b1 :
0(
b111 4
b1100010 9
1*
#9606000
0.
#9610000
0*
#9615000
b0 @
b111 <
0=
15
1*
#9616000
b1101110101 E
#9620000
0*
#9625000
1#
b11111100 8
17
05
1*
#9626000
b1101110110 E
#9630000
0*
#9635000
1?
15
1*
#9636000
b1101110111 E
#9640000
0*
#9645000
0#
b110 4
07
05
1*
#9646000
b1101111000 E
#9650000
0*
#9655000
b110 <
b1100010 A
0?
15
1*
#9656000
b1101111001 E
#9660000
0*
#9665000
1#
b11111000 8
17
05
1*
#9666000
b1101111010 E
#9670000
0*
#9675000
1?
15
1*
#9676000
b1101111011 E
#9680000
0*
#9685000
0#
b101 4
1$
07
05
1*
#9686000
b1101111100 E
#9690000
0*
#9695000
1&
b101 <
b11000100 A
0?
15
1*
#9696000
b1101111101 E
#9700000
0*
#9705000
1#
b11110001 8
17
05
1*
#9706000
b1101111110 E
#9710000
0*
#9715000
b1 @
1?
15
1*
#9716000
b1101111111 E
#9720000
0*
#9725000
0#
b100 4
07
05
1*
#9726000
b1110000000 E
#9730000
0*
#9735000
b100 <
b10001000 A
0?
15
1*
#9736000
b1110000001 E
#9740000
0*
#9745000
1#
b11100011 8
17
05
1*
#9746000
b1110000010 E
#9750000
0*
#9755000
b11 @
1?
15
1*
#9756000
b1110000011 E
#9760000
0*
#9765000
0#
b11 4
0$
07
05
1*
#9766000
b1110000100 E
#9770000
0*
#9775000
0&
b11 <
b10000 A
0?
15
1*
#9776000
b1110000101 E
#9780000
0*
#9785000
1#
b11000110 8
17
05
1*
#9786000
b1110000110 E
#9790000
0*
#9795000
b110 @
1?
15
1*
#9796000
b1110000111 E
#9800000
0*
#9805000
0#
b10 4
07
05
1*
#9806000
b1110001000 E
#9810000
0*
#9815000
b10 <
b100000 A
0?
15
1*
#9816000
b1110001001 E
#9820000
0*
#9825000
1#
b10001100 8
17
05
1*
#9826000
b1110001010 E
#9830000
0*
#9835000
b1100 @
1?
15
1*
#9836000
b1110001011 E
#9840000
0*
#9845000
0#
b1 4
07
05
1*
#9846000
b1110001100 E
#9850000
0*
#9855000
b1 <
b1000000 A
0?
15
1*
#9856000
b1110001101 E
#9860000
0*
#9865000
1#
b11000 8
17
05
1*
#9866000
b1110001110 E
#9870000
0*
#9875000
b11000 @
1?
15
1*
#9876000
b1110001111 E
#9880000
0*
#9885000
0#
b0 4
1$
07
05
1*
#9886000
b1110010000 E
#9890000
0*
#9895000
1&
b0 <
b10000000 A
0?
15
1*
#9896000
b1110010001 E
#9900000
0*
#9905000
1#
b110001 8
17
05
1*
#9906000
b1110010010 E
#9910000
0*
#9915000
b110001 @
1?
15
1*
#9916000
b1110010011 E
#9920000
0*
#9925000
0#
b10 :
0$
07
05
1*
#9926000
b1110010100 E
#9930000
0*
#9935000
0?
15
1*
#9936000
b1110010101 E
#9940000
0*
#9945000
0;
b0 :
1'
b110001 %
b110001 6
1(
05
1*
#9946000
b1110010110 E
#9950000
0*
#9955000
0&
b110001 A
1!
1=
0'
1*
#9956000
b1100010 ,
b11000 /
#9960000
0*
#9965000
0!
1*
#9966000
1.
b1010101 +
b1010101 2
b1010101 B
b10000 0
#9970000
0*
#9975000
1;
b1 :
0(
b111 4
b1010101 9
1*
#9976000
0.
#9980000
0*
#9985000
15
b0 @
b111 <
0=
1*
#9986000
b1110010111 E
#9990000
0*
#9995000
1#
b1100010 8
17
05
1*
#9996000
b1110011000 E
#10000000
0*
#10005000
15
1?
1*
#10006000
b1110011001 E
#10010000
0*
#10015000
0#
b110 4
07
05
1*
#10016000
b1110011010 E
#10020000
0*
#10025000
15
b110 <
b1100010 A
0?
1*
#10026000
b1110011011 E
#10030000
0*
#10035000
1#
b11000100 8
17
05
1*
#10036000
b1110011100 E
#10040000
0*
#10045000
15
1?
1*
#10046000
b1110011101 E
#10050000
0*
#10055000
0#
b101 4
1$
07
05
1*
#10056000
b1110011110 E
#10060000
0*
#10065000
1&
15
b101 <
b11000100 A
0?
1*
#10066000
b1110011111 E
#10070000
0*
#10075000
1#
b10001001 8
17
05
1*
#10076000
b1110100000 E
#10080000
0*
#10085000
15
b1 @
1?
1*
#10086000
b1110100001 E
#10090000
0*
#10095000
0#
b100 4
0$
07
05
1*
#10096000
b1110100010 E
#10100000
0*
#10105000
15
b100 <
b10001000 A
0?
1*
#10106000
b1110100011 E
#10110000
0*
#10115000
1#
b10011 8
17
05
1*
#10116000
b1110100100 E
#10120000
0*
#10125000
15
b10 @
1?
1*
#10126000
b1110100101 E
#10130000
0*
#10135000
0#
b11 4
1$
07
05
1*
#10136000
b1110100110 E
#10140000
0*
#10145000
0&
15
b11 <
b10000 A
0?
1*
#10146000
b1110100111 E
#10150000
0*
#10155000
1#
b100110 8
17
05
1*
#10156000
b1110101000 E
#10160000
0*
#10165000
15
b101 @
1?
1*
#10166000
b1110101001 E
#10170000
0*
#10175000
0#
b10 4
0$
07
05
1*
#10176000
b1110101010 E
#10180000
0*
#10185000
15
b10 <
b100000 A
0?
1*
#10186000
b1110101011 E
#10190000
0*
#10195000
1#
b1001100 8
17
05
1*
#10196000
b1110101100 E
#10200000
0*
#10205000
15
b1010 @
1?
1*
#10206000
b1110101101 E
#10210000
0*
#10215000
0#
b1 4
1$
07
05
1*
#10216000
b1110101110 E
#10220000
0*
#10225000
15
b1 <
b1000000 A
0?
1*
#10226000
b1110101111 E
#10230000
0*
#10235000
1#
b10011000 8
17
05
1*
#10236000
b1110110000 E
#10240000
0*
#10245000
15
b10101 @
1?
1*
#10246000
b1110110001 E
#10250000
0*
#10255000
0#
b0 4
0$
07
05
1*
#10256000
b1110110010 E
#10260000
0*
#10265000
1&
15
b0 <
b10000000 A
0?
1*
#10266000
b1110110011 E
#10270000
0*
#10275000
1#
b110001 8
17
05
1*
#10276000
b1110110100 E
#10280000
0*
#10285000
15
b101010 @
1?
1*
#10286000
b1110110101 E
#10290000
0*
#10295000
0#
b10 :
1$
07
05
1*
#10296000
b1110110110 E
#10300000
0*
#10305000
15
0?
1*
#10306000
b1110110111 E
#10310000
0*
#10315000
0;
b0 :
1'
0$
1(
05
1*
#10316000
b1110111000 E
#10320000
0*
#10325000
0&
0'
b101010 A
1!
b101010 "
b101010 >
1=
1*
#10326000
b1010101 ,
b11001 /
#10330000
0*
#10335000
0!
1*
#10336000
1.
b11110010 +
b11110010 2
b11110010 B
b10001 0
#10340000
0*
#10345000
1;
b1 :
0(
b111 4
b11110010 9
1*
#10346000
0.
#10350000
0*
#10355000
b0 @
b111 <
0=
15
1*
#10356000
b1110111001 E
#10360000
0*
#10365000
1#
b1100010 8
17
05
1*
#10366000
b1110111010 E
#10370000
0*
#10375000
1?
15
1*
#10376000
b1110111011 E
#10380000
0*
#10385000
0#
b110 4
1$
07
05
1*
#10386000
b1110111100 E
#10390000
0*
#10395000
b110 <
b1010100 A
0?
15
1*
#10396000
b1110111101 E
#10400000
0*
#10405000
1#
b11000100 8
17
05
1*
#10406000
b1110111110 E
#10410000
0*
#10415000
b1 @
1?
15
1*
#10416000
b1110111111 E
#10420000
0*
#10425000
0#
b101 4
07
05
1*
#10426000
b1111000000 E
#10430000
0*
#10435000
1&
b101 <
b10101000 A
0?
15
1*
#10436000
b1111000001 E
#10440000
0*
#10445000
1#
b10001001 8
17
05
1*
#10446000
b1111000010 E
#10450000
0*
#10455000
b11 @
1?
15
1*
#10456000
b1111000011 E
#10460000
0*
#10465000
0#
b100 4
07
05
1*
#10466000
b1111000100 E
#10470000
0*
#10475000
0&
b100 <
b1010000 A
0?
15
1*
#10476000
b1111000101 E
#10480000
0*
#10485000
1#
b10010 8
17
05
1*
#10486000
b1111000110 E
#10490000
0*
#10495000
b111 @
1?
15
1*
#10496000
b1111000111 E
#10500000
0*
#10505000
0#
b11 4
07
05
1*
#10506000
b1111001000 E
#10510000
0*
#10515000
1&
b11 <
b10100000 A
0?
15
1*
#10516000
b1111001001 E
#10520000
0*
#10525000
1#
b100101 8
17
05
1*
#10526000
b1111001010 E
#10530000
0*
#10535000
b1111 @
1?
15
1*
#10536000
b1111001011 E
#10540000
0*
#10545000
0#
b10 4
0$
07
05
1*
#10546000
b1111001100 E
#10550000
0*
#10555000
0&
b10 <
b1000000 A
0?
15
1*
#10556000
b1111001101 E
#10560000
0*
#10565000
1#
b1001010 8
17
05
1*
#10566000
b1111001110 E
#10570000
0*
#10575000
b11110 @
1?
15
1*
#10576000
b1111001111 E
#10580000
0*
#10585000
0#
b1 4
07
05
1*
#10586000
b1111010000 E
#10590000
0*
#10595000
1&
b1 <
b10000000 A
0?
15
1*
#10596000
b1111010001 E
#10600000
0*
#10605000
1#
b10010101 8
17
05
1*
#10606000
b1111010010 E
#10610000
0*
#10615000
b111100 @
1?
15
1*
#10616000
b1111010011 E
#10620000
0*
#10625000
0#
b0 4
1$
07
05
1*
#10626000
b1111010100 E
#10630000
0*
#10635000
0&
b0 <
b0 A
0?
15
1*
#10636000
b1111010101 E
#10640000
0*
#10645000
1#
b101010 8
17
05
1*
#10646000
b1111010110 E
#10650000
0*
#10655000
b1111001 @
1?
15
1*
#10656000
b1111010111 E
#10660000
0*
#10665000
0#
b10 :
0$
07
05
1*
#10666000
b1111011000 E
#10670000
0*
#10675000
0?
15
1*
#10676000
b1111011001 E
#10680000
0*
#10685000
0;
b0 :
1'
b101010 %
b101010 6
1(
05
1*
#10686000
b1111011010 E
#10690000
0*
#10695000
b1111001 A
1!
b1111001 "
b1111001 >
1=
0'
1*
#10696000
b11110010 ,
b11010 /
#10700000
0*
#10705000
0!
1*
#10706000
1.
b111011 +
b111011 2
b111011 B
b10010 0
#10710000
0*
#10715000
1;
b1 :
0(
b111 4
b111011 9
1*
#10716000
0.
#10720000
0*
#10725000
15
b0 @
b111 <
0=
1*
#10726000
b1111011011 E
#10730000
0*
#10735000
1#
b1010100 8
17
05
1*
#10736000
b1111011100 E
#10740000
0*
#10745000
15
1?
1*
#10746000
b1111011101 E
#10750000
0*
#10755000
0#
b110 4
07
05
1*
#10756000
b1111011110 E
#10760000
0*
#10765000
1&
15
b110 <
b11110010 A
0?
1*
#10766000
b1111011111 E
#10770000
0*
#10775000
1#
b10101001 8
17
05
1*
#10776000
b1111100000 E
#10780000
0*
#10785000
15
1?
1*
#10786000
b1111100001 E
#10790000
0*
#10795000
0#
b101 4
07
05
1*
#10796000
b1111100010 E
#10800000
0*
#10805000
15
b101 <
b11100100 A
0?
1*
#10806000
b1111100011 E
#10810000
0*
#10815000
1#
b1010011 8
17
05
1*
#10816000
b1111100100 E
#10820000
0*
#10825000
15
1?
1*
#10826000
b1111100101 E
#10830000
0*
#10835000
0#
b100 4
1$
07
05
1*
#10836000
b1111100110 E
#10840000
0*
#10845000
15
b100 <
b11001000 A
0?
1*
#10846000
b1111100111 E
#10850000
0*
#10855000
1#
b10100111 8
17
05
1*
#10856000
b1111101000 E
#10860000
0*
#10865000
15
b1 @
1?
1*
#10866000
b1111101001 E
#10870000
0*
#10875000
0#
b11 4
07
05
1*
#10876000
b1111101010 E
#10880000
0*
#10885000
15
b11 <
b10010000 A
0?
1*
#10886000
b1111101011 E
#10890000
0*
#10895000
1#
b1001111 8
17
05
1*
#10896000
b1111101100 E
#10900000
0*
#10905000
15
b11 @
1?
1*
#10906000
b1111101101 E
#10910000
0*
#10915000
0#
b10 4
07
05
1*
#10916000
b1111101110 E
#10920000
0*
#10925000
0&
15
b10 <
b100000 A
0?
1*
#10926000
b1111101111 E
#10930000
0*
#10935000
1#
b10011110 8
17
05
1*
#10936000
b1111110000 E
#10940000
0*
#10945000
15
b111 @
1?
1*
#10946000
b1111110001 E
#10950000
0*
#10955000
0#
b1 4
0$
07
05
1*
#10956000
b1111110010 E
#10960000
0*
#10965000
15
b1 <
b1000000 A
0?
1*
#10966000
b1111110011 E
#10970000
0*
#10975000
1#
b111100 8
17
05
1*
#10976000
b1111110100 E
#10980000
0*
#10985000
15
b1110 @
1?
1*
#10986000
b1111110101 E
#10990000
0*
#10995000
0#
b0 4
1$
07
05
1*
#10996000
b1111110110 E
#11000000
0*
#11005000
1&
15
b0 <
b10000000 A
0?
1*
#11006000
b1111110111 E
#11010000
0*
#11015000
1#
b1111001 8
17
05
1*
#11016000
b1111111000 E
#11020000
0*
#11025000
15
b11101 @
1?
1*
#11026000
b1111111001 E
#11030000
0*
#11035000
0#
b10 :
07
05
1*
#11036000
b1111111010 E
#11040000
0*
#11045000
15
0?
1*
#11046000
b1111111011 E
#11050000
0*
#11055000
0;
b0 :
1'
b1111001 %
b1111001 6
0$
1(
05
1*
#11056000
b1111111100 E
#11060000
0*
#11065000
0&
0'
b11101 A
1!
b11101 "
b11101 >
1=
1*
#11066000
b111011 ,
b11011 /
#11070000
0*
#11075000
0!
1*
#11076000
1.
b1001 +
b1001 2
b1001 B
b10011 0
#11080000
0*
#11085000
1;
b1 :
0(
b111 4
b1001 9
1*
#11086000
0.
#11090000
0*
#11095000
b0 @
b111 <
0=
15
1*
#11096000
b1111111101 E
#11100000
0*
#11105000
1#
b11110010 8
17
05
1*
#11106000
b1111111110 E
#11110000
0*
#11115000
1?
15
1*
#11116000
b1111111111 E
#11120000
0*
#11125000
0#
b110 4
07
05
1*
#11126000
b10000000000 E
#11130000
0*
#11135000
b110 <
b111010 A
0?
15
1*
#11136000
b10000000001 E
#11140000
0*
#11145000
1#
b11100100 8
17
05
1*
#11146000
b10000000010 E
#11150000
0*
#11155000
1?
15
1*
#11156000
b10000000011 E
#11160000
0*
#11165000
0#
b101 4
07
05
1*
#11166000
b10000000100 E
#11170000
0*
#11175000
b101 <
b1110100 A
0?
15
1*
#11176000
b10000000101 E
#11180000
0*
#11185000
1#
b11001000 8
17
05
1*
#11186000
b10000000110 E
#11190000
0*
#11195000
1?
15
1*
#11196000
b10000000111 E
#11200000
0*
#11205000
0#
b100 4
07
05
1*
#11206000
b10000001000 E
#11210000
0*
#11215000
1&
b100 <
b11101000 A
0?
15
1*
#11216000
b10000001001 E
#11220000
0*
#11225000
1#
b10010001 8
17
05
1*
#11226000
b10000001010 E
#11230000
0*
#11235000
1?
15
1*
#11236000
b10000001011 E
#11240000
0*
#11245000
0#
b11 4
07
05
1*
#11246000
b10000001100 E
#11250000
0*
#11255000
b11 <
b11010000 A
0?
15
1*
#11256000
b10000001101 E
#11260000
0*
#11265000
1#
b100011 8
17
05
1*
#11266000
b10000001110 E
#11270000
0*
#11275000
1?
15
1*
#11276000
b10000001111 E
#11280000
0*
#11285000
0#
b10 4
1$
07
05
1*
#11286000
b10000010000 E
#11290000
0*
#11295000
b10 <
b10100000 A
0?
15
1*
#11296000
b10000010001 E
#11300000
0*
#11305000
1#
b1000111 8
17
05
1*
#11306000
b10000010010 E
#11310000
0*
#11315000
b1 @
1?
15
1*
#11316000
b10000010011 E
#11320000
0*
#11325000
0#
b1 4
0$
07
05
1*
#11326000
b10000010100 E
#11330000
0*
#11335000
0&
b1 <
b1000000 A
0?
15
1*
#11336000
b10000010101 E
#11340000
0*
#11345000
1#
b10001110 8
17
05
1*
#11346000
b10000010110 E
#11350000
0*
#11355000
b10 @
1?
15
1*
#11356000
b10000010111 E
#11360000
0*
#11365000
0#
b0 4
07
05
1*
#11366000
b10000011000 E
#11370000
0*
#11375000
1&
b0 <
b10000000 A
0?
15
1*
#11376000
b10000011001 E
#11380000
0*
#11385000
1#
b11101 8
17
05
1*
#11386000
b10000011010 E
#11390000
0*
#11395000
b100 @
1?
15
1*
#11396000
b10000011011 E
#11400000
0*
#11405000
0#
b10 :
1$
07
05
1*
#11406000
b10000011100 E
#11410000
0*
#11415000
0?
15
1*
#11416000
b10000011101 E
#11420000
0*
#11425000
0;
b0 :
1'
b11101 %
b11101 6
0$
1(
05
1*
#11426000
b10000011110 E
#11430000
0*
#11435000
0&
b100 A
1!
b100 "
b100 >
1=
0'
1*
#11436000
b1001 ,
b11100 /
#11440000
0*
#11445000
0!
1*
#11446000
1.
b11000111 +
b11000111 2
b11000111 B
b10100 0
#11450000
0*
#11455000
1;
b1 :
0(
b111 4
b11000111 9
1*
#11456000
0.
#11460000
0*
#11465000
15
b0 @
b111 <
0=
1*
#11466000
b10000011111 E
#11470000
0*
#11475000
1#
b111010 8
17
05
1*
#11476000
b10000100000 E
#11480000
0*
#11485000
15
1?
1*
#11486000
b10000100001 E
#11490000
0*
#11495000
0#
b110 4
1$
07
05
1*
#11496000
b10000100010 E
#11500000
0*
#11505000
15
b110 <
b1000 A
0?
1*
#11506000
b10000100011 E
#11510000
0*
#11515000
1#
b1110100 8
17
05
1*
#11516000
b10000100100 E
#11520000
0*
#11525000
15
b1 @
1?
1*
#11526000
b10000100101 E
#11530000
0*
#11535000
0#
b101 4
07
05
1*
#11536000
b10000100110 E
#11540000
0*
#11545000
15
b101 <
b10000 A
0?
1*
#11546000
b10000100111 E
#11550000
0*
#11555000
1#
b11101000 8
17
05
1*
#11556000
b10000101000 E
#11560000
0*
#11565000
15
b11 @
1?
1*
#11566000
b10000101001 E
#11570000
0*
#11575000
0#
b100 4
0$
07
05
1*
#11576000
b10000101010 E
#11580000
0*
#11585000
15
b100 <
b100000 A
0?
1*
#11586000
b10000101011 E
#11590000
0*
#11595000
1#
b11010000 8
17
05
1*
#11596000
b10000101100 E
#11600000
0*
#11605000
15
b110 @
1?
1*
#11606000
b10000101101 E
#11610000
0*
#11615000
0#
b11 4
07
05
1*
#11616000
b10000101110 E
#11620000
0*
#11625000
15
b11 <
b1000000 A
0?
1*
#11626000
b10000101111 E
#11630000
0*
#11635000
1#
b10100000 8
17
05
1*
#11636000
b10000110000 E
#11640000
0*
#11645000
15
b1100 @
1?
1*
#11646000
b10000110001 E
#11650000
0*
#11655000
0#
b10 4
07
05
1*
#11656000
b10000110010 E
#11660000
0*
#11665000
1&
15
b10 <
b10000000 A
0?
1*
#11666000
b10000110011 E
#11670000
0*
#11675000
1#
b1000001 8
17
05
1*
#11676000
b10000110100 E
#11680000
0*
#11685000
15
b11000 @
1?
1*
#11686000
b10000110101 E
#11690000
0*
#11695000
0#
b1 4
1$
07
05
1*
#11696000
b10000110110 E
#11700000
0*
#11705000
0&
15
b1 <
b0 A
0?
1*
#11706000
b10000110111 E
#11710000
0*
#11715000
1#
b10000010 8
17
05
1*
#11716000
b10000111000 E
#11720000
0*
#11725000
15
b110001 @
1?
1*
#11726000
b10000111001 E
#11730000
0*
#11735000
0#
b0 4
07
05
1*
#11736000
b10000111010 E
#11740000
0*
#11745000
15
b0 <
0?
1*
#11746000
b10000111011 E
#11750000
0*
#11755000
1#
b100 8
17
05
1*
#11756000
b10000111100 E
#11760000
0*
#11765000
15
b1100011 @
1?
1*
#11766000
b10000111101 E
#11770000
0*
#11775000
0#
b10 :
07
05
1*
#11776000
b10000111110 E
#11780000
0*
#11785000
15
0?
1*
#11786000
b10000111111 E
#11790000
0*
#11795000
0;
b0 :
1'
b100 %
b100 6
0$
1(
05
1*
#11796000
b10001000000 E
#11800000
0*
#11805000
0'
b1100011 A
1!
b1100011 "
b1100011 >
1=
1*
#11806000
b11000111 ,
b11101 /
#11810000
0*
#11815000
0!
1*
#11816000
1.
b11111001 +
b11111001 2
b11111001 B
b10101 0
#11820000
0*
#11825000
1;
b1 :
0(
b111 4
b11111001 9
1*
#11826000
0.
#11830000
0*
#11835000
b0 @
b111 <
0=
15
1*
#11836000
b10001000001 E
#11840000
0*
#11845000
1#
b1000 8
17
05
1*
#11846000
b10001000010 E
#11850000
0*
#11855000
1?
15
1*
#11856000
b10001000011 E
#11860000
0*
#11865000
0#
b110 4
1$
07
05
1*
#11866000
b10001000100 E
#11870000
0*
#11875000
1&
b110 <
b11000110 A
0?
15
1*
#11876000
b10001000101 E
#11880000
0*
#11885000
1#
b10001 8
17
05
1*
#11886000
b10001000110 E
#11890000
0*
#11895000
b1 @
1?
15
1*
#11896000
b10001000111 E
#11900000
0*
#11905000
0#
b101 4
07
05
1*
#11906000
b10001001000 E
#11910000
0*
#11915000
b101 <
b10001100 A
0?
15
1*
#11916000
b10001001001 E
#11920000
0*
#11925000
1#
b100011 8
17
05
1*
#11926000
b10001001010 E
#11930000
0*
#11935000
b11 @
1?
15
1*
#11936000
b10001001011 E
#11940000
0*
#11945000
0#
b100 4
07
05
1*
#11946000
b10001001100 E
#11950000
0*
#11955000
0&
b100 <
b11000 A
0?
15
1*
#11956000
b10001001101 E
#11960000
0*
#11965000
1#
b1000110 8
17
05
1*
#11966000
b10001001110 E
#11970000
0*
#11975000
b111 @
1?
15
1*
#11976000
b10001001111 E
#11980000
0*
#11985000
0#
b11 4
07
05
1*
#11986000
b10001010000 E
#11990000
0*
#11995000
b11 <
b110000 A
0?
15
1*
#11996000
b10001010001 E
#12000000
0*
#12005000
1#
b10001100 8
17
05
1*
#12006000
b10001010010 E
#12010000
0*
#12015000
b1111 @
1?
15
1*
#12016000
b10001010011 E
#12020000
0*
#12025000
0#
b10 4
07
05
1*
#12026000
b10001010100 E
#12030000
0*
#12035000
b10 <
b1100000 A
0?
15
1*
#12036000
b10001010101 E
#12040000
0*
#12045000
1#
b11000 8
17
05
1*
#12046000
b10001010110 E
#12050000
0*
#12055000
b11111 @
1?
15
1*
#12056000
b10001010111 E
#12060000
0*
#12065000
0#
b1 4
0$
07
05
1*
#12066000
b10001011000 E
#12070000
0*
#12075000
1&
b1 <
b11000000 A
0?
15
1*
#12076000
b10001011001 E
#12080000
0*
#12085000
1#
b110001 8
17
05
1*
#12086000
b10001011010 E
#12090000
0*
#12095000
b111110 @
1?
15
1*
#12096000
b10001011011 E
#12100000
0*
#12105000
0#
b0 4
07
05
1*
#12106000
b10001011100 E
#12110000
0*
#12115000
b0 <
b10000000 A
0?
15
1*
#12116000
b10001011101 E
#12120000
0*
#12125000
1#
b1100011 8
17
05
1*
#12126000
b10001011110 E
#12130000
0*
#12135000
b1111100 @
1?
15
1*
#12136000
b10001011111 E
#12140000
0*
#12145000
0#
b10 :
1$
07
05
1*
#12146000
b10001100000 E
#12150000
0*
#12155000
0?
15
1*
#12156000
b10001100001 E
#12160000
0*
#12165000
0;
b0 :
1'
b1100011 %
b1100011 6
0$
1(
05
1*
#12166000
b10001100010 E
#12170000
0*
#12175000
0&
b1111100 A
1!
b1111100 "
b1111100 >
1=
0'
1*
#12176000
b11111001 ,
b11110 /
#12180000
0*
#12185000
0!
1*
#12186000
1.
b1100111 +
b1100111 2
b1100111 B
b10110 0
#12190000
0*
#12195000
1;
b1 :
0(
b111 4
b1100111 9
1*
#12196000
0.
#12200000
0*
#12205000
15
b0 @
b111 <
0=
1*
#12206000
b10001100011 E
#12210000
0*
#12215000
1#
b11000110 8
17
05
1*
#12216000
b10001100100 E
#12220000
0*
#12225000
15
1?
1*
#12226000
b10001100101 E
#12230000
0*
#12235000
0#
b110 4
07
05
1*
#12236000
b10001100110 E
#12240000
0*
#12245000
1&
15
b110 <
b11111000 A
0?
1*
#12246000
b10001100111 E
#12250000
0*
#12255000
1#
b10001101 8
17
05
1*
#12256000
b10001101000 E
#12260000
0*
#12265000
15
1?
1*
#12266000
b10001101001 E
#12270000
0*
#12275000
0#
b101 4
1$
07
05
1*
#12276000
b10001101010 E
#12280000
0*
#12285000
15
b101 <
b11110000 A
0?
1*
#12286000
b10001101011 E
#12290000
0*
#12295000
1#
b11011 8
17
05
1*
#12296000
b10001101100 E
#12300000
0*
#12305000
15
b1 @
1?
1*
#12306000
b10001101101 E
#12310000
0*
#12315000
0#
b100 4
07
05
1*
#12316000
b10001101110 E
#12320000
0*
#12325000
15
b100 <
b11100000 A
0?
1*
#12326000
b10001101111 E
#12330000
0*
#12335000
1#
b110111 8
17
05
1*
#12336000
b10001110000 E
#12340000
0*
#12345000
15
b11 @
1?
1*
#12346000
b10001110001 E
#12350000
0*
#12355000
0#
b11 4
0$
07
05
1*
#12356000
b10001110010 E
#12360000
0*
#12365000
15
b11 <
b11000000 A
0?
1*
#12366000
b10001110011 E
#12370000
0*
#12375000
1#
b1101111 8
17
05
1*
#12376000
b10001110100 E
#12380000
0*
#12385000
15
b110 @
1?
1*
#12386000
b10001110101 E
#12390000
0*
#12395000
0#
b10 4
07
05
1*
#12396000
b10001110110 E
#12400000
0*
#12405000
15
b10 <
b10000000 A
0?
1*
#12406000
b10001110111 E
#12410000
0*
#12415000
1#
b11011111 8
17
05
1*
#12416000
b10001111000 E
#12420000
0*
#12425000
15
b1100 @
1?
1*
#12426000
b10001111001 E
#12430000
0*
#12435000
0#
b1 4
1$
07
05
1*
#12436000
b10001111010 E
#12440000
0*
#12445000
0&
15
b1 <
b0 A
0?
1*
#12446000
b10001111011 E
#12450000
0*
#12455000
1#
b10111110 8
17
05
1*
#12456000
b10001111100 E
#12460000
0*
#12465000
15
b11001 @
1?
1*
#12466000
b10001111101 E
#12470000
0*
#12475000
0#
b0 4
07
05
1*
#12476000
b10001111110 E
#12480000
0*
#12485000
15
b0 <
0?
1*
#12486000
b10001111111 E
#12490000
0*
#12495000
1#
b1111100 8
17
05
1*
#12496000
b10010000000 E
#12500000
0*
#12505000
15
b110011 @
1?
1*
#12506000
b10010000001 E
#12510000
0*
#12515000
0#
b10 :
07
05
1*
#12516000
b10010000010 E
#12520000
0*
#12525000
15
0?
1*
#12526000
b10010000011 E
#12530000
0*
#12535000
0;
b0 :
1'
b1111100 %
b1111100 6
0$
1(
05
1*
#12536000
b10010000100 E
#12540000
0*
#12545000
0'
b110011 A
1!
b110011 "
b110011 >
1=
1*
#12546000
b1100111 ,
b11111 /
#12550000
0*
#12555000
0!
1*
#12556000
1.
b1110100 +
b1110100 2
b1110100 B
b10111 0
#12560000
0*
#12565000
1;
b1 :
0(
b111 4
b1110100 9
1*
#12566000
0.
#12570000
0*
#12575000
b0 @
b111 <
0=
15
1*
#12576000
b10010000101 E
#12580000
0*
#12585000
1#
b11111000 8
17
05
1*
#12586000
b10010000110 E
#12590000
0*
#12595000
1?
15
1*
#12596000
b10010000111 E
#12600000
0*
#12605000
0#
b110 4
07
05
1*
#12606000
b10010001000 E
#12610000
0*
#12615000
b110 <
b1100110 A
0?
15
1*
#12616000
b10010001001 E
#12620000
0*
#12625000
1#
b11110000 8
17
05
1*
#12626000
b10010001010 E
#12630000
0*
#12635000
1?
15
1*
#12636000
b10010001011 E
#12640000
0*
#12645000
0#
b101 4
1$
07
05
1*
#12646000
b10010001100 E
#12650000
0*
#12655000
1&
b101 <
b11001100 A
0?
15
1*
#12656000
b10010001101 E
#12660000
0*
#12665000
1#
b11100001 8
17
05
1*
#12666000
b10010001110 E
#12670000
0*
#12675000
b1 @
1?
15
1*
#12676000
b10010001111 E
#12680000
0*
#12685000
0#
b100 4
07
05
1*
#12686000
b10010010000 E
#12690000
0*
#12695000
b100 <
b10011000 A
0?
15
1*
#12696000
b10010010001 E
#12700000
0*
#12705000
1#
b11000011 8
17
05
1*
#12706000
b10010010010 E
#12710000
0*
#12715000
b11 @
1?
15
1*
#12716000
b10010010011 E
#12720000
0*
#12725000
0#
b11 4
07
05
1*
#12726000
b10010010100 E
#12730000
0*
#12735000
0&
b11 <
b110000 A
0?
15
1*
#12736000
b10010010101 E
#12740000
0*
#12745000
1#
b10000110 8
17
05
1*
#12746000
b10010010110 E
#12750000
0*
#12755000
b111 @
1?
15
1*
#12756000
b10010010111 E
#12760000
0*
#12765000
0#
b10 4
0$
07
05
1*
#12766000
b10010011000 E
#12770000
0*
#12775000
b10 <
b1100000 A
0?
15
1*
#12776000
b10010011001 E
#12780000
0*
#12785000
1#
b1100 8
17
05
1*
#12786000
b10010011010 E
#12790000
0*
#12795000
b1110 @
1?
15
1*
#12796000
b10010011011 E
#12800000
0*
#12805000
0#
b1 4
1$
07
05
1*
#12806000
b10010011100 E
#12810000
0*
#12815000
1&
b1 <
b11000000 A
0?
15
1*
#12816000
b10010011101 E
#12820000
0*
#12825000
1#
b11001 8
17
05
1*
#12826000
b10010011110 E
#12830000
0*
#12835000
b11101 @
1?
15
1*
#12836000
b10010011111 E
#12840000
0*
#12845000
0#
b0 4
0$
07
05
1*
#12846000
b10010100000 E
#12850000
0*
#12855000
b0 <
b10000000 A
0?
15
1*
#12856000
b10010100001 E
#12860000
0*
#12865000
1#
b110011 8
17
05
1*
#12866000
b10010100010 E
#12870000
0*
#12875000
b111010 @
1?
15
1*
#12876000
b10010100011 E
#12880000
0*
#12885000
0#
b10 :
07
05
1*
#12886000
b10010100100 E
#12890000
0*
#12895000
0?
15
1*
#12896000
b10010100101 E
#12900000
0*
#12905000
0;
b0 :
1'
b110011 %
b110011 6
1(
05
1*
#12906000
b10010100110 E
#12910000
0*
#12915000
0&
b111010 A
1!
b111010 "
b111010 >
1=
0'
1*
#12916000
b1110100 ,
b100000 /
#12920000
0*
#12925000
0!
1*
#12926000
1.
b1100010 +
b1100010 2
b1100010 B
b11000 0
#12930000
0*
#12935000
1;
b1 :
0(
b111 4
b1100010 9
1*
#12936000
0.
#12940000
0*
#12945000
15
b0 @
b111 <
0=
1*
#12946000
b10010100111 E
#12950000
0*
#12955000
1#
b1100110 8
17
05
1*
#12956000
b10010101000 E
#12960000
0*
#12965000
15
1?
1*
#12966000
b10010101001 E
#12970000
0*
#12975000
0#
b110 4
07
05
1*
#12976000
b10010101010 E
#12980000
0*
#12985000
15
b110 <
b1110100 A
0?
1*
#12986000
b10010101011 E
#12990000
0*
#12995000
1#
b11001100 8
17
05
1*
#12996000
b10010101100 E
#13000000
0*
#13005000
15
1?
1*
#13006000
b10010101101 E
#13010000
0*
#13015000
0#
b101 4
1$
07
05
1*
#13016000
b10010101110 E
#13020000
0*
#13025000
1&
15
b101 <
b11101000 A
0?
1*
#13026000
b10010101111 E
#13030000
0*
#13035000
1#
b10011001 8
17
05
1*
#13036000
b10010110000 E
#13040000
0*
#13045000
15
b1 @
1?
1*
#13046000
b10010110001 E
#13050000
0*
#13055000
0#
b100 4
07
05
1*
#13056000
b10010110010 E
#13060000
0*
#13065000
15
b100 <
b11010000 A
0?
1*
#13066000
b10010110011 E
#13070000
0*
#13075000
1#
b110011 8
17
05
1*
#13076000
b10010110100 E
#13080000
0*
#13085000
15
b11 @
1?
1*
#13086000
b10010110101 E
#13090000
0*
#13095000
0#
b11 4
0$
07
05
1*
#13096000
b10010110110 E
#13100000
0*
#13105000
15
b11 <
b10100000 A
0?
1*
#13106000
b10010110111 E
#13110000
0*
#13115000
1#
b1100111 8
17
05
1*
#13116000
b10010111000 E
#13120000
0*
#13125000
15
b110 @
1?
1*
#13126000
b10010111001 E
#13130000
0*
#13135000
0#
b10 4
07
05
1*
#13136000
b10010111010 E
#13140000
0*
#13145000
0&
15
b10 <
b1000000 A
0?
1*
#13146000
b10010111011 E
#13150000
0*
#13155000
1#
b11001110 8
17
05
1*
#13156000
b10010111100 E
#13160000
0*
#13165000
15
b1100 @
1?
1*
#13166000
b10010111101 E
#13170000
0*
#13175000
0#
b1 4
07
05
1*
#13176000
b10010111110 E
#13180000
0*
#13185000
1&
15
b1 <
b10000000 A
0?
1*
#13186000
b10010111111 E
#13190000
0*
#13195000
1#
b10011101 8
17
05
1*
#13196000
b10011000000 E
#13200000
0*
#13205000
15
b11000 @
1?
1*
#13206000
b10011000001 E
#13210000
0*
#13215000
0#
b0 4
1$
07
05
1*
#13216000
b10011000010 E
#13220000
0*
#13225000
0&
15
b0 <
b0 A
0?
1*
#13226000
b10011000011 E
#13230000
0*
#13235000
1#
b111010 8
17
05
1*
#13236000
b10011000100 E
#13240000
0*
#13245000
15
b110001 @
1?
1*
#13246000
b10011000101 E
#13250000
0*
#13255000
0#
b10 :
0$
07
05
1*
#13256000
b10011000110 E
#13260000
0*
#13265000
15
0?
1*
#13266000
b10011000111 E
#13270000
0*
#13275000
0;
b0 :
1'
b111010 %
b111010 6
1(
05
1*
#13276000
b10011001000 E
#13280000
0*
#13285000
0'
b110001 A
1!
b110001 "
b110001 >
1=
1*
#13286000
b1100010 ,
b100001 /
#13290000
0*
#13295000
0!
1*
#13296000
1.
b10101110 +
b10101110 2
b10101110 B
b11001 0
#13300000
0*
#13305000
1;
b1 :
0(
b111 4
b10101110 9
1*
#13306000
0.
#13310000
0*
#13315000
b0 @
b111 <
0=
15
1*
#13316000
b10011001001 E
#13320000
0*
#13325000
1#
b1110100 8
17
05
1*
#13326000
b10011001010 E
#13330000
0*
#13335000
1?
15
1*
#13336000
b10011001011 E
#13340000
0*
#13345000
0#
b110 4
1$
07
05
1*
#13346000
b10011001100 E
#13350000
0*
#13355000
b110 <
b1100010 A
0?
15
1*
#13356000
b10011001101 E
#13360000
0*
#13365000
1#
b11101000 8
17
05
1*
#13366000
b10011001110 E
#13370000
0*
#13375000
b1 @
1?
15
1*
#13376000
b10011001111 E
#13380000
0*
#13385000
0#
b101 4
0$
07
05
1*
#13386000
b10011010000 E
#13390000
0*
#13395000
1&
b101 <
b11000100 A
0?
15
1*
#13396000
b10011010001 E
#13400000
0*
#13405000
1#
b11010001 8
17
05
1*
#13406000
b10011010010 E
#13410000
0*
#13415000
b10 @
1?
15
1*
#13416000
b10011010011 E
#13420000
0*
#13425000
0#
b100 4
1$
07
05
1*
#13426000
b10011010100 E
#13430000
0*
#13435000
b100 <
b10001000 A
0?
15
1*
#13436000
b10011010101 E
#13440000
0*
#13445000
1#
b10100011 8
17
05
1*
#13446000
b10011010110 E
#13450000
0*
#13455000
b101 @
1?
15
1*
#13456000
b10011010111 E
#13460000
0*
#13465000
0#
b11 4
0$
07
05
1*
#13466000
b10011011000 E
#13470000
0*
#13475000
0&
b11 <
b10000 A
0?
15
1*
#13476000
b10011011001 E
#13480000
0*
#13485000
1#
b1000110 8
17
05
1*
#13486000
b10011011010 E
#13490000
0*
#13495000
b1010 @
1?
15
1*
#13496000
b10011011011 E
#13500000
0*
#13505000
0#
b10 4
1$
07
05
1*
#13506000
b10011011100 E
#13510000
0*
#13515000
b10 <
b100000 A
0?
15
1*
#13516000
b10011011101 E
#13520000
0*
#13525000
1#
b10001100 8
17
05
1*
#13526000
b10011011110 E
#13530000
0*
#13535000
b10101 @
1?
15
1*
#13536000
b10011011111 E
#13540000
0*
#13545000
0#
b1 4
07
05
1*
#13546000
b10011100000 E
#13550000
0*
#13555000
b1 <
b1000000 A
0?
15
1*
#13556000
b10011100001 E
#13560000
0*
#13565000
1#
b11000 8
17
05
1*
#13566000
b10011100010 E
#13570000
0*
#13575000
b101011 @
1?
15
1*
#13576000
b10011100011 E
#13580000
0*
#13585000
0#
b0 4
07
05
1*
#13586000
b10011100100 E
#13590000
0*
#13595000
1&
b0 <
b10000000 A
0?
15
1*
#13596000
b10011100101 E
#13600000
0*
#13605000
1#
b110001 8
17
05
1*
#13606000
b10011100110 E
#13610000
0*
#13615000
b1010111 @
1?
15
1*
#13616000
b10011100111 E
#13620000
0*
#13625000
0#
b10 :
0$
07
05
1*
#13626000
b10011101000 E
#13630000
0*
#13635000
0?
15
1*
#13636000
b10011101001 E
#13640000
0*
#13645000
0;
b0 :
1'
b110001 %
b110001 6
1(
05
1*
#13646000
b10011101010 E
#13650000
0*
#13655000
0&
b1010111 A
1!
b1010111 "
b1010111 >
1=
0'
1*
#13656000
b10101110 ,
b100010 /
#13660000
0*
#13665000
0!
1*
#13666000
1.
b1011110 +
b1011110 2
b1011110 B
b11010 0
#13670000
0*
#13675000
1;
b1 :
0(
b111 4
b1011110 9
1*
#13676000
0.
#13680000
0*
#13685000
15
b0 @
b111 <
0=
1*
#13686000
b10011101011 E
#13690000
0*
#13695000
1#
b1100010 8
17
05
1*
#13696000
b10011101100 E
#13700000
0*
#13705000
15
1?
1*
#13706000
b10011101101 E
#13710000
0*
#13715000
0#
b110 4
07
05
1*
#13716000
b10011101110 E
#13720000
0*
#13725000
1&
15
b110 <
b10101110 A
0?
1*
#13726000
b10011101111 E
#13730000
0*
#13735000
1#
b11000101 8
17
05
1*
#13736000
b10011110000 E
#13740000
0*
#13745000
15
1?
1*
#13746000
b10011110001 E
#13750000
0*
#13755000
0#
b101 4
1$
07
05
1*
#13756000
b10011110010 E
#13760000
0*
#13765000
0&
15
b101 <
b1011100 A
0?
1*
#13766000
b10011110011 E
#13770000
0*
#13775000
1#
b10001010 8
17
05
1*
#13776000
b10011110100 E
#13780000
0*
#13785000
15
b1 @
1?
1*
#13786000
b10011110101 E
#13790000
0*
#13795000
0#
b100 4
0$
07
05
1*
#13796000
b10011110110 E
#13800000
0*
#13805000
1&
15
b100 <
b10111000 A
0?
1*
#13806000
b10011110111 E
#13810000
0*
#13815000
1#
b10101 8
17
05
1*
#13816000
b10011111000 E
#13820000
0*
#13825000
15
b10 @
1?
1*
#13826000
b10011111001 E
#13830000
0*
#13835000
0#
b11 4
1$
07
05
1*
#13836000
b10011111010 E
#13840000
0*
#13845000
0&
15
b11 <
b1110000 A
0?
1*
#13846000
b10011111011 E
#13850000
0*
#13855000
1#
b101010 8
17
05
1*
#13856000
b10011111100 E
#13860000
0*
#13865000
15
b101 @
1?
1*
#13866000
b10011111101 E
#13870000
0*
#13875000
0#
b10 4
07
05
1*
#13876000
b10011111110 E
#13880000
0*
#13885000
1&
15
b10 <
b11100000 A
0?
1*
#13886000
b10011111111 E
#13890000
0*
#13895000
1#
b1010101 8
17
05
1*
#13896000
b10100000000 E
#13900000
0*
#13905000
15
b1011 @
1?
1*
#13906000
b10100000001 E
#13910000
0*
#13915000
0#
b1 4
07
05
1*
#13916000
b10100000010 E
#13920000
0*
#13925000
15
b1 <
b11000000 A
0?
1*
#13926000
b10100000011 E
#13930000
0*
#13935000
1#
b10101011 8
17
05
1*
#13936000
b10100000100 E
#13940000
0*
#13945000
15
b10111 @
1?
1*
#13946000
b10100000101 E
#13950000
0*
#13955000
0#
b0 4
07
05
1*
#13956000
b10100000110 E
#13960000
0*
#13965000
15
b0 <
b10000000 A
0?
1*
#13966000
b10100000111 E
#13970000
0*
#13975000
1#
b1010111 8
17
05
1*
#13976000
b10100001000 E
#13980000
0*
#13985000
15
b101111 @
1?
1*
#13986000
b10100001001 E
#13990000
0*
#13995000
0#
b10 :
0$
07
05
1*
#13996000
b10100001010 E
#14000000
0*
#14005000
15
0?
1*
#14006000
b10100001011 E
#14010000
0*
#14015000
0;
b0 :
1'
b1010111 %
b1010111 6
1(
05
1*
#14016000
b10100001100 E
#14020000
0*
#14025000
0&
0'
b101111 A
1!
b101111 "
b101111 >
1=
1*
#14026000
b1011110 ,
b100011 /
#14030000
0*
#14035000
0!
1*
#14036000
1.
b10110 +
b10110 2
b10110 B
b11011 0
#14040000
0*
#14045000
1;
b1 :
0(
b111 4
b10110 9
1*
#14046000
0.
#14050000
0*
#14055000
b0 @
b111 <
0=
15
1*
#14056000
b10100001101 E
#14060000
0*
#14065000
1#
b10101110 8
17
05
1*
#14066000
b10100001110 E
#14070000
0*
#14075000
1?
15
1*
#14076000
b10100001111 E
#14080000
0*
#14085000
0#
b110 4
07
05
1*
#14086000
b10100010000 E
#14090000
0*
#14095000
b110 <
b1011110 A
0?
15
1*
#14096000
b10100010001 E
#14100000
0*
#14105000
1#
b1011100 8
17
05
1*
#14106000
b10100010010 E
#14110000
0*
#14115000
1?
15
1*
#14116000
b10100010011 E
#14120000
0*
#14125000
0#
b101 4
07
05
1*
#14126000
b10100010100 E
#14130000
0*
#14135000
1&
b101 <
b10111100 A
0?
15
1*
#14136000
b10100010101 E
#14140000
0*
#14145000
1#
b10111001 8
17
05
1*
#14146000
b10100010110 E
#14150000
0*
#14155000
1?
15
1*
#14156000
b10100010111 E
#14160000
0*
#14165000
0#
b100 4
07
05
1*
#14166000
b10100011000 E
#14170000
0*
#14175000
0&
b100 <
b1111000 A
0?
15
1*
#14176000
b10100011001 E
#14180000
0*
#14185000
1#
b1110010 8
17
05
1*
#14186000
b10100011010 E
#14190000
0*
#14195000
1?
15
1*
#14196000
b10100011011 E
#14200000
0*
#14205000
0#
b11 4
1$
07
05
1*
#14206000
b10100011100 E
#14210000
0*
#14215000
1&
b11 <
b11110000 A
0?
15
1*
#14216000
b10100011101 E
#14220000
0*
#14225000
1#
b11100101 8
17
05
1*
#14226000
b10100011110 E
#14230000
0*
#14235000
b1 @
1?
15
1*
#14236000
b10100011111 E
#14240000
0*
#14245000
0#
b10 4
0$
07
05
1*
#14246000
b10100100000 E
#14250000
0*
#14255000
b10 <
b11100000 A
0?
15
1*
#14256000
b10100100001 E
#14260000
0*
#14265000
1#
b11001011 8
17
05
1*
#14266000
b10100100010 E
#14270000
0*
#14275000
b10 @
1?
15
1*
#14276000
b10100100011 E
#14280000
0*
#14285000
0#
b1 4
1$
07
05
1*
#14286000
b10100100100 E
#14290000
0*
#14295000
b1 <
b11000000 A
0?
15
1*
#14296000
b10100100101 E
#14300000
0*
#14305000
1#
b10010111 8
17
05
1*
#14306000
b10100100110 E
#14310000
0*
#14315000
b101 @
1?
15
1*
#14316000
b10100100111 E
#14320000
0*
#14325000
0#
b0 4
07
05
1*
#14326000
b10100101000 E
#14330000
0*
#14335000
b0 <
b10000000 A
0?
15
1*
#14336000
b10100101001 E
#14340000
0*
#14345000
1#
b101111 8
17
05
1*
#14346000
b10100101010 E
#14350000
0*
#14355000
b1011 @
1?
15
1*
#14356000
b10100101011 E
#14360000
0*
#14365000
0#
b10 :
0$
07
05
1*
#14366000
b10100101100 E
#14370000
0*
#14375000
0?
15
1*
#14376000
b10100101101 E
#14380000
0*
#14385000
0;
b0 :
1'
b101111 %
b101111 6
1(
05
1*
#14386000
b10100101110 E
#14390000
0*
#14395000
0&
b1011 A
1!
b1011 "
b1011 >
1=
0'
1*
#14396000
b10110 ,
b100100 /
#14400000
0*
#14405000
0!
1*
#14406000
1.
b110010 +
b110010 2
b110010 B
b11100 0
#14410000
0*
#14415000
1;
b1 :
0(
b111 4
b110010 9
1*
#14416000
0.
#14420000
0*
#14425000
15
b0 @
b111 <
0=
1*
#14426000
b10100101111 E
#14430000
0*
#14435000
1#
b1011110 8
17
05
1*
#14436000
b10100110000 E
#14440000
0*
#14445000
15
1?
1*
#14446000
b10100110001 E
#14450000
0*
#14455000
0#
b110 4
07
05
1*
#14456000
b10100110010 E
#14460000
0*
#14465000
15
b110 <
b10110 A
0?
1*
#14466000
b10100110011 E
#14470000
0*
#14475000
1#
b10111100 8
17
05
1*
#14476000
b10100110100 E
#14480000
0*
#14485000
15
1?
1*
#14486000
b10100110101 E
#14490000
0*
#14495000
0#
b101 4
07
05
1*
#14496000
b10100110110 E
#14500000
0*
#14505000
15
b101 <
b101100 A
0?
1*
#14506000
b10100110111 E
#14510000
0*
#14515000
1#
b1111000 8
17
05
1*
#14516000
b10100111000 E
#14520000
0*
#14525000
15
1?
1*
#14526000
b10100111001 E
#14530000
0*
#14535000
0#
b100 4
1$
07
05
1*
#14536000
b10100111010 E
#14540000
0*
#14545000
15
b100 <
b1011000 A
0?
1*
#14546000
b10100111011 E
#14550000
0*
#14555000
1#
b11110000 8
17
05
1*
#14556000
b10100111100 E
#14560000
0*
#14565000
15
b1 @
1?
1*
#14566000
b10100111101 E
#14570000
0*
#14575000
0#
b11 4
07
05
1*
#14576000
b10100111110 E
#14580000
0*
#14585000
1&
15
b11 <
b10110000 A
0?
1*
#14586000
b10100111111 E
#14590000
0*
#14595000
1#
b11100001 8
17
05
1*
#14596000
b10101000000 E
#14600000
0*
#14605000
15
b11 @
1?
1*
#14606000
b10101000001 E
#14610000
0*
#14615000
0#
b10 4
0$
07
05
1*
#14616000
b10101000010 E
#14620000
0*
#14625000
0&
15
b10 <
b1100000 A
0?
1*
#14626000
b10101000011 E
#14630000
0*
#14635000
1#
b11000010 8
17
05
1*
#14636000
b10101000100 E
#14640000
0*
#14645000
15
b110 @
1?
1*
#14646000
b10101000101 E
#14650000
0*
#14655000
0#
b1 4
07
05
1*
#14656000
b10101000110 E
#14660000
0*
#14665000
1&
15
b1 <
b11000000 A
0?
1*
#14666000
b10101000111 E
#14670000
0*
#14675000
1#
b10000101 8
17
05
1*
#14676000
b10101001000 E
#14680000
0*
#14685000
15
b1100 @
1?
1*
#14686000
b10101001001 E
#14690000
0*
#14695000
0#
b0 4
1$
07
05
1*
#14696000
b10101001010 E
#14700000
0*
#14705000
15
b0 <
b10000000 A
0?
1*
#14706000
b10101001011 E
#14710000
0*
#14715000
1#
b1011 8
17
05
1*
#14716000
b10101001100 E
#14720000
0*
#14725000
15
b11001 @
1?
1*
#14726000
b10101001101 E
#14730000
0*
#14735000
0#
b10 :
0$
07
05
1*
#14736000
b10101001110 E
#14740000
0*
#14745000
15
0?
1*
#14746000
b10101001111 E
#14750000
0*
#14755000
0;
b0 :
1'
b1011 %
b1011 6
1(
05
1*
#14756000
b10101010000 E
#14760000
0*
#14765000
0&
0'
b11001 A
1!
b11001 "
b11001 >
1=
1*
#14766000
b110010 ,
b100101 /
#14770000
0*
#14775000
0!
1*
#14776000
1.
b110001 +
b110001 2
b110001 B
b11101 0
#14780000
0*
#14785000
1;
b1 :
0(
b111 4
b110001 9
1*
#14786000
0.
#14790000
0*
#14795000
b0 @
b111 <
0=
15
1*
#14796000
b10101010001 E
#14800000
0*
#14805000
1#
b10110 8
17
05
1*
#14806000
b10101010010 E
#14810000
0*
#14815000
1?
15
1*
#14816000
b10101010011 E
#14820000
0*
#14825000
0#
b110 4
07
05
1*
#14826000
b10101010100 E
#14830000
0*
#14835000
b110 <
b110010 A
0?
15
1*
#14836000
b10101010101 E
#14840000
0*
#14845000
1#
b101100 8
17
05
1*
#14846000
b10101010110 E
#14850000
0*
#14855000
1?
15
1*
#14856000
b10101010111 E
#14860000
0*
#14865000
0#
b101 4
07
05
1*
#14866000
b10101011000 E
#14870000
0*
#14875000
b101 <
b1100100 A
0?
15
1*
#14876000
b10101011001 E
#14880000
0*
#14885000
1#
b1011000 8
17
05
1*
#14886000
b10101011010 E
#14890000
0*
#14895000
1?
15
1*
#14896000
b10101011011 E
#14900000
0*
#14905000
0#
b100 4
1$
07
05
1*
#14906000
b10101011100 E
#14910000
0*
#14915000
1&
b100 <
b11001000 A
0?
15
1*
#14916000
b10101011101 E
#14920000
0*
#14925000
1#
b10110001 8
17
05
1*
#14926000
b10101011110 E
#14930000
0*
#14935000
b1 @
1?
15
1*
#14936000
b10101011111 E
#14940000
0*
#14945000
0#
b11 4
07
05
1*
#14946000
b10101100000 E
#14950000
0*
#14955000
b11 <
b10010000 A
0?
15
1*
#14956000
b10101100001 E
#14960000
0*
#14965000
1#
b1100011 8
17
05
1*
#14966000
b10101100010 E
#14970000
0*
#14975000
b11 @
1?
15
1*
#14976000
b10101100011 E
#14980000
0*
#14985000
0#
b10 4
0$
07
05
1*
#14986000
b10101100100 E
#14990000
0*
#14995000
0&
b10 <
b100000 A
0?
15
1*
#14996000
b10101100101 E
#15000000
0*
#15005000
1#
b11000110 8
17
05
1*
#15006000
b10101100110 E
#15010000
0*
#15015000
b110 @
1?
15
1*
#15016000
b10101100111 E
#15020000
0*
#15025000
0#
b1 4
07
05
1*
#15026000
b10101101000 E
#15030000
0*
#15035000
b1 <
b1000000 A
0?
15
1*
#15036000
b10101101001 E
#15040000
0*
#15045000
1#
b10001100 8
17
05
1*
#15046000
b10101101010 E
#15050000
0*
#15055000
b1100 @
1?
15
1*
#15056000
b10101101011 E
#15060000
0*
#15065000
0#
b0 4
07
05
1*
#15066000
b10101101100 E
#15070000
0*
#15075000
1&
b0 <
b10000000 A
0?
15
1*
#15076000
b10101101101 E
#15080000
0*
#15085000
1#
b11001 8
17
05
1*
#15086000
b10101101110 E
#15090000
0*
#15095000
b11000 @
1?
15
1*
#15096000
b10101101111 E
#15100000
0*
#15105000
0#
b10 :
1$
07
05
1*
#15106000
b10101110000 E
#15110000
0*
#15115000
0?
15
1*
#15116000
b10101110001 E
#15120000
0*
#15125000
0;
b0 :
1'
b11001 %
b11001 6
0$
1(
05
1*
#15126000
b10101110010 E
#15130000
0*
#15135000
0&
b11000 A
1!
b11000 "
b11000 >
1=
0'
1*
#15136000
b110001 ,
b100110 /
#15140000
0*
#15145000
0!
1*
#15146000
b11110 0
