$date
	Thu Jun 04 22:34:38 2026
$end
$version
	Icarus Verilog
$end
$timescale
	1ps
$end
$scope module tb_uart_top $end
$var wire 1 ! tx_out $end
$var wire 1 " tx_done $end
$var wire 1 # tx_busy $end
$var wire 1 $ rx_valid $end
$var wire 1 % rx_error $end
$var wire 8 & rx_data [7:0] $end
$var wire 1 ' rx_busy $end
$var parameter 32 ( BAUD_RATE $end
$var parameter 32 ) CLK_FREQ $end
$var reg 1 * clk $end
$var reg 1 + rst $end
$var reg 8 , tx_data [7:0] $end
$var reg 1 - tx_start $end
$var integer 32 . error_count [31:0] $end
$var integer 32 / fail_count [31:0] $end
$var integer 32 0 i [31:0] $end
$var integer 32 1 pass_count [31:0] $end
$scope module dut $end
$var wire 1 * clk $end
$var wire 1 + rst $end
$var wire 8 2 tx_data [7:0] $end
$var wire 1 - tx_start $end
$var wire 1 ! tx_out $end
$var wire 1 " tx_done $end
$var wire 1 # tx_busy $end
$var wire 1 $ rx_valid $end
$var wire 1 ! rx_in $end
$var wire 1 % rx_error $end
$var wire 8 3 rx_data [7:0] $end
$var wire 1 ' rx_busy $end
$var parameter 32 4 BAUD_RATE $end
$var parameter 32 5 CLK_FREQ $end
$scope module rx_inst $end
$var wire 1 * clk $end
$var wire 1 + rst $end
$var wire 1 6 rx_in_sync $end
$var wire 1 ! rx_in $end
$var wire 1 7 half_tick $end
$var wire 1 8 baud_tick $end
$var parameter 32 9 BAUD_DIV $end
$var parameter 32 : BAUD_RATE $end
$var parameter 32 ; CLK_FREQ $end
$var parameter 32 < HALF_DIV $end
$var reg 4 = baud_cnt [3:0] $end
$var reg 3 > bit_idx [2:0] $end
$var reg 1 ' rx_busy $end
$var reg 8 ? rx_data [7:0] $end
$var reg 1 % rx_error $end
$var reg 1 @ rx_ff1 $end
$var reg 1 A rx_ff2 $end
$var reg 8 B rx_shift [7:0] $end
$var reg 1 $ rx_valid $end
$var reg 2 C state [1:0] $end
$upscope $end
$scope module tx_inst $end
$var wire 1 * clk $end
$var wire 1 + rst $end
$var wire 8 D tx_data [7:0] $end
$var wire 1 - tx_start $end
$var wire 1 E baud_tick $end
$var parameter 32 F BAUD_DIV $end
$var parameter 32 G BAUD_RATE $end
$var parameter 32 H CLK_FREQ $end
$var reg 4 I baud_cnt [3:0] $end
$var reg 3 J bit_idx [2:0] $end
$var reg 2 K state [1:0] $end
$var reg 1 # tx_busy $end
$var reg 1 " tx_done $end
$var reg 1 ! tx_out $end
$var reg 8 L tx_shift [7:0] $end
$upscope $end
$upscope $end
$scope begin $unm_blk_37 $end
$var integer 32 M rv [31:0] $end
$var integer 32 N td [31:0] $end
$var integer 32 O timeout [31:0] $end
$upscope $end
$scope task loopback_byte $end
$var reg 8 P data [7:0] $end
$upscope $end
$scope task tick $end
$upscope $end
$scope task wait_rx_valid $end
$var integer 32 Q timeout [31:0] $end
$upscope $end
$upscope $end
$enddefinitions $end
$comment Show the parameter values. $end
$dumpall
b1100100 H
b1010 G
b1010 F
b101 <
b1100100 ;
b1010 :
b1010 9
b1100100 5
b1010 4
b1100100 )
b1010 (
$end
#0
$dumpvars
b0 Q
bx P
b0 O
b0 N
b0 M
bx L
bx K
bx J
bx I
xE
b0 D
bx C
bx B
xA
x@
bx ?
bx >
bx =
x8
x7
x6
bx 3
b0 2
b0 1
bx 0
b0 /
b0 .
0-
b0 ,
1+
0*
x'
bx &
x%
x$
x#
x"
x!
$end
#5000
b0 L
0"
0#
1!
b0 J
0E
b0 I
b0 K
0%
0'
0$
b0 &
b0 3
b0 ?
b0 B
b0 >
08
07
b0 =
b0 C
1*
#10000
0*
#15000
1@
1*
#16000
0+
#20000
0*
#25000
16
1A
1*
#26000
1-
b0 P
#30000
0*
#35000
1#
b1 K
1*
#36000
0-
#40000
0*
#45000
b1 I
0!
1*
#46000
b1 Q
#50000
0*
#55000
0@
b10 I
1*
#56000
b10 Q
#60000
0*
#65000
b11 I
06
0A
1*
#66000
b11 Q
#70000
0*
#75000
1'
b1 C
b100 I
1*
#76000
b100 Q
#80000
0*
#85000
b101 I
b1 =
1*
#86000
b101 Q
#90000
0*
#95000
b10 =
b110 I
1*
#96000
b110 Q
#100000
0*
#105000
b111 I
b11 =
1*
#106000
b111 Q
#110000
0*
#115000
17
b100 =
b1000 I
1*
#116000
b1000 Q
#120000
0*
#125000
1E
b1001 I
b10 C
07
b0 =
1*
#126000
b1001 Q
#130000
0*
#135000
b1 =
b10 K
0E
b0 I
1*
#136000
b1010 Q
#140000
0*
#145000
b1 I
b10 =
1*
#146000
b1011 Q
#150000
0*
#155000
b11 =
b10 I
1*
#156000
b1100 Q
#160000
0*
#165000
b11 I
17
b100 =
1*
#166000
b1101 Q
#170000
0*
#175000
07
b101 =
b100 I
1*
#176000
b1110 Q
#180000
0*
#185000
b101 I
b110 =
1*
#186000
b1111 Q
#190000
0*
#195000
b111 =
b110 I
1*
#196000
b10000 Q
#200000
0*
#205000
b111 I
b1000 =
1*
#206000
b10001 Q
#210000
0*
#215000
18
b1001 =
b1000 I
1*
#216000
b10010 Q
#220000
0*
#225000
1E
b1001 I
b1 >
08
b0 =
1*
#226000
b10011 Q
#230000
0*
#235000
b1 =
b1 J
0E
b0 I
1*
#236000
b10100 Q
#240000
0*
#245000
b1 I
b10 =
1*
#246000
b10101 Q
#250000
0*
#255000
b11 =
b10 I
1*
#256000
b10110 Q
#260000
0*
#265000
b11 I
17
b100 =
1*
#266000
b10111 Q
#270000
0*
#275000
07
b101 =
b100 I
1*
#276000
b11000 Q
#280000
0*
#285000
b101 I
b110 =
1*
#286000
b11001 Q
#290000
0*
#295000
b111 =
b110 I
1*
#296000
b11010 Q
#300000
0*
#305000
b111 I
b1000 =
1*
#306000
b11011 Q
#310000
0*
#315000
18
b1001 =
b1000 I
1*
#316000
b11100 Q
#320000
0*
#325000
1E
b1001 I
b10 >
08
b0 =
1*
#326000
b11101 Q
#330000
0*
#335000
b1 =
b10 J
0E
b0 I
1*
#336000
b11110 Q
#340000
0*
#345000
b1 I
b10 =
1*
#346000
b11111 Q
#350000
0*
#355000
b11 =
b10 I
1*
#356000
b100000 Q
#360000
0*
#365000
b11 I
17
b100 =
1*
#366000
b100001 Q
#370000
0*
#375000
07
b101 =
b100 I
1*
#376000
b100010 Q
#380000
0*
#385000
b101 I
b110 =
1*
#386000
b100011 Q
#390000
0*
#395000
b111 =
b110 I
1*
#396000
b100100 Q
#400000
0*
#405000
b111 I
b1000 =
1*
#406000
b100101 Q
#410000
0*
#415000
18
b1001 =
b1000 I
1*
#416000
b100110 Q
#420000
0*
#425000
1E
b1001 I
b11 >
08
b0 =
1*
#426000
b100111 Q
#430000
0*
#435000
b1 =
b11 J
0E
b0 I
1*
#436000
b101000 Q
#440000
0*
#445000
b1 I
b10 =
1*
#446000
b101001 Q
#450000
0*
#455000
b11 =
b10 I
1*
#456000
b101010 Q
#460000
0*
#465000
b11 I
17
b100 =
1*
#466000
b101011 Q
#470000
0*
#475000
07
b101 =
b100 I
1*
#476000
b101100 Q
#480000
0*
#485000
b101 I
b110 =
1*
#486000
b101101 Q
#490000
0*
#495000
b111 =
b110 I
1*
#496000
b101110 Q
#500000
0*
#505000
b111 I
b1000 =
1*
#506000
b101111 Q
#510000
0*
#515000
18
b1001 =
b1000 I
1*
#516000
b110000 Q
#520000
0*
#525000
1E
b1001 I
b100 >
08
b0 =
1*
#526000
b110001 Q
#530000
0*
#535000
b1 =
b100 J
0E
b0 I
1*
#536000
b110010 Q
#540000
0*
#545000
b1 I
b10 =
1*
#546000
b110011 Q
#550000
0*
#555000
b11 =
b10 I
1*
#556000
b110100 Q
#560000
0*
#565000
b11 I
17
b100 =
1*
#566000
b110101 Q
#570000
0*
#575000
07
b101 =
b100 I
1*
#576000
b110110 Q
#580000
0*
#585000
b101 I
b110 =
1*
#586000
b110111 Q
#590000
0*
#595000
b111 =
b110 I
1*
#596000
b111000 Q
#600000
0*
#605000
b111 I
b1000 =
1*
#606000
b111001 Q
#610000
0*
#615000
18
b1001 =
b1000 I
1*
#616000
b111010 Q
#620000
0*
#625000
1E
b1001 I
b101 >
08
b0 =
1*
#626000
b111011 Q
#630000
0*
#635000
b1 =
b101 J
0E
b0 I
1*
#636000
b111100 Q
#640000
0*
#645000
b1 I
b10 =
1*
#646000
b111101 Q
#650000
0*
#655000
b11 =
b10 I
1*
#656000
b111110 Q
#660000
0*
#665000
b11 I
17
b100 =
1*
#666000
b111111 Q
#670000
0*
#675000
07
b101 =
b100 I
1*
#676000
b1000000 Q
#680000
0*
#685000
b101 I
b110 =
1*
#686000
b1000001 Q
#690000
0*
#695000
b111 =
b110 I
1*
#696000
b1000010 Q
#700000
0*
#705000
b111 I
b1000 =
1*
#706000
b1000011 Q
#710000
0*
#715000
18
b1001 =
b1000 I
1*
#716000
b1000100 Q
#720000
0*
#725000
1E
b1001 I
b110 >
08
b0 =
1*
#726000
b1000101 Q
#730000
0*
#735000
b1 =
b110 J
0E
b0 I
1*
#736000
b1000110 Q
#740000
0*
#745000
b1 I
b10 =
1*
#746000
b1000111 Q
#750000
0*
#755000
b11 =
b10 I
1*
#756000
b1001000 Q
#760000
0*
#765000
b11 I
17
b100 =
1*
#766000
b1001001 Q
#770000
0*
#775000
07
b101 =
b100 I
1*
#776000
b1001010 Q
#780000
0*
#785000
b101 I
b110 =
1*
#786000
b1001011 Q
#790000
0*
#795000
b111 =
b110 I
1*
#796000
b1001100 Q
#800000
0*
#805000
b111 I
b1000 =
1*
#806000
b1001101 Q
#810000
0*
#815000
18
b1001 =
b1000 I
1*
#816000
b1001110 Q
#820000
0*
#825000
1E
b1001 I
b111 >
08
b0 =
1*
#826000
b1001111 Q
#830000
0*
#835000
b1 =
b111 J
0E
b0 I
1*
#836000
b1010000 Q
#840000
0*
#845000
b1 I
b10 =
1*
#846000
b1010001 Q
#850000
0*
#855000
b11 =
b10 I
1*
#856000
b1010010 Q
#860000
0*
#865000
b11 I
17
b100 =
1*
#866000
b1010011 Q
#870000
0*
#875000
07
b101 =
b100 I
1*
#876000
b1010100 Q
#880000
0*
#885000
b101 I
b110 =
1*
#886000
b1010101 Q
#890000
0*
#895000
b111 =
b110 I
1*
#896000
b1010110 Q
#900000
0*
#905000
b111 I
b1000 =
1*
#906000
b1010111 Q
#910000
0*
#915000
18
b1001 =
b1000 I
1*
#916000
b1011000 Q
#920000
0*
#925000
1E
b1001 I
b11 C
08
b0 =
1*
#926000
b1011001 Q
#930000
0*
#935000
b1 =
b11 K
0E
b0 I
1*
#936000
b1011010 Q
#940000
0*
#945000
b1 I
1!
b10 =
1*
#946000
b1011011 Q
#950000
0*
#955000
b11 =
1@
b10 I
1*
#956000
b1011100 Q
#960000
0*
#965000
b11 I
16
1A
17
b100 =
1*
#966000
b1011101 Q
#970000
0*
#975000
07
b101 =
b100 I
1*
#976000
b1011110 Q
#980000
0*
#985000
b101 I
b110 =
1*
#986000
b1011111 Q
#990000
0*
#995000
b111 =
b110 I
1*
#996000
b1100000 Q
#1000000
0*
#1005000
b111 I
b1000 =
1*
#1006000
b1100001 Q
#1010000
0*
#1015000
18
b1001 =
b1000 I
1*
#1016000
b1100010 Q
#1020000
0*
#1025000
1E
b1001 I
b0 C
0'
1$
08
b0 =
1*
#1026000
b1 1
b1100011 Q
#1030000
0*
#1035000
0$
b0 K
0#
1"
0E
b0 I
1*
#1040000
0*
#1045000
0"
1*
#1046000
1-
b11111111 ,
b11111111 2
b11111111 D
b11111111 P
#1050000
0*
#1055000
1#
b1 K
b11111111 L
1*
#1056000
0-
#1060000
0*
#1065000
b1 I
0!
1*
#1066000
b1100100 Q
#1070000
0*
#1075000
0@
b10 I
1*
#1076000
b1100101 Q
#1080000
0*
#1085000
b11 I
06
0A
1*
#1086000
b1100110 Q
#1090000
0*
#1095000
1'
b1 C
b100 I
1*
#1096000
b1100111 Q
#1100000
0*
#1105000
b101 I
b1 =
1*
#1106000
b1101000 Q
#1110000
0*
#1115000
b10 =
b110 I
1*
#1116000
b1101001 Q
#1120000
0*
#1125000
b111 I
b11 =
1*
#1126000
b1101010 Q
#1130000
0*
#1135000
17
b100 =
b1000 I
1*
#1136000
b1101011 Q
#1140000
0*
#1145000
1E
b1001 I
b10 C
b0 >
07
b0 =
1*
#1146000
b1101100 Q
#1150000
0*
#1155000
b1 =
b10 K
b0 J
0E
b0 I
1*
#1156000
b1101101 Q
#1160000
0*
#1165000
b1 I
1!
b10 =
1*
#1166000
b1101110 Q
#1170000
0*
#1175000
b11 =
1@
b10 I
1*
#1176000
b1101111 Q
#1180000
0*
#1185000
b11 I
16
1A
17
b100 =
1*
#1186000
b1110000 Q
#1190000
0*
#1195000
07
b101 =
b100 I
1*
#1196000
b1110001 Q
#1200000
0*
#1205000
b101 I
b110 =
1*
#1206000
b1110010 Q
#1210000
0*
#1215000
b111 =
b110 I
1*
#1216000
b1110011 Q
#1220000
0*
#1225000
b111 I
b1000 =
1*
#1226000
b1110100 Q
#1230000
0*
#1235000
18
b1001 =
b1000 I
1*
#1236000
b1110101 Q
#1240000
0*
#1245000
1E
b1001 I
b1 >
08
b0 =
b1 B
1*
#1246000
b1110110 Q
#1250000
0*
#1255000
b1 =
b1 J
0E
b0 I
1*
#1256000
b1110111 Q
#1260000
0*
#1265000
b1 I
b10 =
1*
#1266000
b1111000 Q
#1270000
0*
#1275000
b11 =
b10 I
1*
#1276000
b1111001 Q
#1280000
0*
#1285000
b11 I
17
b100 =
1*
#1286000
b1111010 Q
#1290000
0*
#1295000
07
b101 =
b100 I
1*
#1296000
b1111011 Q
#1300000
0*
#1305000
b101 I
b110 =
1*
#1306000
b1111100 Q
#1310000
0*
#1315000
b111 =
b110 I
1*
#1316000
b1111101 Q
#1320000
0*
#1325000
b111 I
b1000 =
1*
#1326000
b1111110 Q
#1330000
0*
#1335000
18
b1001 =
b1000 I
1*
#1336000
b1111111 Q
#1340000
0*
#1345000
1E
b1001 I
b10 >
08
b0 =
b11 B
1*
#1346000
b10000000 Q
#1350000
0*
#1355000
b1 =
b10 J
0E
b0 I
1*
#1356000
b10000001 Q
#1360000
0*
#1365000
b1 I
b10 =
1*
#1366000
b10000010 Q
#1370000
0*
#1375000
b11 =
b10 I
1*
#1376000
b10000011 Q
#1380000
0*
#1385000
b11 I
17
b100 =
1*
#1386000
b10000100 Q
#1390000
0*
#1395000
07
b101 =
b100 I
1*
#1396000
b10000101 Q
#1400000
0*
#1405000
b101 I
b110 =
1*
#1406000
b10000110 Q
#1410000
0*
#1415000
b111 =
b110 I
1*
#1416000
b10000111 Q
#1420000
0*
#1425000
b111 I
b1000 =
1*
#1426000
b10001000 Q
#1430000
0*
#1435000
18
b1001 =
b1000 I
1*
#1436000
b10001001 Q
#1440000
0*
#1445000
1E
b1001 I
b11 >
08
b0 =
b111 B
1*
#1446000
b10001010 Q
#1450000
0*
#1455000
b1 =
b11 J
0E
b0 I
1*
#1456000
b10001011 Q
#1460000
0*
#1465000
b1 I
b10 =
1*
#1466000
b10001100 Q
#1470000
0*
#1475000
b11 =
b10 I
1*
#1476000
b10001101 Q
#1480000
0*
#1485000
b11 I
17
b100 =
1*
#1486000
b10001110 Q
#1490000
0*
#1495000
07
b101 =
b100 I
1*
#1496000
b10001111 Q
#1500000
0*
#1505000
b101 I
b110 =
1*
#1506000
b10010000 Q
#1510000
0*
#1515000
b111 =
b110 I
1*
#1516000
b10010001 Q
#1520000
0*
#1525000
b111 I
b1000 =
1*
#1526000
b10010010 Q
#1530000
0*
#1535000
18
b1001 =
b1000 I
1*
#1536000
b10010011 Q
#1540000
0*
#1545000
1E
b1001 I
b100 >
08
b0 =
b1111 B
1*
#1546000
b10010100 Q
#1550000
0*
#1555000
b1 =
b100 J
0E
b0 I
1*
#1556000
b10010101 Q
#1560000
0*
#1565000
b1 I
b10 =
1*
#1566000
b10010110 Q
#1570000
0*
#1575000
b11 =
b10 I
1*
#1576000
b10010111 Q
#1580000
0*
#1585000
b11 I
17
b100 =
1*
#1586000
b10011000 Q
#1590000
0*
#1595000
07
b101 =
b100 I
1*
#1596000
b10011001 Q
#1600000
0*
#1605000
b101 I
b110 =
1*
#1606000
b10011010 Q
#1610000
0*
#1615000
b111 =
b110 I
1*
#1616000
b10011011 Q
#1620000
0*
#1625000
b111 I
b1000 =
1*
#1626000
b10011100 Q
#1630000
0*
#1635000
18
b1001 =
b1000 I
1*
#1636000
b10011101 Q
#1640000
0*
#1645000
1E
b1001 I
b101 >
08
b0 =
b11111 B
1*
#1646000
b10011110 Q
#1650000
0*
#1655000
b1 =
b101 J
0E
b0 I
1*
#1656000
b10011111 Q
#1660000
0*
#1665000
b1 I
b10 =
1*
#1666000
b10100000 Q
#1670000
0*
#1675000
b11 =
b10 I
1*
#1676000
b10100001 Q
#1680000
0*
#1685000
b11 I
17
b100 =
1*
#1686000
b10100010 Q
#1690000
0*
#1695000
07
b101 =
b100 I
1*
#1696000
b10100011 Q
#1700000
0*
#1705000
b101 I
b110 =
1*
#1706000
b10100100 Q
#1710000
0*
#1715000
b111 =
b110 I
1*
#1716000
b10100101 Q
#1720000
0*
#1725000
b111 I
b1000 =
1*
#1726000
b10100110 Q
#1730000
0*
#1735000
18
b1001 =
b1000 I
1*
#1736000
b10100111 Q
#1740000
0*
#1745000
1E
b1001 I
b110 >
08
b0 =
b111111 B
1*
#1746000
b10101000 Q
#1750000
0*
#1755000
b1 =
b110 J
0E
b0 I
1*
#1756000
b10101001 Q
#1760000
0*
#1765000
b1 I
b10 =
1*
#1766000
b10101010 Q
#1770000
0*
#1775000
b11 =
b10 I
1*
#1776000
b10101011 Q
#1780000
0*
#1785000
b11 I
17
b100 =
1*
#1786000
b10101100 Q
#1790000
0*
#1795000
07
b101 =
b100 I
1*
#1796000
b10101101 Q
#1800000
0*
#1805000
b101 I
b110 =
1*
#1806000
b10101110 Q
#1810000
0*
#1815000
b111 =
b110 I
1*
#1816000
b10101111 Q
#1820000
0*
#1825000
b111 I
b1000 =
1*
#1826000
b10110000 Q
#1830000
0*
#1835000
18
b1001 =
b1000 I
1*
#1836000
b10110001 Q
#1840000
0*
#1845000
1E
b1001 I
b111 >
08
b0 =
b1111111 B
1*
#1846000
b10110010 Q
#1850000
0*
#1855000
b1 =
b111 J
0E
b0 I
1*
#1856000
b10110011 Q
#1860000
0*
#1865000
b1 I
b10 =
1*
#1866000
b10110100 Q
#1870000
0*
#1875000
b11 =
b10 I
1*
#1876000
b10110101 Q
#1880000
0*
#1885000
b11 I
17
b100 =
1*
#1886000
b10110110 Q
#1890000
0*
#1895000
07
b101 =
b100 I
1*
#1896000
b10110111 Q
#1900000
0*
#1905000
b101 I
b110 =
1*
#1906000
b10111000 Q
#1910000
0*
#1915000
b111 =
b110 I
1*
#1916000
b10111001 Q
#1920000
0*
#1925000
b111 I
b1000 =
1*
#1926000
b10111010 Q
#1930000
0*
#1935000
18
b1001 =
b1000 I
1*
#1936000
b10111011 Q
#1940000
0*
#1945000
1E
b1001 I
b11 C
08
b0 =
b11111111 B
1*
#1946000
b10111100 Q
#1950000
0*
#1955000
b1 =
b11 K
0E
b0 I
1*
#1956000
b10111101 Q
#1960000
0*
#1965000
b1 I
b10 =
1*
#1966000
b10111110 Q
#1970000
0*
#1975000
b11 =
b10 I
1*
#1976000
b10111111 Q
#1980000
0*
#1985000
b11 I
17
b100 =
1*
#1986000
b11000000 Q
#1990000
0*
#1995000
07
b101 =
b100 I
1*
#1996000
b11000001 Q
#2000000
0*
#2005000
b101 I
b110 =
1*
#2006000
b11000010 Q
#2010000
0*
#2015000
b111 =
b110 I
1*
#2016000
b11000011 Q
#2020000
0*
#2025000
b111 I
b1000 =
1*
#2026000
b11000100 Q
#2030000
0*
#2035000
18
b1001 =
b1000 I
1*
#2036000
b11000101 Q
#2040000
0*
#2045000
1E
b1001 I
b0 C
0'
1$
b11111111 &
b11111111 3
b11111111 ?
08
b0 =
1*
#2046000
b10 1
b11000110 Q
#2050000
0*
#2055000
0$
b0 K
0#
1"
0E
b0 I
1*
#2060000
0*
#2065000
0"
1*
#2066000
1-
b1010101 ,
b1010101 2
b1010101 D
b1010101 P
#2070000
0*
#2075000
1#
b1 K
b1010101 L
1*
#2076000
0-
#2080000
0*
#2085000
b1 I
0!
1*
#2086000
b11000111 Q
#2090000
0*
#2095000
0@
b10 I
1*
#2096000
b11001000 Q
#2100000
0*
#2105000
b11 I
06
0A
1*
#2106000
b11001001 Q
#2110000
0*
#2115000
1'
b1 C
b100 I
1*
#2116000
b11001010 Q
#2120000
0*
#2125000
b101 I
b1 =
1*
#2126000
b11001011 Q
#2130000
0*
#2135000
b10 =
b110 I
1*
#2136000
b11001100 Q
#2140000
0*
#2145000
b111 I
b11 =
1*
#2146000
b11001101 Q
#2150000
0*
#2155000
17
b100 =
b1000 I
1*
#2156000
b11001110 Q
#2160000
0*
#2165000
1E
b1001 I
b10 C
b0 >
07
b0 =
1*
#2166000
b11001111 Q
#2170000
0*
#2175000
b1 =
b10 K
b0 J
0E
b0 I
1*
#2176000
b11010000 Q
#2180000
0*
#2185000
b1 I
1!
b10 =
1*
#2186000
b11010001 Q
#2190000
0*
#2195000
b11 =
1@
b10 I
1*
#2196000
b11010010 Q
#2200000
0*
#2205000
b11 I
16
1A
17
b100 =
1*
#2206000
b11010011 Q
#2210000
0*
#2215000
07
b101 =
b100 I
1*
#2216000
b11010100 Q
#2220000
0*
#2225000
b101 I
b110 =
1*
#2226000
b11010101 Q
#2230000
0*
#2235000
b111 =
b110 I
1*
#2236000
b11010110 Q
#2240000
0*
#2245000
b111 I
b1000 =
1*
#2246000
b11010111 Q
#2250000
0*
#2255000
18
b1001 =
b1000 I
1*
#2256000
b11011000 Q
#2260000
0*
#2265000
1E
b1001 I
b1 >
08
b0 =
1*
#2266000
b11011001 Q
#2270000
0*
#2275000
b1 =
b1 J
0E
b0 I
1*
#2276000
b11011010 Q
#2280000
0*
#2285000
b1 I
0!
b10 =
1*
#2286000
b11011011 Q
#2290000
0*
#2295000
b11 =
0@
b10 I
1*
#2296000
b11011100 Q
#2300000
0*
#2305000
b11 I
06
0A
17
b100 =
1*
#2306000
b11011101 Q
#2310000
0*
#2315000
07
b101 =
b100 I
1*
#2316000
b11011110 Q
#2320000
0*
#2325000
b101 I
b110 =
1*
#2326000
b11011111 Q
#2330000
0*
#2335000
b111 =
b110 I
1*
#2336000
b11100000 Q
#2340000
0*
#2345000
b111 I
b1000 =
1*
#2346000
b11100001 Q
#2350000
0*
#2355000
18
b1001 =
b1000 I
1*
#2356000
b11100010 Q
#2360000
0*
#2365000
1E
b1001 I
b10 >
08
b0 =
b11111101 B
1*
#2366000
b11100011 Q
#2370000
0*
#2375000
b1 =
b10 J
0E
b0 I
1*
#2376000
b11100100 Q
#2380000
0*
#2385000
b1 I
1!
b10 =
1*
#2386000
b11100101 Q
#2390000
0*
#2395000
b11 =
1@
b10 I
1*
#2396000
b11100110 Q
#2400000
0*
#2405000
b11 I
16
1A
17
b100 =
1*
#2406000
b11100111 Q
#2410000
0*
#2415000
07
b101 =
b100 I
1*
#2416000
b11101000 Q
#2420000
0*
#2425000
b101 I
b110 =
1*
#2426000
b11101001 Q
#2430000
0*
#2435000
b111 =
b110 I
1*
#2436000
b11101010 Q
#2440000
0*
#2445000
b111 I
b1000 =
1*
#2446000
b11101011 Q
#2450000
0*
#2455000
18
b1001 =
b1000 I
1*
#2456000
b11101100 Q
#2460000
0*
#2465000
1E
b1001 I
b11 >
08
b0 =
1*
#2466000
b11101101 Q
#2470000
0*
#2475000
b1 =
b11 J
0E
b0 I
1*
#2476000
b11101110 Q
#2480000
0*
#2485000
b1 I
0!
b10 =
1*
#2486000
b11101111 Q
#2490000
0*
#2495000
b11 =
0@
b10 I
1*
#2496000
b11110000 Q
#2500000
0*
#2505000
b11 I
06
0A
17
b100 =
1*
#2506000
b11110001 Q
#2510000
0*
#2515000
07
b101 =
b100 I
1*
#2516000
b11110010 Q
#2520000
0*
#2525000
b101 I
b110 =
1*
#2526000
b11110011 Q
#2530000
0*
#2535000
b111 =
b110 I
1*
#2536000
b11110100 Q
#2540000
0*
#2545000
b111 I
b1000 =
1*
#2546000
b11110101 Q
#2550000
0*
#2555000
18
b1001 =
b1000 I
1*
#2556000
b11110110 Q
#2560000
0*
#2565000
1E
b1001 I
b100 >
08
b0 =
b11110101 B
1*
#2566000
b11110111 Q
#2570000
0*
#2575000
b1 =
b100 J
0E
b0 I
1*
#2576000
b11111000 Q
#2580000
0*
#2585000
b1 I
1!
b10 =
1*
#2586000
b11111001 Q
#2590000
0*
#2595000
b11 =
1@
b10 I
1*
#2596000
b11111010 Q
#2600000
0*
#2605000
b11 I
16
1A
17
b100 =
1*
#2606000
b11111011 Q
#2610000
0*
#2615000
07
b101 =
b100 I
1*
#2616000
b11111100 Q
#2620000
0*
#2625000
b101 I
b110 =
1*
#2626000
b11111101 Q
#2630000
0*
#2635000
b111 =
b110 I
1*
#2636000
b11111110 Q
#2640000
0*
#2645000
b111 I
b1000 =
1*
#2646000
b11111111 Q
#2650000
0*
#2655000
18
b1001 =
b1000 I
1*
#2656000
b100000000 Q
#2660000
0*
#2665000
1E
b1001 I
b101 >
08
b0 =
1*
#2666000
b100000001 Q
#2670000
0*
#2675000
b1 =
b101 J
0E
b0 I
1*
#2676000
b100000010 Q
#2680000
0*
#2685000
b1 I
0!
b10 =
1*
#2686000
b100000011 Q
#2690000
0*
#2695000
b11 =
0@
b10 I
1*
#2696000
b100000100 Q
#2700000
0*
#2705000
b11 I
06
0A
17
b100 =
1*
#2706000
b100000101 Q
#2710000
0*
#2715000
07
b101 =
b100 I
1*
#2716000
b100000110 Q
#2720000
0*
#2725000
b101 I
b110 =
1*
#2726000
b100000111 Q
#2730000
0*
#2735000
b111 =
b110 I
1*
#2736000
b100001000 Q
#2740000
0*
#2745000
b111 I
b1000 =
1*
#2746000
b100001001 Q
#2750000
0*
#2755000
18
b1001 =
b1000 I
1*
#2756000
b100001010 Q
#2760000
0*
#2765000
1E
b1001 I
b110 >
08
b0 =
b11010101 B
1*
#2766000
b100001011 Q
#2770000
0*
#2775000
b1 =
b110 J
0E
b0 I
1*
#2776000
b100001100 Q
#2780000
0*
#2785000
b1 I
1!
b10 =
1*
#2786000
b100001101 Q
#2790000
0*
#2795000
b11 =
1@
b10 I
1*
#2796000
b100001110 Q
#2800000
0*
#2805000
b11 I
16
1A
17
b100 =
1*
#2806000
b100001111 Q
#2810000
0*
#2815000
07
b101 =
b100 I
1*
#2816000
b100010000 Q
#2820000
0*
#2825000
b101 I
b110 =
1*
#2826000
b100010001 Q
#2830000
0*
#2835000
b111 =
b110 I
1*
#2836000
b100010010 Q
#2840000
0*
#2845000
b111 I
b1000 =
1*
#2846000
b100010011 Q
#2850000
0*
#2855000
18
b1001 =
b1000 I
1*
#2856000
b100010100 Q
#2860000
0*
#2865000
1E
b1001 I
b111 >
08
b0 =
1*
#2866000
b100010101 Q
#2870000
0*
#2875000
b1 =
b111 J
0E
b0 I
1*
#2876000
b100010110 Q
#2880000
0*
#2885000
b1 I
0!
b10 =
1*
#2886000
b100010111 Q
#2890000
0*
#2895000
b11 =
0@
b10 I
1*
#2896000
b100011000 Q
#2900000
0*
#2905000
b11 I
06
0A
17
b100 =
1*
#2906000
b100011001 Q
#2910000
0*
#2915000
07
b101 =
b100 I
1*
#2916000
b100011010 Q
#2920000
0*
#2925000
b101 I
b110 =
1*
#2926000
b100011011 Q
#2930000
0*
#2935000
b111 =
b110 I
1*
#2936000
b100011100 Q
#2940000
0*
#2945000
b111 I
b1000 =
1*
#2946000
b100011101 Q
#2950000
0*
#2955000
18
b1001 =
b1000 I
1*
#2956000
b100011110 Q
#2960000
0*
#2965000
1E
b1001 I
b11 C
08
b0 =
b1010101 B
1*
#2966000
b100011111 Q
#2970000
0*
#2975000
b1 =
b11 K
0E
b0 I
1*
#2976000
b100100000 Q
#2980000
0*
#2985000
b1 I
1!
b10 =
1*
#2986000
b100100001 Q
#2990000
0*
#2995000
b11 =
1@
b10 I
1*
#2996000
b100100010 Q
#3000000
0*
#3005000
b11 I
16
1A
17
b100 =
1*
#3006000
b100100011 Q
#3010000
0*
#3015000
07
b101 =
b100 I
1*
#3016000
b100100100 Q
#3020000
0*
#3025000
b101 I
b110 =
1*
#3026000
b100100101 Q
#3030000
0*
#3035000
b111 =
b110 I
1*
#3036000
b100100110 Q
#3040000
0*
#3045000
b111 I
b1000 =
1*
#3046000
b100100111 Q
#3050000
0*
#3055000
18
b1001 =
b1000 I
1*
#3056000
b100101000 Q
#3060000
0*
#3065000
1E
b1001 I
b0 C
0'
1$
b1010101 &
b1010101 3
b1010101 ?
08
b0 =
1*
#3066000
b11 1
b100101001 Q
#3070000
0*
#3075000
0$
b0 K
0#
1"
0E
b0 I
1*
#3080000
0*
#3085000
0"
1*
#3086000
1-
b10101010 ,
b10101010 2
b10101010 D
b10101010 P
#3090000
0*
#3095000
1#
b1 K
b10101010 L
1*
#3096000
0-
#3100000
0*
#3105000
b1 I
0!
1*
#3106000
b100101010 Q
#3110000
0*
#3115000
0@
b10 I
1*
#3116000
b100101011 Q
#3120000
0*
#3125000
b11 I
06
0A
1*
#3126000
b100101100 Q
#3130000
0*
#3135000
1'
b1 C
b100 I
1*
#3136000
b100101101 Q
#3140000
0*
#3145000
b101 I
b1 =
1*
#3146000
b100101110 Q
#3150000
0*
#3155000
b10 =
b110 I
1*
#3156000
b100101111 Q
#3160000
0*
#3165000
b111 I
b11 =
1*
#3166000
b100110000 Q
#3170000
0*
#3175000
17
b100 =
b1000 I
1*
#3176000
b100110001 Q
#3180000
0*
#3185000
1E
b1001 I
b10 C
b0 >
07
b0 =
1*
#3186000
b100110010 Q
#3190000
0*
#3195000
b1 =
b10 K
b0 J
0E
b0 I
1*
#3196000
b100110011 Q
#3200000
0*
#3205000
b1 I
b10 =
1*
#3206000
b100110100 Q
#3210000
0*
#3215000
b11 =
b10 I
1*
#3216000
b100110101 Q
#3220000
0*
#3225000
b11 I
17
b100 =
1*
#3226000
b100110110 Q
#3230000
0*
#3235000
07
b101 =
b100 I
1*
#3236000
b100110111 Q
#3240000
0*
#3245000
b101 I
b110 =
1*
#3246000
b100111000 Q
#3250000
0*
#3255000
b111 =
b110 I
1*
#3256000
b100111001 Q
#3260000
0*
#3265000
b111 I
b1000 =
1*
#3266000
b100111010 Q
#3270000
0*
#3275000
18
b1001 =
b1000 I
1*
#3276000
b100111011 Q
#3280000
0*
#3285000
1E
b1001 I
b1 >
08
b0 =
b1010100 B
1*
#3286000
b100111100 Q
#3290000
0*
#3295000
b1 =
b1 J
0E
b0 I
1*
#3296000
b100111101 Q
#3300000
0*
#3305000
b1 I
1!
b10 =
1*
#3306000
b100111110 Q
#3310000
0*
#3315000
b11 =
1@
b10 I
1*
#3316000
b100111111 Q
#3320000
0*
#3325000
b11 I
16
1A
17
b100 =
1*
#3326000
b101000000 Q
#3330000
0*
#3335000
07
b101 =
b100 I
1*
#3336000
b101000001 Q
#3340000
0*
#3345000
b101 I
b110 =
1*
#3346000
b101000010 Q
#3350000
0*
#3355000
b111 =
b110 I
1*
#3356000
b101000011 Q
#3360000
0*
#3365000
b111 I
b1000 =
1*
#3366000
b101000100 Q
#3370000
0*
#3375000
18
b1001 =
b1000 I
1*
#3376000
b101000101 Q
#3380000
0*
#3385000
1E
b1001 I
b10 >
08
b0 =
b1010110 B
1*
#3386000
b101000110 Q
#3390000
0*
#3395000
b1 =
b10 J
0E
b0 I
1*
#3396000
b101000111 Q
#3400000
0*
#3405000
b1 I
0!
b10 =
1*
#3406000
b101001000 Q
#3410000
0*
#3415000
b11 =
0@
b10 I
1*
#3416000
b101001001 Q
#3420000
0*
#3425000
b11 I
06
0A
17
b100 =
1*
#3426000
b101001010 Q
#3430000
0*
#3435000
07
b101 =
b100 I
1*
#3436000
b101001011 Q
#3440000
0*
#3445000
b101 I
b110 =
1*
#3446000
b101001100 Q
#3450000
0*
#3455000
b111 =
b110 I
1*
#3456000
b101001101 Q
#3460000
0*
#3465000
b111 I
b1000 =
1*
#3466000
b101001110 Q
#3470000
0*
#3475000
18
b1001 =
b1000 I
1*
#3476000
b101001111 Q
#3480000
0*
#3485000
1E
b1001 I
b11 >
08
b0 =
b1010010 B
1*
#3486000
b101010000 Q
#3490000
0*
#3495000
b1 =
b11 J
0E
b0 I
1*
#3496000
b101010001 Q
#3500000
0*
#3505000
b1 I
1!
b10 =
1*
#3506000
b101010010 Q
#3510000
0*
#3515000
b11 =
1@
b10 I
1*
#3516000
b101010011 Q
#3520000
0*
#3525000
b11 I
16
1A
17
b100 =
1*
#3526000
b101010100 Q
#3530000
0*
#3535000
07
b101 =
b100 I
1*
#3536000
b101010101 Q
#3540000
0*
#3545000
b101 I
b110 =
1*
#3546000
b101010110 Q
#3550000
0*
#3555000
b111 =
b110 I
1*
#3556000
b101010111 Q
#3560000
0*
#3565000
b111 I
b1000 =
1*
#3566000
b101011000 Q
#3570000
0*
#3575000
18
b1001 =
b1000 I
1*
#3576000
b101011001 Q
#3580000
0*
#3585000
1E
b1001 I
b100 >
08
b0 =
b1011010 B
1*
#3586000
b101011010 Q
#3590000
0*
#3595000
b1 =
b100 J
0E
b0 I
1*
#3596000
b101011011 Q
#3600000
0*
#3605000
b1 I
0!
b10 =
1*
#3606000
b101011100 Q
#3610000
0*
#3615000
b11 =
0@
b10 I
1*
#3616000
b101011101 Q
#3620000
0*
#3625000
b11 I
06
0A
17
b100 =
1*
#3626000
b101011110 Q
#3630000
0*
#3635000
07
b101 =
b100 I
1*
#3636000
b101011111 Q
#3640000
0*
#3645000
b101 I
b110 =
1*
#3646000
b101100000 Q
#3650000
0*
#3655000
b111 =
b110 I
1*
#3656000
b101100001 Q
#3660000
0*
#3665000
b111 I
b1000 =
1*
#3666000
b101100010 Q
#3670000
0*
#3675000
18
b1001 =
b1000 I
1*
#3676000
b101100011 Q
#3680000
0*
#3685000
1E
b1001 I
b101 >
08
b0 =
b1001010 B
1*
#3686000
b101100100 Q
#3690000
0*
#3695000
b1 =
b101 J
0E
b0 I
1*
#3696000
b101100101 Q
#3700000
0*
#3705000
b1 I
1!
b10 =
1*
#3706000
b101100110 Q
#3710000
0*
#3715000
b11 =
1@
b10 I
1*
#3716000
b101100111 Q
#3720000
0*
#3725000
b11 I
16
1A
17
b100 =
1*
#3726000
b101101000 Q
#3730000
0*
#3735000
07
b101 =
b100 I
1*
#3736000
b101101001 Q
#3740000
0*
#3745000
b101 I
b110 =
1*
#3746000
b101101010 Q
#3750000
0*
#3755000
b111 =
b110 I
1*
#3756000
b101101011 Q
#3760000
0*
#3765000
b111 I
b1000 =
1*
#3766000
b101101100 Q
#3770000
0*
#3775000
18
b1001 =
b1000 I
1*
#3776000
b101101101 Q
#3780000
0*
#3785000
1E
b1001 I
b110 >
08
b0 =
b1101010 B
1*
#3786000
b101101110 Q
#3790000
0*
#3795000
b1 =
b110 J
0E
b0 I
1*
#3796000
b101101111 Q
#3800000
0*
#3805000
b1 I
0!
b10 =
1*
#3806000
b101110000 Q
#3810000
0*
#3815000
b11 =
0@
b10 I
1*
#3816000
b101110001 Q
#3820000
0*
#3825000
b11 I
06
0A
17
b100 =
1*
#3826000
b101110010 Q
#3830000
0*
#3835000
07
b101 =
b100 I
1*
#3836000
b101110011 Q
#3840000
0*
#3845000
b101 I
b110 =
1*
#3846000
b101110100 Q
#3850000
0*
#3855000
b111 =
b110 I
1*
#3856000
b101110101 Q
#3860000
0*
#3865000
b111 I
b1000 =
1*
#3866000
b101110110 Q
#3870000
0*
#3875000
18
b1001 =
b1000 I
1*
#3876000
b101110111 Q
#3880000
0*
#3885000
1E
b1001 I
b111 >
08
b0 =
b101010 B
1*
#3886000
b101111000 Q
#3890000
0*
#3895000
b1 =
b111 J
0E
b0 I
1*
#3896000
b101111001 Q
#3900000
0*
#3905000
b1 I
1!
b10 =
1*
#3906000
b101111010 Q
#3910000
0*
#3915000
b11 =
1@
b10 I
1*
#3916000
b101111011 Q
#3920000
0*
#3925000
b11 I
16
1A
17
b100 =
1*
#3926000
b101111100 Q
#3930000
0*
#3935000
07
b101 =
b100 I
1*
#3936000
b101111101 Q
#3940000
0*
#3945000
b101 I
b110 =
1*
#3946000
b101111110 Q
#3950000
0*
#3955000
b111 =
b110 I
1*
#3956000
b101111111 Q
#3960000
0*
#3965000
b111 I
b1000 =
1*
#3966000
b110000000 Q
#3970000
0*
#3975000
18
b1001 =
b1000 I
1*
#3976000
b110000001 Q
#3980000
0*
#3985000
1E
b1001 I
b11 C
08
b0 =
b10101010 B
1*
#3986000
b110000010 Q
#3990000
0*
#3995000
b1 =
b11 K
0E
b0 I
1*
#3996000
b110000011 Q
#4000000
0*
#4005000
b1 I
b10 =
1*
#4006000
b110000100 Q
#4010000
0*
#4015000
b11 =
b10 I
1*
#4016000
b110000101 Q
#4020000
0*
#4025000
b11 I
17
b100 =
1*
#4026000
b110000110 Q
#4030000
0*
#4035000
07
b101 =
b100 I
1*
#4036000
b110000111 Q
#4040000
0*
#4045000
b101 I
b110 =
1*
#4046000
b110001000 Q
#4050000
0*
#4055000
b111 =
b110 I
1*
#4056000
b110001001 Q
#4060000
0*
#4065000
b111 I
b1000 =
1*
#4066000
b110001010 Q
#4070000
0*
#4075000
18
b1001 =
b1000 I
1*
#4076000
b110001011 Q
#4080000
0*
#4085000
1E
b1001 I
b0 C
0'
1$
b10101010 &
b10101010 3
b10101010 ?
08
b0 =
1*
#4086000
b100 1
b110001100 Q
#4090000
0*
#4095000
0$
b0 K
0#
1"
0E
b0 I
1*
#4100000
0*
#4105000
0"
1*
#4106000
1-
b1 ,
b1 2
b1 D
b1 P
#4110000
0*
#4115000
1#
b1 K
b1 L
1*
#4116000
0-
#4120000
0*
#4125000
b1 I
0!
1*
#4126000
b110001101 Q
#4130000
0*
#4135000
0@
b10 I
1*
#4136000
b110001110 Q
#4140000
0*
#4145000
b11 I
06
0A
1*
#4146000
b110001111 Q
#4150000
0*
#4155000
1'
b1 C
b100 I
1*
#4156000
b110010000 Q
#4160000
0*
#4165000
b101 I
b1 =
1*
#4166000
b110010001 Q
#4170000
0*
#4175000
b10 =
b110 I
1*
#4176000
b110010010 Q
#4180000
0*
#4185000
b111 I
b11 =
1*
#4186000
b110010011 Q
#4190000
0*
#4195000
17
b100 =
b1000 I
1*
#4196000
b110010100 Q
#4200000
0*
#4205000
1E
b1001 I
b10 C
b0 >
07
b0 =
1*
#4206000
b110010101 Q
#4210000
0*
#4215000
b1 =
b10 K
b0 J
0E
b0 I
1*
#4216000
b110010110 Q
#4220000
0*
#4225000
b1 I
1!
b10 =
1*
#4226000
b110010111 Q
#4230000
0*
#4235000
b11 =
1@
b10 I
1*
#4236000
b110011000 Q
#4240000
0*
#4245000
b11 I
16
1A
17
b100 =
1*
#4246000
b110011001 Q
#4250000
0*
#4255000
07
b101 =
b100 I
1*
#4256000
b110011010 Q
#4260000
0*
#4265000
b101 I
b110 =
1*
#4266000
b110011011 Q
#4270000
0*
#4275000
b111 =
b110 I
1*
#4276000
b110011100 Q
#4280000
0*
#4285000
b111 I
b1000 =
1*
#4286000
b110011101 Q
#4290000
0*
#4295000
18
b1001 =
b1000 I
1*
#4296000
b110011110 Q
#4300000
0*
#4305000
1E
b1001 I
b1 >
08
b0 =
b10101011 B
1*
#4306000
b110011111 Q
#4310000
0*
#4315000
b1 =
b1 J
0E
b0 I
1*
#4316000
b110100000 Q
#4320000
0*
#4325000
b1 I
0!
b10 =
1*
#4326000
b110100001 Q
#4330000
0*
#4335000
b11 =
0@
b10 I
1*
#4336000
b110100010 Q
#4340000
0*
#4345000
b11 I
06
0A
17
b100 =
1*
#4346000
b110100011 Q
#4350000
0*
#4355000
07
b101 =
b100 I
1*
#4356000
b110100100 Q
#4360000
0*
#4365000
b101 I
b110 =
1*
#4366000
b110100101 Q
#4370000
0*
#4375000
b111 =
b110 I
1*
#4376000
b110100110 Q
#4380000
0*
#4385000
b111 I
b1000 =
1*
#4386000
b110100111 Q
#4390000
0*
#4395000
18
b1001 =
b1000 I
1*
#4396000
b110101000 Q
#4400000
0*
#4405000
1E
b1001 I
b10 >
08
b0 =
b10101001 B
1*
#4406000
b110101001 Q
#4410000
0*
#4415000
b1 =
b10 J
0E
b0 I
1*
#4416000
b110101010 Q
#4420000
0*
#4425000
b1 I
b10 =
1*
#4426000
b110101011 Q
#4430000
0*
#4435000
b11 =
b10 I
1*
#4436000
b110101100 Q
#4440000
0*
#4445000
b11 I
17
b100 =
1*
#4446000
b110101101 Q
#4450000
0*
#4455000
07
b101 =
b100 I
1*
#4456000
b110101110 Q
#4460000
0*
#4465000
b101 I
b110 =
1*
#4466000
b110101111 Q
#4470000
0*
#4475000
b111 =
b110 I
1*
#4476000
b110110000 Q
#4480000
0*
#4485000
b111 I
b1000 =
1*
#4486000
b110110001 Q
#4490000
0*
#4495000
18
b1001 =
b1000 I
1*
#4496000
b110110010 Q
#4500000
0*
#4505000
1E
b1001 I
b11 >
08
b0 =
1*
#4506000
b110110011 Q
#4510000
0*
#4515000
b1 =
b11 J
0E
b0 I
1*
#4516000
b110110100 Q
#4520000
0*
#4525000
b1 I
b10 =
1*
#4526000
b110110101 Q
#4530000
0*
#4535000
b11 =
b10 I
1*
#4536000
b110110110 Q
#4540000
0*
#4545000
b11 I
17
b100 =
1*
#4546000
b110110111 Q
#4550000
0*
#4555000
07
b101 =
b100 I
1*
#4556000
b110111000 Q
#4560000
0*
#4565000
b101 I
b110 =
1*
#4566000
b110111001 Q
#4570000
0*
#4575000
b111 =
b110 I
1*
#4576000
b110111010 Q
#4580000
0*
#4585000
b111 I
b1000 =
1*
#4586000
b110111011 Q
#4590000
0*
#4595000
18
b1001 =
b1000 I
1*
#4596000
b110111100 Q
#4600000
0*
#4605000
1E
b1001 I
b100 >
08
b0 =
b10100001 B
1*
#4606000
b110111101 Q
#4610000
0*
#4615000
b1 =
b100 J
0E
b0 I
1*
#4616000
b110111110 Q
#4620000
0*
#4625000
b1 I
b10 =
1*
#4626000
b110111111 Q
#4630000
0*
#4635000
b11 =
b10 I
1*
#4636000
b111000000 Q
#4640000
0*
#4645000
b11 I
17
b100 =
1*
#4646000
b111000001 Q
#4650000
0*
#4655000
07
b101 =
b100 I
1*
#4656000
b111000010 Q
#4660000
0*
#4665000
b101 I
b110 =
1*
#4666000
b111000011 Q
#4670000
0*
#4675000
b111 =
b110 I
1*
#4676000
b111000100 Q
#4680000
0*
#4685000
b111 I
b1000 =
1*
#4686000
b111000101 Q
#4690000
0*
#4695000
18
b1001 =
b1000 I
1*
#4696000
b111000110 Q
#4700000
0*
#4705000
1E
b1001 I
b101 >
08
b0 =
1*
#4706000
b111000111 Q
#4710000
0*
#4715000
b1 =
b101 J
0E
b0 I
1*
#4716000
b111001000 Q
#4720000
0*
#4725000
b1 I
b10 =
1*
#4726000
b111001001 Q
#4730000
0*
#4735000
b11 =
b10 I
1*
#4736000
b111001010 Q
#4740000
0*
#4745000
b11 I
17
b100 =
1*
#4746000
b111001011 Q
#4750000
0*
#4755000
07
b101 =
b100 I
1*
#4756000
b111001100 Q
#4760000
0*
#4765000
b101 I
b110 =
1*
#4766000
b111001101 Q
#4770000
0*
#4775000
b111 =
b110 I
1*
#4776000
b111001110 Q
#4780000
0*
#4785000
b111 I
b1000 =
1*
#4786000
b111001111 Q
#4790000
0*
#4795000
18
b1001 =
b1000 I
1*
#4796000
b111010000 Q
#4800000
0*
#4805000
1E
b1001 I
b110 >
08
b0 =
b10000001 B
1*
#4806000
b111010001 Q
#4810000
0*
#4815000
b1 =
b110 J
0E
b0 I
1*
#4816000
b111010010 Q
#4820000
0*
#4825000
b1 I
b10 =
1*
#4826000
b111010011 Q
#4830000
0*
#4835000
b11 =
b10 I
1*
#4836000
b111010100 Q
#4840000
0*
#4845000
b11 I
17
b100 =
1*
#4846000
b111010101 Q
#4850000
0*
#4855000
07
b101 =
b100 I
1*
#4856000
b111010110 Q
#4860000
0*
#4865000
b101 I
b110 =
1*
#4866000
b111010111 Q
#4870000
0*
#4875000
b111 =
b110 I
1*
#4876000
b111011000 Q
#4880000
0*
#4885000
b111 I
b1000 =
1*
#4886000
b111011001 Q
#4890000
0*
#4895000
18
b1001 =
b1000 I
1*
#4896000
b111011010 Q
#4900000
0*
#4905000
1E
b1001 I
b111 >
08
b0 =
1*
#4906000
b111011011 Q
#4910000
0*
#4915000
b1 =
b111 J
0E
b0 I
1*
#4916000
b111011100 Q
#4920000
0*
#4925000
b1 I
b10 =
1*
#4926000
b111011101 Q
#4930000
0*
#4935000
b11 =
b10 I
1*
#4936000
b111011110 Q
#4940000
0*
#4945000
b11 I
17
b100 =
1*
#4946000
b111011111 Q
#4950000
0*
#4955000
07
b101 =
b100 I
1*
#4956000
b111100000 Q
#4960000
0*
#4965000
b101 I
b110 =
1*
#4966000
b111100001 Q
#4970000
0*
#4975000
b111 =
b110 I
1*
#4976000
b111100010 Q
#4980000
0*
#4985000
b111 I
b1000 =
1*
#4986000
b111100011 Q
#4990000
0*
#4995000
18
b1001 =
b1000 I
1*
#4996000
b111100100 Q
#5000000
0*
#5005000
1E
b1001 I
b11 C
08
b0 =
b1 B
1*
#5006000
b111100101 Q
#5010000
0*
#5015000
b1 =
b11 K
0E
b0 I
1*
#5016000
b111100110 Q
#5020000
0*
#5025000
b1 I
1!
b10 =
1*
#5026000
b111100111 Q
#5030000
0*
#5035000
b11 =
1@
b10 I
1*
#5036000
b111101000 Q
#5040000
0*
#5045000
b11 I
16
1A
17
b100 =
1*
#5046000
b111101001 Q
#5050000
0*
#5055000
07
b101 =
b100 I
1*
#5056000
b111101010 Q
#5060000
0*
#5065000
b101 I
b110 =
1*
#5066000
b111101011 Q
#5070000
0*
#5075000
b111 =
b110 I
1*
#5076000
b111101100 Q
#5080000
0*
#5085000
b111 I
b1000 =
1*
#5086000
b111101101 Q
#5090000
0*
#5095000
18
b1001 =
b1000 I
1*
#5096000
b111101110 Q
#5100000
0*
#5105000
1E
b1001 I
b0 C
0'
1$
b1 &
b1 3
b1 ?
08
b0 =
1*
#5106000
b101 1
b111101111 Q
#5110000
0*
#5115000
0$
b0 K
0#
1"
0E
b0 I
1*
#5120000
0*
#5125000
0"
1*
#5126000
1-
b10000000 ,
b10000000 2
b10000000 D
b10000000 P
#5130000
0*
#5135000
1#
b1 K
b10000000 L
1*
#5136000
0-
#5140000
0*
#5145000
b1 I
0!
1*
#5146000
b111110000 Q
#5150000
0*
#5155000
0@
b10 I
1*
#5156000
b111110001 Q
#5160000
0*
#5165000
b11 I
06
0A
1*
#5166000
b111110010 Q
#5170000
0*
#5175000
1'
b1 C
b100 I
1*
#5176000
b111110011 Q
#5180000
0*
#5185000
b101 I
b1 =
1*
#5186000
b111110100 Q
#5190000
0*
#5195000
b10 =
b110 I
1*
#5196000
b111110101 Q
#5200000
0*
#5205000
b111 I
b11 =
1*
#5206000
b111110110 Q
#5210000
0*
#5215000
17
b100 =
b1000 I
1*
#5216000
b111110111 Q
#5220000
0*
#5225000
1E
b1001 I
b10 C
b0 >
07
b0 =
1*
#5226000
b111111000 Q
#5230000
0*
#5235000
b1 =
b10 K
b0 J
0E
b0 I
1*
#5236000
b111111001 Q
#5240000
0*
#5245000
b1 I
b10 =
1*
#5246000
b111111010 Q
#5250000
0*
#5255000
b11 =
b10 I
1*
#5256000
b111111011 Q
#5260000
0*
#5265000
b11 I
17
b100 =
1*
#5266000
b111111100 Q
#5270000
0*
#5275000
07
b101 =
b100 I
1*
#5276000
b111111101 Q
#5280000
0*
#5285000
b101 I
b110 =
1*
#5286000
b111111110 Q
#5290000
0*
#5295000
b111 =
b110 I
1*
#5296000
b111111111 Q
#5300000
0*
#5305000
b111 I
b1000 =
1*
#5306000
b1000000000 Q
#5310000
0*
#5315000
18
b1001 =
b1000 I
1*
#5316000
b1000000001 Q
#5320000
0*
#5325000
1E
b1001 I
b1 >
08
b0 =
b0 B
1*
#5326000
b1000000010 Q
#5330000
0*
#5335000
b1 =
b1 J
0E
b0 I
1*
#5336000
b1000000011 Q
#5340000
0*
#5345000
b1 I
b10 =
1*
#5346000
b1000000100 Q
#5350000
0*
#5355000
b11 =
b10 I
1*
#5356000
b1000000101 Q
#5360000
0*
#5365000
b11 I
17
b100 =
1*
#5366000
b1000000110 Q
#5370000
0*
#5375000
07
b101 =
b100 I
1*
#5376000
b1000000111 Q
#5380000
0*
#5385000
b101 I
b110 =
1*
#5386000
b1000001000 Q
#5390000
0*
#5395000
b111 =
b110 I
1*
#5396000
b1000001001 Q
#5400000
0*
#5405000
b111 I
b1000 =
1*
#5406000
b1000001010 Q
#5410000
0*
#5415000
18
b1001 =
b1000 I
1*
#5416000
b1000001011 Q
#5420000
0*
#5425000
1E
b1001 I
b10 >
08
b0 =
1*
#5426000
b1000001100 Q
#5430000
0*
#5435000
b1 =
b10 J
0E
b0 I
1*
#5436000
b1000001101 Q
#5440000
0*
#5445000
b1 I
b10 =
1*
#5446000
b1000001110 Q
#5450000
0*
#5455000
b11 =
b10 I
1*
#5456000
b1000001111 Q
#5460000
0*
#5465000
b11 I
17
b100 =
1*
#5466000
b1000010000 Q
#5470000
0*
#5475000
07
b101 =
b100 I
1*
#5476000
b1000010001 Q
#5480000
0*
#5485000
b101 I
b110 =
1*
#5486000
b1000010010 Q
#5490000
0*
#5495000
b111 =
b110 I
1*
#5496000
b1000010011 Q
#5500000
0*
#5505000
b111 I
b1000 =
1*
#5506000
b1000010100 Q
#5510000
0*
#5515000
18
b1001 =
b1000 I
1*
#5516000
b1000010101 Q
#5520000
0*
#5525000
1E
b1001 I
b11 >
08
b0 =
1*
#5526000
b1000010110 Q
#5530000
0*
#5535000
b1 =
b11 J
0E
b0 I
1*
#5536000
b1000010111 Q
#5540000
0*
#5545000
b1 I
b10 =
1*
#5546000
b1000011000 Q
#5550000
0*
#5555000
b11 =
b10 I
1*
#5556000
b1000011001 Q
#5560000
0*
#5565000
b11 I
17
b100 =
1*
#5566000
b1000011010 Q
#5570000
0*
#5575000
07
b101 =
b100 I
1*
#5576000
b1000011011 Q
#5580000
0*
#5585000
b101 I
b110 =
1*
#5586000
b1000011100 Q
#5590000
0*
#5595000
b111 =
b110 I
1*
#5596000
b1000011101 Q
#5600000
0*
#5605000
b111 I
b1000 =
1*
#5606000
b1000011110 Q
#5610000
0*
#5615000
18
b1001 =
b1000 I
1*
#5616000
b1000011111 Q
#5620000
0*
#5625000
1E
b1001 I
b100 >
08
b0 =
1*
#5626000
b1000100000 Q
#5630000
0*
#5635000
b1 =
b100 J
0E
b0 I
1*
#5636000
b1000100001 Q
#5640000
0*
#5645000
b1 I
b10 =
1*
#5646000
b1000100010 Q
#5650000
0*
#5655000
b11 =
b10 I
1*
#5656000
b1000100011 Q
#5660000
0*
#5665000
b11 I
17
b100 =
1*
#5666000
b1000100100 Q
#5670000
0*
#5675000
07
b101 =
b100 I
1*
#5676000
b1000100101 Q
#5680000
0*
#5685000
b101 I
b110 =
1*
#5686000
b1000100110 Q
#5690000
0*
#5695000
b111 =
b110 I
1*
#5696000
b1000100111 Q
#5700000
0*
#5705000
b111 I
b1000 =
1*
#5706000
b1000101000 Q
#5710000
0*
#5715000
18
b1001 =
b1000 I
1*
#5716000
b1000101001 Q
#5720000
0*
#5725000
1E
b1001 I
b101 >
08
b0 =
1*
#5726000
b1000101010 Q
#5730000
0*
#5735000
b1 =
b101 J
0E
b0 I
1*
#5736000
b1000101011 Q
#5740000
0*
#5745000
b1 I
b10 =
1*
#5746000
b1000101100 Q
#5750000
0*
#5755000
b11 =
b10 I
1*
#5756000
b1000101101 Q
#5760000
0*
#5765000
b11 I
17
b100 =
1*
#5766000
b1000101110 Q
#5770000
0*
#5775000
07
b101 =
b100 I
1*
#5776000
b1000101111 Q
#5780000
0*
#5785000
b101 I
b110 =
1*
#5786000
b1000110000 Q
#5790000
0*
#5795000
b111 =
b110 I
1*
#5796000
b1000110001 Q
#5800000
0*
#5805000
b111 I
b1000 =
1*
#5806000
b1000110010 Q
#5810000
0*
#5815000
18
b1001 =
b1000 I
1*
#5816000
b1000110011 Q
#5820000
0*
#5825000
1E
b1001 I
b110 >
08
b0 =
1*
#5826000
b1000110100 Q
#5830000
0*
#5835000
b1 =
b110 J
0E
b0 I
1*
#5836000
b1000110101 Q
#5840000
0*
#5845000
b1 I
b10 =
1*
#5846000
b1000110110 Q
#5850000
0*
#5855000
b11 =
b10 I
1*
#5856000
b1000110111 Q
#5860000
0*
#5865000
b11 I
17
b100 =
1*
#5866000
b1000111000 Q
#5870000
0*
#5875000
07
b101 =
b100 I
1*
#5876000
b1000111001 Q
#5880000
0*
#5885000
b101 I
b110 =
1*
#5886000
b1000111010 Q
#5890000
0*
#5895000
b111 =
b110 I
1*
#5896000
b1000111011 Q
#5900000
0*
#5905000
b111 I
b1000 =
1*
#5906000
b1000111100 Q
#5910000
0*
#5915000
18
b1001 =
b1000 I
1*
#5916000
b1000111101 Q
#5920000
0*
#5925000
1E
b1001 I
b111 >
08
b0 =
1*
#5926000
b1000111110 Q
#5930000
0*
#5935000
b1 =
b111 J
0E
b0 I
1*
#5936000
b1000111111 Q
#5940000
0*
#5945000
b1 I
1!
b10 =
1*
#5946000
b1001000000 Q
#5950000
0*
#5955000
b11 =
1@
b10 I
1*
#5956000
b1001000001 Q
#5960000
0*
#5965000
b11 I
16
1A
17
b100 =
1*
#5966000
b1001000010 Q
#5970000
0*
#5975000
07
b101 =
b100 I
1*
#5976000
b1001000011 Q
#5980000
0*
#5985000
b101 I
b110 =
1*
#5986000
b1001000100 Q
#5990000
0*
#5995000
b111 =
b110 I
1*
#5996000
b1001000101 Q
#6000000
0*
#6005000
b111 I
b1000 =
1*
#6006000
b1001000110 Q
#6010000
0*
#6015000
18
b1001 =
b1000 I
1*
#6016000
b1001000111 Q
#6020000
0*
#6025000
1E
b1001 I
b11 C
08
b0 =
b10000000 B
1*
#6026000
b1001001000 Q
#6030000
0*
#6035000
b1 =
b11 K
0E
b0 I
1*
#6036000
b1001001001 Q
#6040000
0*
#6045000
b1 I
b10 =
1*
#6046000
b1001001010 Q
#6050000
0*
#6055000
b11 =
b10 I
1*
#6056000
b1001001011 Q
#6060000
0*
#6065000
b11 I
17
b100 =
1*
#6066000
b1001001100 Q
#6070000
0*
#6075000
07
b101 =
b100 I
1*
#6076000
b1001001101 Q
#6080000
0*
#6085000
b101 I
b110 =
1*
#6086000
b1001001110 Q
#6090000
0*
#6095000
b111 =
b110 I
1*
#6096000
b1001001111 Q
#6100000
0*
#6105000
b111 I
b1000 =
1*
#6106000
b1001010000 Q
#6110000
0*
#6115000
18
b1001 =
b1000 I
1*
#6116000
b1001010001 Q
#6120000
0*
#6125000
1E
b1001 I
b0 C
0'
1$
b10000000 &
b10000000 3
b10000000 ?
08
b0 =
1*
#6126000
b110 1
b1001010010 Q
#6130000
0*
#6135000
0$
b0 K
0#
1"
0E
b0 I
1*
#6140000
0*
#6145000
0"
1*
#6146000
1-
b10100101 ,
b10100101 2
b10100101 D
b10100101 P
#6150000
0*
#6155000
1#
b1 K
b10100101 L
1*
#6156000
0-
#6160000
0*
#6165000
b1 I
0!
1*
#6166000
b1001010011 Q
#6170000
0*
#6175000
0@
b10 I
1*
#6176000
b1001010100 Q
#6180000
0*
#6185000
b11 I
06
0A
1*
#6186000
b1001010101 Q
#6190000
0*
#6195000
1'
b1 C
b100 I
1*
#6196000
b1001010110 Q
#6200000
0*
#6205000
b101 I
b1 =
1*
#6206000
b1001010111 Q
#6210000
0*
#6215000
b10 =
b110 I
1*
#6216000
b1001011000 Q
#6220000
0*
#6225000
b111 I
b11 =
1*
#6226000
b1001011001 Q
#6230000
0*
#6235000
17
b100 =
b1000 I
1*
#6236000
b1001011010 Q
#6240000
0*
#6245000
1E
b1001 I
b10 C
b0 >
07
b0 =
1*
#6246000
b1001011011 Q
#6250000
0*
#6255000
b1 =
b10 K
b0 J
0E
b0 I
1*
#6256000
b1001011100 Q
#6260000
0*
#6265000
b1 I
1!
b10 =
1*
#6266000
b1001011101 Q
#6270000
0*
#6275000
b11 =
1@
b10 I
1*
#6276000
b1001011110 Q
#6280000
0*
#6285000
b11 I
16
1A
17
b100 =
1*
#6286000
b1001011111 Q
#6290000
0*
#6295000
07
b101 =
b100 I
1*
#6296000
b1001100000 Q
#6300000
0*
#6305000
b101 I
b110 =
1*
#6306000
b1001100001 Q
#6310000
0*
#6315000
b111 =
b110 I
1*
#6316000
b1001100010 Q
#6320000
0*
#6325000
b111 I
b1000 =
1*
#6326000
b1001100011 Q
#6330000
0*
#6335000
18
b1001 =
b1000 I
1*
#6336000
b1001100100 Q
#6340000
0*
#6345000
1E
b1001 I
b1 >
08
b0 =
b10000001 B
1*
#6346000
b1001100101 Q
#6350000
0*
#6355000
b1 =
b1 J
0E
b0 I
1*
#6356000
b1001100110 Q
#6360000
0*
#6365000
b1 I
0!
b10 =
1*
#6366000
b1001100111 Q
#6370000
0*
#6375000
b11 =
0@
b10 I
1*
#6376000
b1001101000 Q
#6380000
0*
#6385000
b11 I
06
0A
17
b100 =
1*
#6386000
b1001101001 Q
#6390000
0*
#6395000
07
b101 =
b100 I
1*
#6396000
b1001101010 Q
#6400000
0*
#6405000
b101 I
b110 =
1*
#6406000
b1001101011 Q
#6410000
0*
#6415000
b111 =
b110 I
1*
#6416000
b1001101100 Q
#6420000
0*
#6425000
b111 I
b1000 =
1*
#6426000
b1001101101 Q
#6430000
0*
#6435000
18
b1001 =
b1000 I
1*
#6436000
b1001101110 Q
#6440000
0*
#6445000
1E
b1001 I
b10 >
08
b0 =
1*
#6446000
b1001101111 Q
#6450000
0*
#6455000
b1 =
b10 J
0E
b0 I
1*
#6456000
b1001110000 Q
#6460000
0*
#6465000
b1 I
1!
b10 =
1*
#6466000
b1001110001 Q
#6470000
0*
#6475000
b11 =
1@
b10 I
1*
#6476000
b1001110010 Q
#6480000
0*
#6485000
b11 I
16
1A
17
b100 =
1*
#6486000
b1001110011 Q
#6490000
0*
#6495000
07
b101 =
b100 I
1*
#6496000
b1001110100 Q
#6500000
0*
#6505000
b101 I
b110 =
1*
#6506000
b1001110101 Q
#6510000
0*
#6515000
b111 =
b110 I
1*
#6516000
b1001110110 Q
#6520000
0*
#6525000
b111 I
b1000 =
1*
#6526000
b1001110111 Q
#6530000
0*
#6535000
18
b1001 =
b1000 I
1*
#6536000
b1001111000 Q
#6540000
0*
#6545000
1E
b1001 I
b11 >
08
b0 =
b10000101 B
1*
#6546000
b1001111001 Q
#6550000
0*
#6555000
b1 =
b11 J
0E
b0 I
1*
#6556000
b1001111010 Q
#6560000
0*
#6565000
b1 I
0!
b10 =
1*
#6566000
b1001111011 Q
#6570000
0*
#6575000
b11 =
0@
b10 I
1*
#6576000
b1001111100 Q
#6580000
0*
#6585000
b11 I
06
0A
17
b100 =
1*
#6586000
b1001111101 Q
#6590000
0*
#6595000
07
b101 =
b100 I
1*
#6596000
b1001111110 Q
#6600000
0*
#6605000
b101 I
b110 =
1*
#6606000
b1001111111 Q
#6610000
0*
#6615000
b111 =
b110 I
1*
#6616000
b1010000000 Q
#6620000
0*
#6625000
b111 I
b1000 =
1*
#6626000
b1010000001 Q
#6630000
0*
#6635000
18
b1001 =
b1000 I
1*
#6636000
b1010000010 Q
#6640000
0*
#6645000
1E
b1001 I
b100 >
08
b0 =
1*
#6646000
b1010000011 Q
#6650000
0*
#6655000
b1 =
b100 J
0E
b0 I
1*
#6656000
b1010000100 Q
#6660000
0*
#6665000
b1 I
b10 =
1*
#6666000
b1010000101 Q
#6670000
0*
#6675000
b11 =
b10 I
1*
#6676000
b1010000110 Q
#6680000
0*
#6685000
b11 I
17
b100 =
1*
#6686000
b1010000111 Q
#6690000
0*
#6695000
07
b101 =
b100 I
1*
#6696000
b1010001000 Q
#6700000
0*
#6705000
b101 I
b110 =
1*
#6706000
b1010001001 Q
#6710000
0*
#6715000
b111 =
b110 I
1*
#6716000
b1010001010 Q
#6720000
0*
#6725000
b111 I
b1000 =
1*
#6726000
b1010001011 Q
#6730000
0*
#6735000
18
b1001 =
b1000 I
1*
#6736000
b1010001100 Q
#6740000
0*
#6745000
1E
b1001 I
b101 >
08
b0 =
1*
#6746000
b1010001101 Q
#6750000
0*
#6755000
b1 =
b101 J
0E
b0 I
1*
#6756000
b1010001110 Q
#6760000
0*
#6765000
b1 I
1!
b10 =
1*
#6766000
b1010001111 Q
#6770000
0*
#6775000
b11 =
1@
b10 I
1*
#6776000
b1010010000 Q
#6780000
0*
#6785000
b11 I
16
1A
17
b100 =
1*
#6786000
b1010010001 Q
#6790000
0*
#6795000
07
b101 =
b100 I
1*
#6796000
b1010010010 Q
#6800000
0*
#6805000
b101 I
b110 =
1*
#6806000
b1010010011 Q
#6810000
0*
#6815000
b111 =
b110 I
1*
#6816000
b1010010100 Q
#6820000
0*
#6825000
b111 I
b1000 =
1*
#6826000
b1010010101 Q
#6830000
0*
#6835000
18
b1001 =
b1000 I
1*
#6836000
b1010010110 Q
#6840000
0*
#6845000
1E
b1001 I
b110 >
08
b0 =
b10100101 B
1*
#6846000
b1010010111 Q
#6850000
0*
#6855000
b1 =
b110 J
0E
b0 I
1*
#6856000
b1010011000 Q
#6860000
0*
#6865000
b1 I
0!
b10 =
1*
#6866000
b1010011001 Q
#6870000
0*
#6875000
b11 =
0@
b10 I
1*
#6876000
b1010011010 Q
#6880000
0*
#6885000
b11 I
06
0A
17
b100 =
1*
#6886000
b1010011011 Q
#6890000
0*
#6895000
07
b101 =
b100 I
1*
#6896000
b1010011100 Q
#6900000
0*
#6905000
b101 I
b110 =
1*
#6906000
b1010011101 Q
#6910000
0*
#6915000
b111 =
b110 I
1*
#6916000
b1010011110 Q
#6920000
0*
#6925000
b111 I
b1000 =
1*
#6926000
b1010011111 Q
#6930000
0*
#6935000
18
b1001 =
b1000 I
1*
#6936000
b1010100000 Q
#6940000
0*
#6945000
1E
b1001 I
b111 >
08
b0 =
1*
#6946000
b1010100001 Q
#6950000
0*
#6955000
b1 =
b111 J
0E
b0 I
1*
#6956000
b1010100010 Q
#6960000
0*
#6965000
b1 I
1!
b10 =
1*
#6966000
b1010100011 Q
#6970000
0*
#6975000
b11 =
1@
b10 I
1*
#6976000
b1010100100 Q
#6980000
0*
#6985000
b11 I
16
1A
17
b100 =
1*
#6986000
b1010100101 Q
#6990000
0*
#6995000
07
b101 =
b100 I
1*
#6996000
b1010100110 Q
#7000000
0*
#7005000
b101 I
b110 =
1*
#7006000
b1010100111 Q
#7010000
0*
#7015000
b111 =
b110 I
1*
#7016000
b1010101000 Q
#7020000
0*
#7025000
b111 I
b1000 =
1*
#7026000
b1010101001 Q
#7030000
0*
#7035000
18
b1001 =
b1000 I
1*
#7036000
b1010101010 Q
#7040000
0*
#7045000
1E
b1001 I
b11 C
08
b0 =
1*
#7046000
b1010101011 Q
#7050000
0*
#7055000
b1 =
b11 K
0E
b0 I
1*
#7056000
b1010101100 Q
#7060000
0*
#7065000
b1 I
b10 =
1*
#7066000
b1010101101 Q
#7070000
0*
#7075000
b11 =
b10 I
1*
#7076000
b1010101110 Q
#7080000
0*
#7085000
b11 I
17
b100 =
1*
#7086000
b1010101111 Q
#7090000
0*
#7095000
07
b101 =
b100 I
1*
#7096000
b1010110000 Q
#7100000
0*
#7105000
b101 I
b110 =
1*
#7106000
b1010110001 Q
#7110000
0*
#7115000
b111 =
b110 I
1*
#7116000
b1010110010 Q
#7120000
0*
#7125000
b111 I
b1000 =
1*
#7126000
b1010110011 Q
#7130000
0*
#7135000
18
b1001 =
b1000 I
1*
#7136000
b1010110100 Q
#7140000
0*
#7145000
1E
b1001 I
b0 C
0'
1$
b10100101 &
b10100101 3
b10100101 ?
08
b0 =
1*
#7146000
b111 1
b1010110101 Q
#7150000
0*
#7155000
0$
b0 K
0#
1"
0E
b0 I
1*
#7160000
0*
#7165000
0"
1*
#7166000
1-
b1011010 ,
b1011010 2
b1011010 D
b1011010 P
#7170000
0*
#7175000
1#
b1 K
b1011010 L
1*
#7176000
0-
#7180000
0*
#7185000
b1 I
0!
1*
#7186000
b1010110110 Q
#7190000
0*
#7195000
0@
b10 I
1*
#7196000
b1010110111 Q
#7200000
0*
#7205000
b11 I
06
0A
1*
#7206000
b1010111000 Q
#7210000
0*
#7215000
1'
b1 C
b100 I
1*
#7216000
b1010111001 Q
#7220000
0*
#7225000
b101 I
b1 =
1*
#7226000
b1010111010 Q
#7230000
0*
#7235000
b10 =
b110 I
1*
#7236000
b1010111011 Q
#7240000
0*
#7245000
b111 I
b11 =
1*
#7246000
b1010111100 Q
#7250000
0*
#7255000
17
b100 =
b1000 I
1*
#7256000
b1010111101 Q
#7260000
0*
#7265000
1E
b1001 I
b10 C
b0 >
07
b0 =
1*
#7266000
b1010111110 Q
#7270000
0*
#7275000
b1 =
b10 K
b0 J
0E
b0 I
1*
#7276000
b1010111111 Q
#7280000
0*
#7285000
b1 I
b10 =
1*
#7286000
b1011000000 Q
#7290000
0*
#7295000
b11 =
b10 I
1*
#7296000
b1011000001 Q
#7300000
0*
#7305000
b11 I
17
b100 =
1*
#7306000
b1011000010 Q
#7310000
0*
#7315000
07
b101 =
b100 I
1*
#7316000
b1011000011 Q
#7320000
0*
#7325000
b101 I
b110 =
1*
#7326000
b1011000100 Q
#7330000
0*
#7335000
b111 =
b110 I
1*
#7336000
b1011000101 Q
#7340000
0*
#7345000
b111 I
b1000 =
1*
#7346000
b1011000110 Q
#7350000
0*
#7355000
18
b1001 =
b1000 I
1*
#7356000
b1011000111 Q
#7360000
0*
#7365000
1E
b1001 I
b1 >
08
b0 =
b10100100 B
1*
#7366000
b1011001000 Q
#7370000
0*
#7375000
b1 =
b1 J
0E
b0 I
1*
#7376000
b1011001001 Q
#7380000
0*
#7385000
b1 I
1!
b10 =
1*
#7386000
b1011001010 Q
#7390000
0*
#7395000
b11 =
1@
b10 I
1*
#7396000
b1011001011 Q
#7400000
0*
#7405000
b11 I
16
1A
17
b100 =
1*
#7406000
b1011001100 Q
#7410000
0*
#7415000
07
b101 =
b100 I
1*
#7416000
b1011001101 Q
#7420000
0*
#7425000
b101 I
b110 =
1*
#7426000
b1011001110 Q
#7430000
0*
#7435000
b111 =
b110 I
1*
#7436000
b1011001111 Q
#7440000
0*
#7445000
b111 I
b1000 =
1*
#7446000
b1011010000 Q
#7450000
0*
#7455000
18
b1001 =
b1000 I
1*
#7456000
b1011010001 Q
#7460000
0*
#7465000
1E
b1001 I
b10 >
08
b0 =
b10100110 B
1*
#7466000
b1011010010 Q
#7470000
0*
#7475000
b1 =
b10 J
0E
b0 I
1*
#7476000
b1011010011 Q
#7480000
0*
#7485000
b1 I
0!
b10 =
1*
#7486000
b1011010100 Q
#7490000
0*
#7495000
b11 =
0@
b10 I
1*
#7496000
b1011010101 Q
#7500000
0*
#7505000
b11 I
06
0A
17
b100 =
1*
#7506000
b1011010110 Q
#7510000
0*
#7515000
07
b101 =
b100 I
1*
#7516000
b1011010111 Q
#7520000
0*
#7525000
b101 I
b110 =
1*
#7526000
b1011011000 Q
#7530000
0*
#7535000
b111 =
b110 I
1*
#7536000
b1011011001 Q
#7540000
0*
#7545000
b111 I
b1000 =
1*
#7546000
b1011011010 Q
#7550000
0*
#7555000
18
b1001 =
b1000 I
1*
#7556000
b1011011011 Q
#7560000
0*
#7565000
1E
b1001 I
b11 >
08
b0 =
b10100010 B
1*
#7566000
b1011011100 Q
#7570000
0*
#7575000
b1 =
b11 J
0E
b0 I
1*
#7576000
b1011011101 Q
#7580000
0*
#7585000
b1 I
1!
b10 =
1*
#7586000
b1011011110 Q
#7590000
0*
#7595000
b11 =
1@
b10 I
1*
#7596000
b1011011111 Q
#7600000
0*
#7605000
b11 I
16
1A
17
b100 =
1*
#7606000
b1011100000 Q
#7610000
0*
#7615000
07
b101 =
b100 I
1*
#7616000
b1011100001 Q
#7620000
0*
#7625000
b101 I
b110 =
1*
#7626000
b1011100010 Q
#7630000
0*
#7635000
b111 =
b110 I
1*
#7636000
b1011100011 Q
#7640000
0*
#7645000
b111 I
b1000 =
1*
#7646000
b1011100100 Q
#7650000
0*
#7655000
18
b1001 =
b1000 I
1*
#7656000
b1011100101 Q
#7660000
0*
#7665000
1E
b1001 I
b100 >
08
b0 =
b10101010 B
1*
#7666000
b1011100110 Q
#7670000
0*
#7675000
b1 =
b100 J
0E
b0 I
1*
#7676000
b1011100111 Q
#7680000
0*
#7685000
b1 I
b10 =
1*
#7686000
b1011101000 Q
#7690000
0*
#7695000
b11 =
b10 I
1*
#7696000
b1011101001 Q
#7700000
0*
#7705000
b11 I
17
b100 =
1*
#7706000
b1011101010 Q
#7710000
0*
#7715000
07
b101 =
b100 I
1*
#7716000
b1011101011 Q
#7720000
0*
#7725000
b101 I
b110 =
1*
#7726000
b1011101100 Q
#7730000
0*
#7735000
b111 =
b110 I
1*
#7736000
b1011101101 Q
#7740000
0*
#7745000
b111 I
b1000 =
1*
#7746000
b1011101110 Q
#7750000
0*
#7755000
18
b1001 =
b1000 I
1*
#7756000
b1011101111 Q
#7760000
0*
#7765000
1E
b1001 I
b101 >
08
b0 =
b10111010 B
1*
#7766000
b1011110000 Q
#7770000
0*
#7775000
b1 =
b101 J
0E
b0 I
1*
#7776000
b1011110001 Q
#7780000
0*
#7785000
b1 I
0!
b10 =
1*
#7786000
b1011110010 Q
#7790000
0*
#7795000
b11 =
0@
b10 I
1*
#7796000
b1011110011 Q
#7800000
0*
#7805000
b11 I
06
0A
17
b100 =
1*
#7806000
b1011110100 Q
#7810000
0*
#7815000
07
b101 =
b100 I
1*
#7816000
b1011110101 Q
#7820000
0*
#7825000
b101 I
b110 =
1*
#7826000
b1011110110 Q
#7830000
0*
#7835000
b111 =
b110 I
1*
#7836000
b1011110111 Q
#7840000
0*
#7845000
b111 I
b1000 =
1*
#7846000
b1011111000 Q
#7850000
0*
#7855000
18
b1001 =
b1000 I
1*
#7856000
b1011111001 Q
#7860000
0*
#7865000
1E
b1001 I
b110 >
08
b0 =
b10011010 B
1*
#7866000
b1011111010 Q
#7870000
0*
#7875000
b1 =
b110 J
0E
b0 I
1*
#7876000
b1011111011 Q
#7880000
0*
#7885000
b1 I
1!
b10 =
1*
#7886000
b1011111100 Q
#7890000
0*
#7895000
b11 =
1@
b10 I
1*
#7896000
b1011111101 Q
#7900000
0*
#7905000
b11 I
16
1A
17
b100 =
1*
#7906000
b1011111110 Q
#7910000
0*
#7915000
07
b101 =
b100 I
1*
#7916000
b1011111111 Q
#7920000
0*
#7925000
b101 I
b110 =
1*
#7926000
b1100000000 Q
#7930000
0*
#7935000
b111 =
b110 I
1*
#7936000
b1100000001 Q
#7940000
0*
#7945000
b111 I
b1000 =
1*
#7946000
b1100000010 Q
#7950000
0*
#7955000
18
b1001 =
b1000 I
1*
#7956000
b1100000011 Q
#7960000
0*
#7965000
1E
b1001 I
b111 >
08
b0 =
b11011010 B
1*
#7966000
b1100000100 Q
#7970000
0*
#7975000
b1 =
b111 J
0E
b0 I
1*
#7976000
b1100000101 Q
#7980000
0*
#7985000
b1 I
0!
b10 =
1*
#7986000
b1100000110 Q
#7990000
0*
#7995000
b11 =
0@
b10 I
1*
#7996000
b1100000111 Q
#8000000
0*
#8005000
b11 I
06
0A
17
b100 =
1*
#8006000
b1100001000 Q
#8010000
0*
#8015000
07
b101 =
b100 I
1*
#8016000
b1100001001 Q
#8020000
0*
#8025000
b101 I
b110 =
1*
#8026000
b1100001010 Q
#8030000
0*
#8035000
b111 =
b110 I
1*
#8036000
b1100001011 Q
#8040000
0*
#8045000
b111 I
b1000 =
1*
#8046000
b1100001100 Q
#8050000
0*
#8055000
18
b1001 =
b1000 I
1*
#8056000
b1100001101 Q
#8060000
0*
#8065000
1E
b1001 I
b11 C
08
b0 =
b1011010 B
1*
#8066000
b1100001110 Q
#8070000
0*
#8075000
b1 =
b11 K
0E
b0 I
1*
#8076000
b1100001111 Q
#8080000
0*
#8085000
b1 I
1!
b10 =
1*
#8086000
b1100010000 Q
#8090000
0*
#8095000
b11 =
1@
b10 I
1*
#8096000
b1100010001 Q
#8100000
0*
#8105000
b11 I
16
1A
17
b100 =
1*
#8106000
b1100010010 Q
#8110000
0*
#8115000
07
b101 =
b100 I
1*
#8116000
b1100010011 Q
#8120000
0*
#8125000
b101 I
b110 =
1*
#8126000
b1100010100 Q
#8130000
0*
#8135000
b111 =
b110 I
1*
#8136000
b1100010101 Q
#8140000
0*
#8145000
b111 I
b1000 =
1*
#8146000
b1100010110 Q
#8150000
0*
#8155000
18
b1001 =
b1000 I
1*
#8156000
b1100010111 Q
#8160000
0*
#8165000
1E
b1001 I
b0 C
0'
1$
b1011010 &
b1011010 3
b1011010 ?
08
b0 =
1*
#8166000
b1000 1
b1100011000 Q
#8170000
0*
#8175000
0$
b0 K
0#
1"
0E
b0 I
1*
#8180000
0*
#8185000
0"
1*
#8186000
1-
b10010010 ,
b10010010 2
b10010010 D
b10010010 P
b0 0
#8190000
0*
#8195000
1#
b1 K
b10010010 L
1*
#8196000
0-
#8200000
0*
#8205000
b1 I
0!
1*
#8206000
b1100011001 Q
#8210000
0*
#8215000
0@
b10 I
1*
#8216000
b1100011010 Q
#8220000
0*
#8225000
b11 I
06
0A
1*
#8226000
b1100011011 Q
#8230000
0*
#8235000
1'
b1 C
b100 I
1*
#8236000
b1100011100 Q
#8240000
0*
#8245000
b101 I
b1 =
1*
#8246000
b1100011101 Q
#8250000
0*
#8255000
b10 =
b110 I
1*
#8256000
b1100011110 Q
#8260000
0*
#8265000
b111 I
b11 =
1*
#8266000
b1100011111 Q
#8270000
0*
#8275000
17
b100 =
b1000 I
1*
#8276000
b1100100000 Q
#8280000
0*
#8285000
1E
b1001 I
b10 C
b0 >
07
b0 =
1*
#8286000
b1100100001 Q
#8290000
0*
#8295000
b1 =
b10 K
b0 J
0E
b0 I
1*
#8296000
b1100100010 Q
#8300000
0*
#8305000
b1 I
b10 =
1*
#8306000
b1100100011 Q
#8310000
0*
#8315000
b11 =
b10 I
1*
#8316000
b1100100100 Q
#8320000
0*
#8325000
b11 I
17
b100 =
1*
#8326000
b1100100101 Q
#8330000
0*
#8335000
07
b101 =
b100 I
1*
#8336000
b1100100110 Q
#8340000
0*
#8345000
b101 I
b110 =
1*
#8346000
b1100100111 Q
#8350000
0*
#8355000
b111 =
b110 I
1*
#8356000
b1100101000 Q
#8360000
0*
#8365000
b111 I
b1000 =
1*
#8366000
b1100101001 Q
#8370000
0*
#8375000
18
b1001 =
b1000 I
1*
#8376000
b1100101010 Q
#8380000
0*
#8385000
1E
b1001 I
b1 >
08
b0 =
1*
#8386000
b1100101011 Q
#8390000
0*
#8395000
b1 =
b1 J
0E
b0 I
1*
#8396000
b1100101100 Q
#8400000
0*
#8405000
b1 I
1!
b10 =
1*
#8406000
b1100101101 Q
#8410000
0*
#8415000
b11 =
1@
b10 I
1*
#8416000
b1100101110 Q
#8420000
0*
#8425000
b11 I
16
1A
17
b100 =
1*
#8426000
b1100101111 Q
#8430000
0*
#8435000
07
b101 =
b100 I
1*
#8436000
b1100110000 Q
#8440000
0*
#8445000
b101 I
b110 =
1*
#8446000
b1100110001 Q
#8450000
0*
#8455000
b111 =
b110 I
1*
#8456000
b1100110010 Q
#8460000
0*
#8465000
b111 I
b1000 =
1*
#8466000
b1100110011 Q
#8470000
0*
#8475000
18
b1001 =
b1000 I
1*
#8476000
b1100110100 Q
#8480000
0*
#8485000
1E
b1001 I
b10 >
08
b0 =
1*
#8486000
b1100110101 Q
#8490000
0*
#8495000
b1 =
b10 J
0E
b0 I
1*
#8496000
b1100110110 Q
#8500000
0*
#8505000
b1 I
0!
b10 =
1*
#8506000
b1100110111 Q
#8510000
0*
#8515000
b11 =
0@
b10 I
1*
#8516000
b1100111000 Q
#8520000
0*
#8525000
b11 I
06
0A
17
b100 =
1*
#8526000
b1100111001 Q
#8530000
0*
#8535000
07
b101 =
b100 I
1*
#8536000
b1100111010 Q
#8540000
0*
#8545000
b101 I
b110 =
1*
#8546000
b1100111011 Q
#8550000
0*
#8555000
b111 =
b110 I
1*
#8556000
b1100111100 Q
#8560000
0*
#8565000
b111 I
b1000 =
1*
#8566000
b1100111101 Q
#8570000
0*
#8575000
18
b1001 =
b1000 I
1*
#8576000
b1100111110 Q
#8580000
0*
#8585000
1E
b1001 I
b11 >
08
b0 =
1*
#8586000
b1100111111 Q
#8590000
0*
#8595000
b1 =
b11 J
0E
b0 I
1*
#8596000
b1101000000 Q
#8600000
0*
#8605000
b1 I
b10 =
1*
#8606000
b1101000001 Q
#8610000
0*
#8615000
b11 =
b10 I
1*
#8616000
b1101000010 Q
#8620000
0*
#8625000
b11 I
17
b100 =
1*
#8626000
b1101000011 Q
#8630000
0*
#8635000
07
b101 =
b100 I
1*
#8636000
b1101000100 Q
#8640000
0*
#8645000
b101 I
b110 =
1*
#8646000
b1101000101 Q
#8650000
0*
#8655000
b111 =
b110 I
1*
#8656000
b1101000110 Q
#8660000
0*
#8665000
b111 I
b1000 =
1*
#8666000
b1101000111 Q
#8670000
0*
#8675000
18
b1001 =
b1000 I
1*
#8676000
b1101001000 Q
#8680000
0*
#8685000
1E
b1001 I
b100 >
08
b0 =
b1010010 B
1*
#8686000
b1101001001 Q
#8690000
0*
#8695000
b1 =
b100 J
0E
b0 I
1*
#8696000
b1101001010 Q
#8700000
0*
#8705000
b1 I
1!
b10 =
1*
#8706000
b1101001011 Q
#8710000
0*
#8715000
b11 =
1@
b10 I
1*
#8716000
b1101001100 Q
#8720000
0*
#8725000
b11 I
16
1A
17
b100 =
1*
#8726000
b1101001101 Q
#8730000
0*
#8735000
07
b101 =
b100 I
1*
#8736000
b1101001110 Q
#8740000
0*
#8745000
b101 I
b110 =
1*
#8746000
b1101001111 Q
#8750000
0*
#8755000
b111 =
b110 I
1*
#8756000
b1101010000 Q
#8760000
0*
#8765000
b111 I
b1000 =
1*
#8766000
b1101010001 Q
#8770000
0*
#8775000
18
b1001 =
b1000 I
1*
#8776000
b1101010010 Q
#8780000
0*
#8785000
1E
b1001 I
b101 >
08
b0 =
1*
#8786000
b1101010011 Q
#8790000
0*
#8795000
b1 =
b101 J
0E
b0 I
1*
#8796000
b1101010100 Q
#8800000
0*
#8805000
b1 I
0!
b10 =
1*
#8806000
b1101010101 Q
#8810000
0*
#8815000
b11 =
0@
b10 I
1*
#8816000
b1101010110 Q
#8820000
0*
#8825000
b11 I
06
0A
17
b100 =
1*
#8826000
b1101010111 Q
#8830000
0*
#8835000
07
b101 =
b100 I
1*
#8836000
b1101011000 Q
#8840000
0*
#8845000
b101 I
b110 =
1*
#8846000
b1101011001 Q
#8850000
0*
#8855000
b111 =
b110 I
1*
#8856000
b1101011010 Q
#8860000
0*
#8865000
b111 I
b1000 =
1*
#8866000
b1101011011 Q
#8870000
0*
#8875000
18
b1001 =
b1000 I
1*
#8876000
b1101011100 Q
#8880000
0*
#8885000
1E
b1001 I
b110 >
08
b0 =
1*
#8886000
b1101011101 Q
#8890000
0*
#8895000
b1 =
b110 J
0E
b0 I
1*
#8896000
b1101011110 Q
#8900000
0*
#8905000
b1 I
b10 =
1*
#8906000
b1101011111 Q
#8910000
0*
#8915000
b11 =
b10 I
1*
#8916000
b1101100000 Q
#8920000
0*
#8925000
b11 I
17
b100 =
1*
#8926000
b1101100001 Q
#8930000
0*
#8935000
07
b101 =
b100 I
1*
#8936000
b1101100010 Q
#8940000
0*
#8945000
b101 I
b110 =
1*
#8946000
b1101100011 Q
#8950000
0*
#8955000
b111 =
b110 I
1*
#8956000
b1101100100 Q
#8960000
0*
#8965000
b111 I
b1000 =
1*
#8966000
b1101100101 Q
#8970000
0*
#8975000
18
b1001 =
b1000 I
1*
#8976000
b1101100110 Q
#8980000
0*
#8985000
1E
b1001 I
b111 >
08
b0 =
b10010 B
1*
#8986000
b1101100111 Q
#8990000
0*
#8995000
b1 =
b111 J
0E
b0 I
1*
#8996000
b1101101000 Q
#9000000
0*
#9005000
b1 I
1!
b10 =
1*
#9006000
b1101101001 Q
#9010000
0*
#9015000
b11 =
1@
b10 I
1*
#9016000
b1101101010 Q
#9020000
0*
#9025000
b11 I
16
1A
17
b100 =
1*
#9026000
b1101101011 Q
#9030000
0*
#9035000
07
b101 =
b100 I
1*
#9036000
b1101101100 Q
#9040000
0*
#9045000
b101 I
b110 =
1*
#9046000
b1101101101 Q
#9050000
0*
#9055000
b111 =
b110 I
1*
#9056000
b1101101110 Q
#9060000
0*
#9065000
b111 I
b1000 =
1*
#9066000
b1101101111 Q
#9070000
0*
#9075000
18
b1001 =
b1000 I
1*
#9076000
b1101110000 Q
#9080000
0*
#9085000
1E
b1001 I
b11 C
08
b0 =
b10010010 B
1*
#9086000
b1101110001 Q
#9090000
0*
#9095000
b1 =
b11 K
0E
b0 I
1*
#9096000
b1101110010 Q
#9100000
0*
#9105000
b1 I
b10 =
1*
#9106000
b1101110011 Q
#9110000
0*
#9115000
b11 =
b10 I
1*
#9116000
b1101110100 Q
#9120000
0*
#9125000
b11 I
17
b100 =
1*
#9126000
b1101110101 Q
#9130000
0*
#9135000
07
b101 =
b100 I
1*
#9136000
b1101110110 Q
#9140000
0*
#9145000
b101 I
b110 =
1*
#9146000
b1101110111 Q
#9150000
0*
#9155000
b111 =
b110 I
1*
#9156000
b1101111000 Q
#9160000
0*
#9165000
b111 I
b1000 =
1*
#9166000
b1101111001 Q
#9170000
0*
#9175000
18
b1001 =
b1000 I
1*
#9176000
b1101111010 Q
#9180000
0*
#9185000
1E
b1001 I
b0 C
0'
1$
b10010010 &
b10010010 3
b10010010 ?
08
b0 =
1*
#9186000
b1001 1
b1101111011 Q
#9190000
0*
#9195000
0$
b0 K
0#
1"
0E
b0 I
1*
#9200000
0*
#9205000
0"
1*
#9206000
1-
b1000000 ,
b1000000 2
b1000000 D
b1000000 P
b1 0
#9210000
0*
#9215000
1#
b1 K
b1000000 L
1*
#9216000
0-
#9220000
0*
#9225000
b1 I
0!
1*
#9226000
b1101111100 Q
#9230000
0*
#9235000
0@
b10 I
1*
#9236000
b1101111101 Q
#9240000
0*
#9245000
b11 I
06
0A
1*
#9246000
b1101111110 Q
#9250000
0*
#9255000
1'
b1 C
b100 I
1*
#9256000
b1101111111 Q
#9260000
0*
#9265000
b101 I
b1 =
1*
#9266000
b1110000000 Q
#9270000
0*
#9275000
b10 =
b110 I
1*
#9276000
b1110000001 Q
#9280000
0*
#9285000
b111 I
b11 =
1*
#9286000
b1110000010 Q
#9290000
0*
#9295000
17
b100 =
b1000 I
1*
#9296000
b1110000011 Q
#9300000
0*
#9305000
1E
b1001 I
b10 C
b0 >
07
b0 =
1*
#9306000
b1110000100 Q
#9310000
0*
#9315000
b1 =
b10 K
b0 J
0E
b0 I
1*
#9316000
b1110000101 Q
#9320000
0*
#9325000
b1 I
b10 =
1*
#9326000
b1110000110 Q
#9330000
0*
#9335000
b11 =
b10 I
1*
#9336000
b1110000111 Q
#9340000
0*
#9345000
b11 I
17
b100 =
1*
#9346000
b1110001000 Q
#9350000
0*
#9355000
07
b101 =
b100 I
1*
#9356000
b1110001001 Q
#9360000
0*
#9365000
b101 I
b110 =
1*
#9366000
b1110001010 Q
#9370000
0*
#9375000
b111 =
b110 I
1*
#9376000
b1110001011 Q
#9380000
0*
#9385000
b111 I
b1000 =
1*
#9386000
b1110001100 Q
#9390000
0*
#9395000
18
b1001 =
b1000 I
1*
#9396000
b1110001101 Q
#9400000
0*
#9405000
1E
b1001 I
b1 >
08
b0 =
1*
#9406000
b1110001110 Q
#9410000
0*
#9415000
b1 =
b1 J
0E
b0 I
1*
#9416000
b1110001111 Q
#9420000
0*
#9425000
b1 I
b10 =
1*
#9426000
b1110010000 Q
#9430000
0*
#9435000
b11 =
b10 I
1*
#9436000
b1110010001 Q
#9440000
0*
#9445000
b11 I
17
b100 =
1*
#9446000
b1110010010 Q
#9450000
0*
#9455000
07
b101 =
b100 I
1*
#9456000
b1110010011 Q
#9460000
0*
#9465000
b101 I
b110 =
1*
#9466000
b1110010100 Q
#9470000
0*
#9475000
b111 =
b110 I
1*
#9476000
b1110010101 Q
#9480000
0*
#9485000
b111 I
b1000 =
1*
#9486000
b1110010110 Q
#9490000
0*
#9495000
18
b1001 =
b1000 I
1*
#9496000
b1110010111 Q
#9500000
0*
#9505000
1E
b1001 I
b10 >
08
b0 =
b10010000 B
1*
#9506000
b1110011000 Q
#9510000
0*
#9515000
b1 =
b10 J
0E
b0 I
1*
#9516000
b1110011001 Q
#9520000
0*
#9525000
b1 I
b10 =
1*
#9526000
b1110011010 Q
#9530000
0*
#9535000
b11 =
b10 I
1*
#9536000
b1110011011 Q
#9540000
0*
#9545000
b11 I
17
b100 =
1*
#9546000
b1110011100 Q
#9550000
0*
#9555000
07
b101 =
b100 I
1*
#9556000
b1110011101 Q
#9560000
0*
#9565000
b101 I
b110 =
1*
#9566000
b1110011110 Q
#9570000
0*
#9575000
b111 =
b110 I
1*
#9576000
b1110011111 Q
#9580000
0*
#9585000
b111 I
b1000 =
1*
#9586000
b1110100000 Q
#9590000
0*
#9595000
18
b1001 =
b1000 I
1*
#9596000
b1110100001 Q
#9600000
0*
#9605000
1E
b1001 I
b11 >
08
b0 =
1*
#9606000
b1110100010 Q
#9610000
0*
#9615000
b1 =
b11 J
0E
b0 I
1*
#9616000
b1110100011 Q
#9620000
0*
#9625000
b1 I
b10 =
1*
#9626000
b1110100100 Q
#9630000
0*
#9635000
b11 =
b10 I
1*
#9636000
b1110100101 Q
#9640000
0*
#9645000
b11 I
17
b100 =
1*
#9646000
b1110100110 Q
#9650000
0*
#9655000
07
b101 =
b100 I
1*
#9656000
b1110100111 Q
#9660000
0*
#9665000
b101 I
b110 =
1*
#9666000
b1110101000 Q
#9670000
0*
#9675000
b111 =
b110 I
1*
#9676000
b1110101001 Q
#9680000
0*
#9685000
b111 I
b1000 =
1*
#9686000
b1110101010 Q
#9690000
0*
#9695000
18
b1001 =
b1000 I
1*
#9696000
b1110101011 Q
#9700000
0*
#9705000
1E
b1001 I
b100 >
08
b0 =
1*
#9706000
b1110101100 Q
#9710000
0*
#9715000
b1 =
b100 J
0E
b0 I
1*
#9716000
b1110101101 Q
#9720000
0*
#9725000
b1 I
b10 =
1*
#9726000
b1110101110 Q
#9730000
0*
#9735000
b11 =
b10 I
1*
#9736000
b1110101111 Q
#9740000
0*
#9745000
b11 I
17
b100 =
1*
#9746000
b1110110000 Q
#9750000
0*
#9755000
07
b101 =
b100 I
1*
#9756000
b1110110001 Q
#9760000
0*
#9765000
b101 I
b110 =
1*
#9766000
b1110110010 Q
#9770000
0*
#9775000
b111 =
b110 I
1*
#9776000
b1110110011 Q
#9780000
0*
#9785000
b111 I
b1000 =
1*
#9786000
b1110110100 Q
#9790000
0*
#9795000
18
b1001 =
b1000 I
1*
#9796000
b1110110101 Q
#9800000
0*
#9805000
1E
b1001 I
b101 >
08
b0 =
b10000000 B
1*
#9806000
b1110110110 Q
#9810000
0*
#9815000
b1 =
b101 J
0E
b0 I
1*
#9816000
b1110110111 Q
#9820000
0*
#9825000
b1 I
b10 =
1*
#9826000
b1110111000 Q
#9830000
0*
#9835000
b11 =
b10 I
1*
#9836000
b1110111001 Q
#9840000
0*
#9845000
b11 I
17
b100 =
1*
#9846000
b1110111010 Q
#9850000
0*
#9855000
07
b101 =
b100 I
1*
#9856000
b1110111011 Q
#9860000
0*
#9865000
b101 I
b110 =
1*
#9866000
b1110111100 Q
#9870000
0*
#9875000
b111 =
b110 I
1*
#9876000
b1110111101 Q
#9880000
0*
#9885000
b111 I
b1000 =
1*
#9886000
b1110111110 Q
#9890000
0*
#9895000
18
b1001 =
b1000 I
1*
#9896000
b1110111111 Q
#9900000
0*
#9905000
1E
b1001 I
b110 >
08
b0 =
1*
#9906000
b1111000000 Q
#9910000
0*
#9915000
b1 =
b110 J
0E
b0 I
1*
#9916000
b1111000001 Q
#9920000
0*
#9925000
b1 I
1!
b10 =
1*
#9926000
b1111000010 Q
#9930000
0*
#9935000
b11 =
1@
b10 I
1*
#9936000
b1111000011 Q
#9940000
0*
#9945000
b11 I
16
1A
17
b100 =
1*
#9946000
b1111000100 Q
#9950000
0*
#9955000
07
b101 =
b100 I
1*
#9956000
b1111000101 Q
#9960000
0*
#9965000
b101 I
b110 =
1*
#9966000
b1111000110 Q
#9970000
0*
#9975000
b111 =
b110 I
1*
#9976000
b1111000111 Q
#9980000
0*
#9985000
b111 I
b1000 =
1*
#9986000
b1111001000 Q
#9990000
0*
#9995000
18
b1001 =
b1000 I
1*
#9996000
b1111001001 Q
#10000000
0*
#10005000
1E
b1001 I
b111 >
08
b0 =
b11000000 B
1*
#10006000
b1111001010 Q
#10010000
0*
#10015000
b1 =
b111 J
0E
b0 I
1*
#10016000
b1111001011 Q
#10020000
0*
#10025000
b1 I
0!
b10 =
1*
#10026000
b1111001100 Q
#10030000
0*
#10035000
b11 =
0@
b10 I
1*
#10036000
b1111001101 Q
#10040000
0*
#10045000
b11 I
06
0A
17
b100 =
1*
#10046000
b1111001110 Q
#10050000
0*
#10055000
07
b101 =
b100 I
1*
#10056000
b1111001111 Q
#10060000
0*
#10065000
b101 I
b110 =
1*
#10066000
b1111010000 Q
#10070000
0*
#10075000
b111 =
b110 I
1*
#10076000
b1111010001 Q
#10080000
0*
#10085000
b111 I
b1000 =
1*
#10086000
b1111010010 Q
#10090000
0*
#10095000
18
b1001 =
b1000 I
1*
#10096000
b1111010011 Q
#10100000
0*
#10105000
1E
b1001 I
b11 C
08
b0 =
b1000000 B
1*
#10106000
b1111010100 Q
#10110000
0*
#10115000
b1 =
b11 K
0E
b0 I
1*
#10116000
b1111010101 Q
#10120000
0*
#10125000
b1 I
1!
b10 =
1*
#10126000
b1111010110 Q
#10130000
0*
#10135000
b11 =
1@
b10 I
1*
#10136000
b1111010111 Q
#10140000
0*
#10145000
b11 I
16
1A
17
b100 =
1*
#10146000
b1111011000 Q
#10150000
0*
#10155000
07
b101 =
b100 I
1*
#10156000
b1111011001 Q
#10160000
0*
#10165000
b101 I
b110 =
1*
#10166000
b1111011010 Q
#10170000
0*
#10175000
b111 =
b110 I
1*
#10176000
b1111011011 Q
#10180000
0*
#10185000
b111 I
b1000 =
1*
#10186000
b1111011100 Q
#10190000
0*
#10195000
18
b1001 =
b1000 I
1*
#10196000
b1111011101 Q
#10200000
0*
#10205000
1E
b1001 I
b0 C
0'
1$
b1000000 &
b1000000 3
b1000000 ?
08
b0 =
1*
#10206000
b1010 1
b1111011110 Q
#10210000
0*
#10215000
0$
b0 K
0#
1"
0E
b0 I
1*
#10220000
0*
#10225000
0"
1*
#10226000
1-
b100 ,
b100 2
b100 D
b100 P
b10 0
#10230000
0*
#10235000
1#
b1 K
b100 L
1*
#10236000
0-
#10240000
0*
#10245000
b1 I
0!
1*
#10246000
b1111011111 Q
#10250000
0*
#10255000
0@
b10 I
1*
#10256000
b1111100000 Q
#10260000
0*
#10265000
b11 I
06
0A
1*
#10266000
b1111100001 Q
#10270000
0*
#10275000
1'
b1 C
b100 I
1*
#10276000
b1111100010 Q
#10280000
0*
#10285000
b101 I
b1 =
1*
#10286000
b1111100011 Q
#10290000
0*
#10295000
b10 =
b110 I
1*
#10296000
b1111100100 Q
#10300000
0*
#10305000
b111 I
b11 =
1*
#10306000
b1111100101 Q
#10310000
0*
#10315000
17
b100 =
b1000 I
1*
#10316000
b1111100110 Q
#10320000
0*
#10325000
1E
b1001 I
b10 C
b0 >
07
b0 =
1*
#10326000
b1111100111 Q
#10330000
0*
#10335000
b1 =
b10 K
b0 J
0E
b0 I
1*
#10336000
b1111101000 Q
#10340000
0*
#10345000
b1 I
b10 =
1*
#10346000
b1111101001 Q
#10350000
0*
#10355000
b11 =
b10 I
1*
#10356000
b1111101010 Q
#10360000
0*
#10365000
b11 I
17
b100 =
1*
#10366000
b1111101011 Q
#10370000
0*
#10375000
07
b101 =
b100 I
1*
#10376000
b1111101100 Q
#10380000
0*
#10385000
b101 I
b110 =
1*
#10386000
b1111101101 Q
#10390000
0*
#10395000
b111 =
b110 I
1*
#10396000
b1111101110 Q
#10400000
0*
#10405000
b111 I
b1000 =
1*
#10406000
b1111101111 Q
#10410000
0*
#10415000
18
b1001 =
b1000 I
1*
#10416000
b1111110000 Q
#10420000
0*
#10425000
1E
b1001 I
b1 >
08
b0 =
1*
#10426000
b1111110001 Q
#10430000
0*
#10435000
b1 =
b1 J
0E
b0 I
1*
#10436000
b1111110010 Q
#10440000
0*
#10445000
b1 I
b10 =
1*
#10446000
b1111110011 Q
#10450000
0*
#10455000
b11 =
b10 I
1*
#10456000
b1111110100 Q
#10460000
0*
#10465000
b11 I
17
b100 =
1*
#10466000
b1111110101 Q
#10470000
0*
#10475000
07
b101 =
b100 I
1*
#10476000
b1111110110 Q
#10480000
0*
#10485000
b101 I
b110 =
1*
#10486000
b1111110111 Q
#10490000
0*
#10495000
b111 =
b110 I
1*
#10496000
b1111111000 Q
#10500000
0*
#10505000
b111 I
b1000 =
1*
#10506000
b1111111001 Q
#10510000
0*
#10515000
18
b1001 =
b1000 I
1*
#10516000
b1111111010 Q
#10520000
0*
#10525000
1E
b1001 I
b10 >
08
b0 =
1*
#10526000
b1111111011 Q
#10530000
0*
#10535000
b1 =
b10 J
0E
b0 I
1*
#10536000
b1111111100 Q
#10540000
0*
#10545000
b1 I
1!
b10 =
1*
#10546000
b1111111101 Q
#10550000
0*
#10555000
b11 =
1@
b10 I
1*
#10556000
b1111111110 Q
#10560000
0*
#10565000
b11 I
16
1A
17
b100 =
1*
#10566000
b1111111111 Q
#10570000
0*
#10575000
07
b101 =
b100 I
1*
#10576000
b10000000000 Q
#10580000
0*
#10585000
b101 I
b110 =
1*
#10586000
b10000000001 Q
#10590000
0*
#10595000
b111 =
b110 I
1*
#10596000
b10000000010 Q
#10600000
0*
#10605000
b111 I
b1000 =
1*
#10606000
b10000000011 Q
#10610000
0*
#10615000
18
b1001 =
b1000 I
1*
#10616000
b10000000100 Q
#10620000
0*
#10625000
1E
b1001 I
b11 >
08
b0 =
b1000100 B
1*
#10626000
b10000000101 Q
#10630000
0*
#10635000
b1 =
b11 J
0E
b0 I
1*
#10636000
b10000000110 Q
#10640000
0*
#10645000
b1 I
0!
b10 =
1*
#10646000
b10000000111 Q
#10650000
0*
#10655000
b11 =
0@
b10 I
1*
#10656000
b10000001000 Q
#10660000
0*
#10665000
b11 I
06
0A
17
b100 =
1*
#10666000
b10000001001 Q
#10670000
0*
#10675000
07
b101 =
b100 I
1*
#10676000
b10000001010 Q
#10680000
0*
#10685000
b101 I
b110 =
1*
#10686000
b10000001011 Q
#10690000
0*
#10695000
b111 =
b110 I
1*
#10696000
b10000001100 Q
#10700000
0*
#10705000
b111 I
b1000 =
1*
#10706000
b10000001101 Q
#10710000
0*
#10715000
18
b1001 =
b1000 I
1*
#10716000
b10000001110 Q
#10720000
0*
#10725000
1E
b1001 I
b100 >
08
b0 =
1*
#10726000
b10000001111 Q
#10730000
0*
#10735000
b1 =
b100 J
0E
b0 I
1*
#10736000
b10000010000 Q
#10740000
0*
#10745000
b1 I
b10 =
1*
#10746000
b10000010001 Q
#10750000
0*
#10755000
b11 =
b10 I
1*
#10756000
b10000010010 Q
#10760000
0*
#10765000
b11 I
17
b100 =
1*
#10766000
b10000010011 Q
#10770000
0*
#10775000
07
b101 =
b100 I
1*
#10776000
b10000010100 Q
#10780000
0*
#10785000
b101 I
b110 =
1*
#10786000
b10000010101 Q
#10790000
0*
#10795000
b111 =
b110 I
1*
#10796000
b10000010110 Q
#10800000
0*
#10805000
b111 I
b1000 =
1*
#10806000
b10000010111 Q
#10810000
0*
#10815000
18
b1001 =
b1000 I
1*
#10816000
b10000011000 Q
#10820000
0*
#10825000
1E
b1001 I
b101 >
08
b0 =
1*
#10826000
b10000011001 Q
#10830000
0*
#10835000
b1 =
b101 J
0E
b0 I
1*
#10836000
b10000011010 Q
#10840000
0*
#10845000
b1 I
b10 =
1*
#10846000
b10000011011 Q
#10850000
0*
#10855000
b11 =
b10 I
1*
#10856000
b10000011100 Q
#10860000
0*
#10865000
b11 I
17
b100 =
1*
#10866000
b10000011101 Q
#10870000
0*
#10875000
07
b101 =
b100 I
1*
#10876000
b10000011110 Q
#10880000
0*
#10885000
b101 I
b110 =
1*
#10886000
b10000011111 Q
#10890000
0*
#10895000
b111 =
b110 I
1*
#10896000
b10000100000 Q
#10900000
0*
#10905000
b111 I
b1000 =
1*
#10906000
b10000100001 Q
#10910000
0*
#10915000
18
b1001 =
b1000 I
1*
#10916000
b10000100010 Q
#10920000
0*
#10925000
1E
b1001 I
b110 >
08
b0 =
1*
#10926000
b10000100011 Q
#10930000
0*
#10935000
b1 =
b110 J
0E
b0 I
1*
#10936000
b10000100100 Q
#10940000
0*
#10945000
b1 I
b10 =
1*
#10946000
b10000100101 Q
#10950000
0*
#10955000
b11 =
b10 I
1*
#10956000
b10000100110 Q
#10960000
0*
#10965000
b11 I
17
b100 =
1*
#10966000
b10000100111 Q
#10970000
0*
#10975000
07
b101 =
b100 I
1*
#10976000
b10000101000 Q
#10980000
0*
#10985000
b101 I
b110 =
1*
#10986000
b10000101001 Q
#10990000
0*
#10995000
b111 =
b110 I
1*
#10996000
b10000101010 Q
#11000000
0*
#11005000
b111 I
b1000 =
1*
#11006000
b10000101011 Q
#11010000
0*
#11015000
18
b1001 =
b1000 I
1*
#11016000
b10000101100 Q
#11020000
0*
#11025000
1E
b1001 I
b111 >
08
b0 =
b100 B
1*
#11026000
b10000101101 Q
#11030000
0*
#11035000
b1 =
b111 J
0E
b0 I
1*
#11036000
b10000101110 Q
#11040000
0*
#11045000
b1 I
b10 =
1*
#11046000
b10000101111 Q
#11050000
0*
#11055000
b11 =
b10 I
1*
#11056000
b10000110000 Q
#11060000
0*
#11065000
b11 I
17
b100 =
1*
#11066000
b10000110001 Q
#11070000
0*
#11075000
07
b101 =
b100 I
1*
#11076000
b10000110010 Q
#11080000
0*
#11085000
b101 I
b110 =
1*
#11086000
b10000110011 Q
#11090000
0*
#11095000
b111 =
b110 I
1*
#11096000
b10000110100 Q
#11100000
0*
#11105000
b111 I
b1000 =
1*
#11106000
b10000110101 Q
#11110000
0*
#11115000
18
b1001 =
b1000 I
1*
#11116000
b10000110110 Q
#11120000
0*
#11125000
1E
b1001 I
b11 C
08
b0 =
1*
#11126000
b10000110111 Q
#11130000
0*
#11135000
b1 =
b11 K
0E
b0 I
1*
#11136000
b10000111000 Q
#11140000
0*
#11145000
b1 I
1!
b10 =
1*
#11146000
b10000111001 Q
#11150000
0*
#11155000
b11 =
1@
b10 I
1*
#11156000
b10000111010 Q
#11160000
0*
#11165000
b11 I
16
1A
17
b100 =
1*
#11166000
b10000111011 Q
#11170000
0*
#11175000
07
b101 =
b100 I
1*
#11176000
b10000111100 Q
#11180000
0*
#11185000
b101 I
b110 =
1*
#11186000
b10000111101 Q
#11190000
0*
#11195000
b111 =
b110 I
1*
#11196000
b10000111110 Q
#11200000
0*
#11205000
b111 I
b1000 =
1*
#11206000
b10000111111 Q
#11210000
0*
#11215000
18
b1001 =
b1000 I
1*
#11216000
b10001000000 Q
#11220000
0*
#11225000
1E
b1001 I
b0 C
0'
1$
b100 &
b100 3
b100 ?
08
b0 =
1*
#11226000
b1011 1
b10001000001 Q
#11230000
0*
#11235000
0$
b0 K
0#
1"
0E
b0 I
1*
#11240000
0*
#11245000
0"
1*
#11246000
1-
b110001 ,
b110001 2
b110001 D
b110001 P
b11 0
#11250000
0*
#11255000
1#
b1 K
b110001 L
1*
#11256000
0-
#11260000
0*
#11265000
b1 I
0!
1*
#11266000
b10001000010 Q
#11270000
0*
#11275000
0@
b10 I
1*
#11276000
b10001000011 Q
#11280000
0*
#11285000
b11 I
06
0A
1*
#11286000
b10001000100 Q
#11290000
0*
#11295000
1'
b1 C
b100 I
1*
#11296000
b10001000101 Q
#11300000
0*
#11305000
b101 I
b1 =
1*
#11306000
b10001000110 Q
#11310000
0*
#11315000
b10 =
b110 I
1*
#11316000
b10001000111 Q
#11320000
0*
#11325000
b111 I
b11 =
1*
#11326000
b10001001000 Q
#11330000
0*
#11335000
17
b100 =
b1000 I
1*
#11336000
b10001001001 Q
#11340000
0*
#11345000
1E
b1001 I
b10 C
b0 >
07
b0 =
1*
#11346000
b10001001010 Q
#11350000
0*
#11355000
b1 =
b10 K
b0 J
0E
b0 I
1*
#11356000
b10001001011 Q
#11360000
0*
#11365000
b1 I
1!
b10 =
1*
#11366000
b10001001100 Q
#11370000
0*
#11375000
b11 =
1@
b10 I
1*
#11376000
b10001001101 Q
#11380000
0*
#11385000
b11 I
16
1A
17
b100 =
1*
#11386000
b10001001110 Q
#11390000
0*
#11395000
07
b101 =
b100 I
1*
#11396000
b10001001111 Q
#11400000
0*
#11405000
b101 I
b110 =
1*
#11406000
b10001010000 Q
#11410000
0*
#11415000
b111 =
b110 I
1*
#11416000
b10001010001 Q
#11420000
0*
#11425000
b111 I
b1000 =
1*
#11426000
b10001010010 Q
#11430000
0*
#11435000
18
b1001 =
b1000 I
1*
#11436000
b10001010011 Q
#11440000
0*
#11445000
1E
b1001 I
b1 >
08
b0 =
b101 B
1*
#11446000
b10001010100 Q
#11450000
0*
#11455000
b1 =
b1 J
0E
b0 I
1*
#11456000
b10001010101 Q
#11460000
0*
#11465000
b1 I
0!
b10 =
1*
#11466000
b10001010110 Q
#11470000
0*
#11475000
b11 =
0@
b10 I
1*
#11476000
b10001010111 Q
#11480000
0*
#11485000
b11 I
06
0A
17
b100 =
1*
#11486000
b10001011000 Q
#11490000
0*
#11495000
07
b101 =
b100 I
1*
#11496000
b10001011001 Q
#11500000
0*
#11505000
b101 I
b110 =
1*
#11506000
b10001011010 Q
#11510000
0*
#11515000
b111 =
b110 I
1*
#11516000
b10001011011 Q
#11520000
0*
#11525000
b111 I
b1000 =
1*
#11526000
b10001011100 Q
#11530000
0*
#11535000
18
b1001 =
b1000 I
1*
#11536000
b10001011101 Q
#11540000
0*
#11545000
1E
b1001 I
b10 >
08
b0 =
1*
#11546000
b10001011110 Q
#11550000
0*
#11555000
b1 =
b10 J
0E
b0 I
1*
#11556000
b10001011111 Q
#11560000
0*
#11565000
b1 I
b10 =
1*
#11566000
b10001100000 Q
#11570000
0*
#11575000
b11 =
b10 I
1*
#11576000
b10001100001 Q
#11580000
0*
#11585000
b11 I
17
b100 =
1*
#11586000
b10001100010 Q
#11590000
0*
#11595000
07
b101 =
b100 I
1*
#11596000
b10001100011 Q
#11600000
0*
#11605000
b101 I
b110 =
1*
#11606000
b10001100100 Q
#11610000
0*
#11615000
b111 =
b110 I
1*
#11616000
b10001100101 Q
#11620000
0*
#11625000
b111 I
b1000 =
1*
#11626000
b10001100110 Q
#11630000
0*
#11635000
18
b1001 =
b1000 I
1*
#11636000
b10001100111 Q
#11640000
0*
#11645000
1E
b1001 I
b11 >
08
b0 =
b1 B
1*
#11646000
b10001101000 Q
#11650000
0*
#11655000
b1 =
b11 J
0E
b0 I
1*
#11656000
b10001101001 Q
#11660000
0*
#11665000
b1 I
b10 =
1*
#11666000
b10001101010 Q
#11670000
0*
#11675000
b11 =
b10 I
1*
#11676000
b10001101011 Q
#11680000
0*
#11685000
b11 I
17
b100 =
1*
#11686000
b10001101100 Q
#11690000
0*
#11695000
07
b101 =
b100 I
1*
#11696000
b10001101101 Q
#11700000
0*
#11705000
b101 I
b110 =
1*
#11706000
b10001101110 Q
#11710000
0*
#11715000
b111 =
b110 I
1*
#11716000
b10001101111 Q
#11720000
0*
#11725000
b111 I
b1000 =
1*
#11726000
b10001110000 Q
#11730000
0*
#11735000
18
b1001 =
b1000 I
1*
#11736000
b10001110001 Q
#11740000
0*
#11745000
1E
b1001 I
b100 >
08
b0 =
1*
#11746000
b10001110010 Q
#11750000
0*
#11755000
b1 =
b100 J
0E
b0 I
1*
#11756000
b10001110011 Q
#11760000
0*
#11765000
b1 I
1!
b10 =
1*
#11766000
b10001110100 Q
#11770000
0*
#11775000
b11 =
1@
b10 I
1*
#11776000
b10001110101 Q
#11780000
0*
#11785000
b11 I
16
1A
17
b100 =
1*
#11786000
b10001110110 Q
#11790000
0*
#11795000
07
b101 =
b100 I
1*
#11796000
b10001110111 Q
#11800000
0*
#11805000
b101 I
b110 =
1*
#11806000
b10001111000 Q
#11810000
0*
#11815000
b111 =
b110 I
1*
#11816000
b10001111001 Q
#11820000
0*
#11825000
b111 I
b1000 =
1*
#11826000
b10001111010 Q
#11830000
0*
#11835000
18
b1001 =
b1000 I
1*
#11836000
b10001111011 Q
#11840000
0*
#11845000
1E
b1001 I
b101 >
08
b0 =
b10001 B
1*
#11846000
b10001111100 Q
#11850000
0*
#11855000
b1 =
b101 J
0E
b0 I
1*
#11856000
b10001111101 Q
#11860000
0*
#11865000
b1 I
b10 =
1*
#11866000
b10001111110 Q
#11870000
0*
#11875000
b11 =
b10 I
1*
#11876000
b10001111111 Q
#11880000
0*
#11885000
b11 I
17
b100 =
1*
#11886000
b10010000000 Q
#11890000
0*
#11895000
07
b101 =
b100 I
1*
#11896000
b10010000001 Q
#11900000
0*
#11905000
b101 I
b110 =
1*
#11906000
b10010000010 Q
#11910000
0*
#11915000
b111 =
b110 I
1*
#11916000
b10010000011 Q
#11920000
0*
#11925000
b111 I
b1000 =
1*
#11926000
b10010000100 Q
#11930000
0*
#11935000
18
b1001 =
b1000 I
1*
#11936000
b10010000101 Q
#11940000
0*
#11945000
1E
b1001 I
b110 >
08
b0 =
b110001 B
1*
#11946000
b10010000110 Q
#11950000
0*
#11955000
b1 =
b110 J
0E
b0 I
1*
#11956000
b10010000111 Q
#11960000
0*
#11965000
b1 I
0!
b10 =
1*
#11966000
b10010001000 Q
#11970000
0*
#11975000
b11 =
0@
b10 I
1*
#11976000
b10010001001 Q
#11980000
0*
#11985000
b11 I
06
0A
17
b100 =
1*
#11986000
b10010001010 Q
#11990000
0*
#11995000
07
b101 =
b100 I
1*
#11996000
b10010001011 Q
#12000000
0*
#12005000
b101 I
b110 =
1*
#12006000
b10010001100 Q
#12010000
0*
#12015000
b111 =
b110 I
1*
#12016000
b10010001101 Q
#12020000
0*
#12025000
b111 I
b1000 =
1*
#12026000
b10010001110 Q
#12030000
0*
#12035000
18
b1001 =
b1000 I
1*
#12036000
b10010001111 Q
#12040000
0*
#12045000
1E
b1001 I
b111 >
08
b0 =
1*
#12046000
b10010010000 Q
#12050000
0*
#12055000
b1 =
b111 J
0E
b0 I
1*
#12056000
b10010010001 Q
#12060000
0*
#12065000
b1 I
b10 =
1*
#12066000
b10010010010 Q
#12070000
0*
#12075000
b11 =
b10 I
1*
#12076000
b10010010011 Q
#12080000
0*
#12085000
b11 I
17
b100 =
1*
#12086000
b10010010100 Q
#12090000
0*
#12095000
07
b101 =
b100 I
1*
#12096000
b10010010101 Q
#12100000
0*
#12105000
b101 I
b110 =
1*
#12106000
b10010010110 Q
#12110000
0*
#12115000
b111 =
b110 I
1*
#12116000
b10010010111 Q
#12120000
0*
#12125000
b111 I
b1000 =
1*
#12126000
b10010011000 Q
#12130000
0*
#12135000
18
b1001 =
b1000 I
1*
#12136000
b10010011001 Q
#12140000
0*
#12145000
1E
b1001 I
b11 C
08
b0 =
1*
#12146000
b10010011010 Q
#12150000
0*
#12155000
b1 =
b11 K
0E
b0 I
1*
#12156000
b10010011011 Q
#12160000
0*
#12165000
b1 I
1!
b10 =
1*
#12166000
b10010011100 Q
#12170000
0*
#12175000
b11 =
1@
b10 I
1*
#12176000
b10010011101 Q
#12180000
0*
#12185000
b11 I
16
1A
17
b100 =
1*
#12186000
b10010011110 Q
#12190000
0*
#12195000
07
b101 =
b100 I
1*
#12196000
b10010011111 Q
#12200000
0*
#12205000
b101 I
b110 =
1*
#12206000
b10010100000 Q
#12210000
0*
#12215000
b111 =
b110 I
1*
#12216000
b10010100001 Q
#12220000
0*
#12225000
b111 I
b1000 =
1*
#12226000
b10010100010 Q
#12230000
0*
#12235000
18
b1001 =
b1000 I
1*
#12236000
b10010100011 Q
#12240000
0*
#12245000
1E
b1001 I
b0 C
0'
1$
b110001 &
b110001 3
b110001 ?
08
b0 =
1*
#12246000
b1100 1
b10010100100 Q
#12250000
0*
#12255000
0$
b0 K
0#
1"
0E
b0 I
1*
#12260000
0*
#12265000
0"
1*
#12266000
1-
b10000110 ,
b10000110 2
b10000110 D
b10000110 P
b100 0
#12270000
0*
#12275000
1#
b1 K
b10000110 L
1*
#12276000
0-
#12280000
0*
#12285000
b1 I
0!
1*
#12286000
b10010100101 Q
#12290000
0*
#12295000
0@
b10 I
1*
#12296000
b10010100110 Q
#12300000
0*
#12305000
b11 I
06
0A
1*
#12306000
b10010100111 Q
#12310000
0*
#12315000
1'
b1 C
b100 I
1*
#12316000
b10010101000 Q
#12320000
0*
#12325000
b101 I
b1 =
1*
#12326000
b10010101001 Q
#12330000
0*
#12335000
b10 =
b110 I
1*
#12336000
b10010101010 Q
#12340000
0*
#12345000
b111 I
b11 =
1*
#12346000
b10010101011 Q
#12350000
0*
#12355000
17
b100 =
b1000 I
1*
#12356000
b10010101100 Q
#12360000
0*
#12365000
1E
b1001 I
b10 C
b0 >
07
b0 =
1*
#12366000
b10010101101 Q
#12370000
0*
#12375000
b1 =
b10 K
b0 J
0E
b0 I
1*
#12376000
b10010101110 Q
#12380000
0*
#12385000
b1 I
b10 =
1*
#12386000
b10010101111 Q
#12390000
0*
#12395000
b11 =
b10 I
1*
#12396000
b10010110000 Q
#12400000
0*
#12405000
b11 I
17
b100 =
1*
#12406000
b10010110001 Q
#12410000
0*
#12415000
07
b101 =
b100 I
1*
#12416000
b10010110010 Q
#12420000
0*
#12425000
b101 I
b110 =
1*
#12426000
b10010110011 Q
#12430000
0*
#12435000
b111 =
b110 I
1*
#12436000
b10010110100 Q
#12440000
0*
#12445000
b111 I
b1000 =
1*
#12446000
b10010110101 Q
#12450000
0*
#12455000
18
b1001 =
b1000 I
1*
#12456000
b10010110110 Q
#12460000
0*
#12465000
1E
b1001 I
b1 >
08
b0 =
b110000 B
1*
#12466000
b10010110111 Q
#12470000
0*
#12475000
b1 =
b1 J
0E
b0 I
1*
#12476000
b10010111000 Q
#12480000
0*
#12485000
b1 I
1!
b10 =
1*
#12486000
b10010111001 Q
#12490000
0*
#12495000
b11 =
1@
b10 I
1*
#12496000
b10010111010 Q
#12500000
0*
#12505000
b11 I
16
1A
17
b100 =
1*
#12506000
b10010111011 Q
#12510000
0*
#12515000
07
b101 =
b100 I
1*
#12516000
b10010111100 Q
#12520000
0*
#12525000
b101 I
b110 =
1*
#12526000
b10010111101 Q
#12530000
0*
#12535000
b111 =
b110 I
1*
#12536000
b10010111110 Q
#12540000
0*
#12545000
b111 I
b1000 =
1*
#12546000
b10010111111 Q
#12550000
0*
#12555000
18
b1001 =
b1000 I
1*
#12556000
b10011000000 Q
#12560000
0*
#12565000
1E
b1001 I
b10 >
08
b0 =
b110010 B
1*
#12566000
b10011000001 Q
#12570000
0*
#12575000
b1 =
b10 J
0E
b0 I
1*
#12576000
b10011000010 Q
#12580000
0*
#12585000
b1 I
b10 =
1*
#12586000
b10011000011 Q
#12590000
0*
#12595000
b11 =
b10 I
1*
#12596000
b10011000100 Q
#12600000
0*
#12605000
b11 I
17
b100 =
1*
#12606000
b10011000101 Q
#12610000
0*
#12615000
07
b101 =
b100 I
1*
#12616000
b10011000110 Q
#12620000
0*
#12625000
b101 I
b110 =
1*
#12626000
b10011000111 Q
#12630000
0*
#12635000
b111 =
b110 I
1*
#12636000
b10011001000 Q
#12640000
0*
#12645000
b111 I
b1000 =
1*
#12646000
b10011001001 Q
#12650000
0*
#12655000
18
b1001 =
b1000 I
1*
#12656000
b10011001010 Q
#12660000
0*
#12665000
1E
b1001 I
b11 >
08
b0 =
b110110 B
1*
#12666000
b10011001011 Q
#12670000
0*
#12675000
b1 =
b11 J
0E
b0 I
1*
#12676000
b10011001100 Q
#12680000
0*
#12685000
b1 I
0!
b10 =
1*
#12686000
b10011001101 Q
#12690000
0*
#12695000
b11 =
0@
b10 I
1*
#12696000
b10011001110 Q
#12700000
0*
#12705000
b11 I
06
0A
17
b100 =
1*
#12706000
b10011001111 Q
#12710000
0*
#12715000
07
b101 =
b100 I
1*
#12716000
b10011010000 Q
#12720000
0*
#12725000
b101 I
b110 =
1*
#12726000
b10011010001 Q
#12730000
0*
#12735000
b111 =
b110 I
1*
#12736000
b10011010010 Q
#12740000
0*
#12745000
b111 I
b1000 =
1*
#12746000
b10011010011 Q
#12750000
0*
#12755000
18
b1001 =
b1000 I
1*
#12756000
b10011010100 Q
#12760000
0*
#12765000
1E
b1001 I
b100 >
08
b0 =
1*
#12766000
b10011010101 Q
#12770000
0*
#12775000
b1 =
b100 J
0E
b0 I
1*
#12776000
b10011010110 Q
#12780000
0*
#12785000
b1 I
b10 =
1*
#12786000
b10011010111 Q
#12790000
0*
#12795000
b11 =
b10 I
1*
#12796000
b10011011000 Q
#12800000
0*
#12805000
b11 I
17
b100 =
1*
#12806000
b10011011001 Q
#12810000
0*
#12815000
07
b101 =
b100 I
1*
#12816000
b10011011010 Q
#12820000
0*
#12825000
b101 I
b110 =
1*
#12826000
b10011011011 Q
#12830000
0*
#12835000
b111 =
b110 I
1*
#12836000
b10011011100 Q
#12840000
0*
#12845000
b111 I
b1000 =
1*
#12846000
b10011011101 Q
#12850000
0*
#12855000
18
b1001 =
b1000 I
1*
#12856000
b10011011110 Q
#12860000
0*
#12865000
1E
b1001 I
b101 >
08
b0 =
b100110 B
1*
#12866000
b10011011111 Q
#12870000
0*
#12875000
b1 =
b101 J
0E
b0 I
1*
#12876000
b10011100000 Q
#12880000
0*
#12885000
b1 I
b10 =
1*
#12886000
b10011100001 Q
#12890000
0*
#12895000
b11 =
b10 I
1*
#12896000
b10011100010 Q
#12900000
0*
#12905000
b11 I
17
b100 =
1*
#12906000
b10011100011 Q
#12910000
0*
#12915000
07
b101 =
b100 I
1*
#12916000
b10011100100 Q
#12920000
0*
#12925000
b101 I
b110 =
1*
#12926000
b10011100101 Q
#12930000
0*
#12935000
b111 =
b110 I
1*
#12936000
b10011100110 Q
#12940000
0*
#12945000
b111 I
b1000 =
1*
#12946000
b10011100111 Q
#12950000
0*
#12955000
18
b1001 =
b1000 I
1*
#12956000
b10011101000 Q
#12960000
0*
#12965000
1E
b1001 I
b110 >
08
b0 =
b110 B
1*
#12966000
b10011101001 Q
#12970000
0*
#12975000
b1 =
b110 J
0E
b0 I
1*
#12976000
b10011101010 Q
#12980000
0*
#12985000
b1 I
b10 =
1*
#12986000
b10011101011 Q
#12990000
0*
#12995000
b11 =
b10 I
1*
#12996000
b10011101100 Q
#13000000
0*
#13005000
b11 I
17
b100 =
1*
#13006000
b10011101101 Q
#13010000
0*
#13015000
07
b101 =
b100 I
1*
#13016000
b10011101110 Q
#13020000
0*
#13025000
b101 I
b110 =
1*
#13026000
b10011101111 Q
#13030000
0*
#13035000
b111 =
b110 I
1*
#13036000
b10011110000 Q
#13040000
0*
#13045000
b111 I
b1000 =
1*
#13046000
b10011110001 Q
#13050000
0*
#13055000
18
b1001 =
b1000 I
1*
#13056000
b10011110010 Q
#13060000
0*
#13065000
1E
b1001 I
b111 >
08
b0 =
1*
#13066000
b10011110011 Q
#13070000
0*
#13075000
b1 =
b111 J
0E
b0 I
1*
#13076000
b10011110100 Q
#13080000
0*
#13085000
b1 I
1!
b10 =
1*
#13086000
b10011110101 Q
#13090000
0*
#13095000
b11 =
1@
b10 I
1*
#13096000
b10011110110 Q
#13100000
0*
#13105000
b11 I
16
1A
17
b100 =
1*
#13106000
b10011110111 Q
#13110000
0*
#13115000
07
b101 =
b100 I
1*
#13116000
b10011111000 Q
#13120000
0*
#13125000
b101 I
b110 =
1*
#13126000
b10011111001 Q
#13130000
0*
#13135000
b111 =
b110 I
1*
#13136000
b10011111010 Q
#13140000
0*
#13145000
b111 I
b1000 =
1*
#13146000
b10011111011 Q
#13150000
0*
#13155000
18
b1001 =
b1000 I
1*
#13156000
b10011111100 Q
#13160000
0*
#13165000
1E
b1001 I
b11 C
08
b0 =
b10000110 B
1*
#13166000
b10011111101 Q
#13170000
0*
#13175000
b1 =
b11 K
0E
b0 I
1*
#13176000
b10011111110 Q
#13180000
0*
#13185000
b1 I
b10 =
1*
#13186000
b10011111111 Q
#13190000
0*
#13195000
b11 =
b10 I
1*
#13196000
b10100000000 Q
#13200000
0*
#13205000
b11 I
17
b100 =
1*
#13206000
b10100000001 Q
#13210000
0*
#13215000
07
b101 =
b100 I
1*
#13216000
b10100000010 Q
#13220000
0*
#13225000
b101 I
b110 =
1*
#13226000
b10100000011 Q
#13230000
0*
#13235000
b111 =
b110 I
1*
#13236000
b10100000100 Q
#13240000
0*
#13245000
b111 I
b1000 =
1*
#13246000
b10100000101 Q
#13250000
0*
#13255000
18
b1001 =
b1000 I
1*
#13256000
b10100000110 Q
#13260000
0*
#13265000
1E
b1001 I
b0 C
0'
1$
b10000110 &
b10000110 3
b10000110 ?
08
b0 =
1*
#13266000
b1101 1
b10100000111 Q
#13270000
0*
#13275000
0$
b0 K
0#
1"
0E
b0 I
1*
#13280000
0*
#13285000
0"
1*
#13286000
1-
b11000110 ,
b11000110 2
b11000110 D
b11000110 P
b101 0
#13290000
0*
#13295000
1#
b1 K
b11000110 L
1*
#13296000
0-
#13300000
0*
#13305000
b1 I
0!
1*
#13306000
b10100001000 Q
#13310000
0*
#13315000
0@
b10 I
1*
#13316000
b10100001001 Q
#13320000
0*
#13325000
b11 I
06
0A
1*
#13326000
b10100001010 Q
#13330000
0*
#13335000
1'
b1 C
b100 I
1*
#13336000
b10100001011 Q
#13340000
0*
#13345000
b101 I
b1 =
1*
#13346000
b10100001100 Q
#13350000
0*
#13355000
b10 =
b110 I
1*
#13356000
b10100001101 Q
#13360000
0*
#13365000
b111 I
b11 =
1*
#13366000
b10100001110 Q
#13370000
0*
#13375000
17
b100 =
b1000 I
1*
#13376000
b10100001111 Q
#13380000
0*
#13385000
1E
b1001 I
b10 C
b0 >
07
b0 =
1*
#13386000
b10100010000 Q
#13390000
0*
#13395000
b1 =
b10 K
b0 J
0E
b0 I
1*
#13396000
b10100010001 Q
#13400000
0*
#13405000
b1 I
b10 =
1*
#13406000
b10100010010 Q
#13410000
0*
#13415000
b11 =
b10 I
1*
#13416000
b10100010011 Q
#13420000
0*
#13425000
b11 I
17
b100 =
1*
#13426000
b10100010100 Q
#13430000
0*
#13435000
07
b101 =
b100 I
1*
#13436000
b10100010101 Q
#13440000
0*
#13445000
b101 I
b110 =
1*
#13446000
b10100010110 Q
#13450000
0*
#13455000
b111 =
b110 I
1*
#13456000
b10100010111 Q
#13460000
0*
#13465000
b111 I
b1000 =
1*
#13466000
b10100011000 Q
#13470000
0*
#13475000
18
b1001 =
b1000 I
1*
#13476000
b10100011001 Q
#13480000
0*
#13485000
1E
b1001 I
b1 >
08
b0 =
1*
#13486000
b10100011010 Q
#13490000
0*
#13495000
b1 =
b1 J
0E
b0 I
1*
#13496000
b10100011011 Q
#13500000
0*
#13505000
b1 I
1!
b10 =
1*
#13506000
b10100011100 Q
#13510000
0*
#13515000
b11 =
1@
b10 I
1*
#13516000
b10100011101 Q
#13520000
0*
#13525000
b11 I
16
1A
17
b100 =
1*
#13526000
b10100011110 Q
#13530000
0*
#13535000
07
b101 =
b100 I
1*
#13536000
b10100011111 Q
#13540000
0*
#13545000
b101 I
b110 =
1*
#13546000
b10100100000 Q
#13550000
0*
#13555000
b111 =
b110 I
1*
#13556000
b10100100001 Q
#13560000
0*
#13565000
b111 I
b1000 =
1*
#13566000
b10100100010 Q
#13570000
0*
#13575000
18
b1001 =
b1000 I
1*
#13576000
b10100100011 Q
#13580000
0*
#13585000
1E
b1001 I
b10 >
08
b0 =
1*
#13586000
b10100100100 Q
#13590000
0*
#13595000
b1 =
b10 J
0E
b0 I
1*
#13596000
b10100100101 Q
#13600000
0*
#13605000
b1 I
b10 =
1*
#13606000
b10100100110 Q
#13610000
0*
#13615000
b11 =
b10 I
1*
#13616000
b10100100111 Q
#13620000
0*
#13625000
b11 I
17
b100 =
1*
#13626000
b10100101000 Q
#13630000
0*
#13635000
07
b101 =
b100 I
1*
#13636000
b10100101001 Q
#13640000
0*
#13645000
b101 I
b110 =
1*
#13646000
b10100101010 Q
#13650000
0*
#13655000
b111 =
b110 I
1*
#13656000
b10100101011 Q
#13660000
0*
#13665000
b111 I
b1000 =
1*
#13666000
b10100101100 Q
#13670000
0*
#13675000
18
b1001 =
b1000 I
1*
#13676000
b10100101101 Q
#13680000
0*
#13685000
1E
b1001 I
b11 >
08
b0 =
1*
#13686000
b10100101110 Q
#13690000
0*
#13695000
b1 =
b11 J
0E
b0 I
1*
#13696000
b10100101111 Q
#13700000
0*
#13705000
b1 I
0!
b10 =
1*
#13706000
b10100110000 Q
#13710000
0*
#13715000
b11 =
0@
b10 I
1*
#13716000
b10100110001 Q
#13720000
0*
#13725000
b11 I
06
0A
17
b100 =
1*
#13726000
b10100110010 Q
#13730000
0*
#13735000
07
b101 =
b100 I
1*
#13736000
b10100110011 Q
#13740000
0*
#13745000
b101 I
b110 =
1*
#13746000
b10100110100 Q
#13750000
0*
#13755000
b111 =
b110 I
1*
#13756000
b10100110101 Q
#13760000
0*
#13765000
b111 I
b1000 =
1*
#13766000
b10100110110 Q
#13770000
0*
#13775000
18
b1001 =
b1000 I
1*
#13776000
b10100110111 Q
#13780000
0*
#13785000
1E
b1001 I
b100 >
08
b0 =
1*
#13786000
b10100111000 Q
#13790000
0*
#13795000
b1 =
b100 J
0E
b0 I
1*
#13796000
b10100111001 Q
#13800000
0*
#13805000
b1 I
b10 =
1*
#13806000
b10100111010 Q
#13810000
0*
#13815000
b11 =
b10 I
1*
#13816000
b10100111011 Q
#13820000
0*
#13825000
b11 I
17
b100 =
1*
#13826000
b10100111100 Q
#13830000
0*
#13835000
07
b101 =
b100 I
1*
#13836000
b10100111101 Q
#13840000
0*
#13845000
b101 I
b110 =
1*
#13846000
b10100111110 Q
#13850000
0*
#13855000
b111 =
b110 I
1*
#13856000
b10100111111 Q
#13860000
0*
#13865000
b111 I
b1000 =
1*
#13866000
b10101000000 Q
#13870000
0*
#13875000
18
b1001 =
b1000 I
1*
#13876000
b10101000001 Q
#13880000
0*
#13885000
1E
b1001 I
b101 >
08
b0 =
1*
#13886000
b10101000010 Q
#13890000
0*
#13895000
b1 =
b101 J
0E
b0 I
1*
#13896000
b10101000011 Q
#13900000
0*
#13905000
b1 I
b10 =
1*
#13906000
b10101000100 Q
#13910000
0*
#13915000
b11 =
b10 I
1*
#13916000
b10101000101 Q
#13920000
0*
#13925000
b11 I
17
b100 =
1*
#13926000
b10101000110 Q
#13930000
0*
#13935000
07
b101 =
b100 I
1*
#13936000
b10101000111 Q
#13940000
0*
#13945000
b101 I
b110 =
1*
#13946000
b10101001000 Q
#13950000
0*
#13955000
b111 =
b110 I
1*
#13956000
b10101001001 Q
#13960000
0*
#13965000
b111 I
b1000 =
1*
#13966000
b10101001010 Q
#13970000
0*
#13975000
18
b1001 =
b1000 I
1*
#13976000
b10101001011 Q
#13980000
0*
#13985000
1E
b1001 I
b110 >
08
b0 =
1*
#13986000
b10101001100 Q
#13990000
0*
#13995000
b1 =
b110 J
0E
b0 I
1*
#13996000
b10101001101 Q
#14000000
0*
#14005000
b1 I
1!
b10 =
1*
#14006000
b10101001110 Q
#14010000
0*
#14015000
b11 =
1@
b10 I
1*
#14016000
b10101001111 Q
#14020000
0*
#14025000
b11 I
16
1A
17
b100 =
1*
#14026000
b10101010000 Q
#14030000
0*
#14035000
07
b101 =
b100 I
1*
#14036000
b10101010001 Q
#14040000
0*
#14045000
b101 I
b110 =
1*
#14046000
b10101010010 Q
#14050000
0*
#14055000
b111 =
b110 I
1*
#14056000
b10101010011 Q
#14060000
0*
#14065000
b111 I
b1000 =
1*
#14066000
b10101010100 Q
#14070000
0*
#14075000
18
b1001 =
b1000 I
1*
#14076000
b10101010101 Q
#14080000
0*
#14085000
1E
b1001 I
b111 >
08
b0 =
b11000110 B
1*
#14086000
b10101010110 Q
#14090000
0*
#14095000
b1 =
b111 J
0E
b0 I
1*
#14096000
b10101010111 Q
#14100000
0*
#14105000
b1 I
b10 =
1*
#14106000
b10101011000 Q
#14110000
0*
#14115000
b11 =
b10 I
1*
#14116000
b10101011001 Q
#14120000
0*
#14125000
b11 I
17
b100 =
1*
#14126000
b10101011010 Q
#14130000
0*
#14135000
07
b101 =
b100 I
1*
#14136000
b10101011011 Q
#14140000
0*
#14145000
b101 I
b110 =
1*
#14146000
b10101011100 Q
#14150000
0*
#14155000
b111 =
b110 I
1*
#14156000
b10101011101 Q
#14160000
0*
#14165000
b111 I
b1000 =
1*
#14166000
b10101011110 Q
#14170000
0*
#14175000
18
b1001 =
b1000 I
1*
#14176000
b10101011111 Q
#14180000
0*
#14185000
1E
b1001 I
b11 C
08
b0 =
1*
#14186000
b10101100000 Q
#14190000
0*
#14195000
b1 =
b11 K
0E
b0 I
1*
#14196000
b10101100001 Q
#14200000
0*
#14205000
b1 I
b10 =
1*
#14206000
b10101100010 Q
#14210000
0*
#14215000
b11 =
b10 I
1*
#14216000
b10101100011 Q
#14220000
0*
#14225000
b11 I
17
b100 =
1*
#14226000
b10101100100 Q
#14230000
0*
#14235000
07
b101 =
b100 I
1*
#14236000
b10101100101 Q
#14240000
0*
#14245000
b101 I
b110 =
1*
#14246000
b10101100110 Q
#14250000
0*
#14255000
b111 =
b110 I
1*
#14256000
b10101100111 Q
#14260000
0*
#14265000
b111 I
b1000 =
1*
#14266000
b10101101000 Q
#14270000
0*
#14275000
18
b1001 =
b1000 I
1*
#14276000
b10101101001 Q
#14280000
0*
#14285000
1E
b1001 I
b0 C
0'
1$
b11000110 &
b11000110 3
b11000110 ?
08
b0 =
1*
#14286000
b1110 1
b10101101010 Q
#14290000
0*
#14295000
0$
b0 K
0#
1"
0E
b0 I
1*
#14300000
0*
#14305000
0"
1*
#14306000
1-
b110010 ,
b110010 2
b110010 D
b110010 P
b110 0
#14310000
0*
#14315000
1#
b1 K
b110010 L
1*
#14316000
0-
#14320000
0*
#14325000
b1 I
0!
1*
#14326000
b10101101011 Q
#14330000
0*
#14335000
0@
b10 I
1*
#14336000
b10101101100 Q
#14340000
0*
#14345000
b11 I
06
0A
1*
#14346000
b10101101101 Q
#14350000
0*
#14355000
1'
b1 C
b100 I
1*
#14356000
b10101101110 Q
#14360000
0*
#14365000
b101 I
b1 =
1*
#14366000
b10101101111 Q
#14370000
0*
#14375000
b10 =
b110 I
1*
#14376000
b10101110000 Q
#14380000
0*
#14385000
b111 I
b11 =
1*
#14386000
b10101110001 Q
#14390000
0*
#14395000
17
b100 =
b1000 I
1*
#14396000
b10101110010 Q
#14400000
0*
#14405000
1E
b1001 I
b10 C
b0 >
07
b0 =
1*
#14406000
b10101110011 Q
#14410000
0*
#14415000
b1 =
b10 K
b0 J
0E
b0 I
1*
#14416000
b10101110100 Q
#14420000
0*
#14425000
b1 I
b10 =
1*
#14426000
b10101110101 Q
#14430000
0*
#14435000
b11 =
b10 I
1*
#14436000
b10101110110 Q
#14440000
0*
#14445000
b11 I
17
b100 =
1*
#14446000
b10101110111 Q
#14450000
0*
#14455000
07
b101 =
b100 I
1*
#14456000
b10101111000 Q
#14460000
0*
#14465000
b101 I
b110 =
1*
#14466000
b10101111001 Q
#14470000
0*
#14475000
b111 =
b110 I
1*
#14476000
b10101111010 Q
#14480000
0*
#14485000
b111 I
b1000 =
1*
#14486000
b10101111011 Q
#14490000
0*
#14495000
18
b1001 =
b1000 I
1*
#14496000
b10101111100 Q
#14500000
0*
#14505000
1E
b1001 I
b1 >
08
b0 =
1*
#14506000
b10101111101 Q
#14510000
0*
#14515000
b1 =
b1 J
0E
b0 I
1*
#14516000
b10101111110 Q
#14520000
0*
#14525000
b1 I
1!
b10 =
1*
#14526000
b10101111111 Q
#14530000
0*
#14535000
b11 =
1@
b10 I
1*
#14536000
b10110000000 Q
#14540000
0*
#14545000
b11 I
16
1A
17
b100 =
1*
#14546000
b10110000001 Q
#14550000
0*
#14555000
07
b101 =
b100 I
1*
#14556000
b10110000010 Q
#14560000
0*
#14565000
b101 I
b110 =
1*
#14566000
b10110000011 Q
#14570000
0*
#14575000
b111 =
b110 I
1*
#14576000
b10110000100 Q
#14580000
0*
#14585000
b111 I
b1000 =
1*
#14586000
b10110000101 Q
#14590000
0*
#14595000
18
b1001 =
b1000 I
1*
#14596000
b10110000110 Q
#14600000
0*
#14605000
1E
b1001 I
b10 >
08
b0 =
1*
#14606000
b10110000111 Q
#14610000
0*
#14615000
b1 =
b10 J
0E
b0 I
1*
#14616000
b10110001000 Q
#14620000
0*
#14625000
b1 I
0!
b10 =
1*
#14626000
b10110001001 Q
#14630000
0*
#14635000
b11 =
0@
b10 I
1*
#14636000
b10110001010 Q
#14640000
0*
#14645000
b11 I
06
0A
17
b100 =
1*
#14646000
b10110001011 Q
#14650000
0*
#14655000
07
b101 =
b100 I
1*
#14656000
b10110001100 Q
#14660000
0*
#14665000
b101 I
b110 =
1*
#14666000
b10110001101 Q
#14670000
0*
#14675000
b111 =
b110 I
1*
#14676000
b10110001110 Q
#14680000
0*
#14685000
b111 I
b1000 =
1*
#14686000
b10110001111 Q
#14690000
0*
#14695000
18
b1001 =
b1000 I
1*
#14696000
b10110010000 Q
#14700000
0*
#14705000
1E
b1001 I
b11 >
08
b0 =
b11000010 B
1*
#14706000
b10110010001 Q
#14710000
0*
#14715000
b1 =
b11 J
0E
b0 I
1*
#14716000
b10110010010 Q
#14720000
0*
#14725000
b1 I
b10 =
1*
#14726000
b10110010011 Q
#14730000
0*
#14735000
b11 =
b10 I
1*
#14736000
b10110010100 Q
#14740000
0*
#14745000
b11 I
17
b100 =
1*
#14746000
b10110010101 Q
#14750000
0*
#14755000
07
b101 =
b100 I
1*
#14756000
b10110010110 Q
#14760000
0*
#14765000
b101 I
b110 =
1*
#14766000
b10110010111 Q
#14770000
0*
#14775000
b111 =
b110 I
1*
#14776000
b10110011000 Q
#14780000
0*
#14785000
b111 I
b1000 =
1*
#14786000
b10110011001 Q
#14790000
0*
#14795000
18
b1001 =
b1000 I
1*
#14796000
b10110011010 Q
#14800000
0*
#14805000
1E
b1001 I
b100 >
08
b0 =
1*
#14806000
b10110011011 Q
#14810000
0*
#14815000
b1 =
b100 J
0E
b0 I
1*
#14816000
b10110011100 Q
#14820000
0*
#14825000
b1 I
1!
b10 =
1*
#14826000
b10110011101 Q
#14830000
0*
#14835000
b11 =
1@
b10 I
1*
#14836000
b10110011110 Q
#14840000
0*
#14845000
b11 I
16
1A
17
b100 =
1*
#14846000
b10110011111 Q
#14850000
0*
#14855000
07
b101 =
b100 I
1*
#14856000
b10110100000 Q
#14860000
0*
#14865000
b101 I
b110 =
1*
#14866000
b10110100001 Q
#14870000
0*
#14875000
b111 =
b110 I
1*
#14876000
b10110100010 Q
#14880000
0*
#14885000
b111 I
b1000 =
1*
#14886000
b10110100011 Q
#14890000
0*
#14895000
18
b1001 =
b1000 I
1*
#14896000
b10110100100 Q
#14900000
0*
#14905000
1E
b1001 I
b101 >
08
b0 =
b11010010 B
1*
#14906000
b10110100101 Q
#14910000
0*
#14915000
b1 =
b101 J
0E
b0 I
1*
#14916000
b10110100110 Q
#14920000
0*
#14925000
b1 I
b10 =
1*
#14926000
b10110100111 Q
#14930000
0*
#14935000
b11 =
b10 I
1*
#14936000
b10110101000 Q
#14940000
0*
#14945000
b11 I
17
b100 =
1*
#14946000
b10110101001 Q
#14950000
0*
#14955000
07
b101 =
b100 I
1*
#14956000
b10110101010 Q
#14960000
0*
#14965000
b101 I
b110 =
1*
#14966000
b10110101011 Q
#14970000
0*
#14975000
b111 =
b110 I
1*
#14976000
b10110101100 Q
#14980000
0*
#14985000
b111 I
b1000 =
1*
#14986000
b10110101101 Q
#14990000
0*
#14995000
18
b1001 =
b1000 I
1*
#14996000
b10110101110 Q
#15000000
0*
#15005000
1E
b1001 I
b110 >
08
b0 =
b11110010 B
1*
#15006000
b10110101111 Q
#15010000
0*
#15015000
b1 =
b110 J
0E
b0 I
1*
#15016000
b10110110000 Q
#15020000
0*
#15025000
b1 I
0!
b10 =
1*
#15026000
b10110110001 Q
#15030000
0*
#15035000
b11 =
0@
b10 I
1*
#15036000
b10110110010 Q
#15040000
0*
#15045000
b11 I
06
0A
17
b100 =
1*
#15046000
b10110110011 Q
#15050000
0*
#15055000
07
b101 =
b100 I
1*
#15056000
b10110110100 Q
#15060000
0*
#15065000
b101 I
b110 =
1*
#15066000
b10110110101 Q
#15070000
0*
#15075000
b111 =
b110 I
1*
#15076000
b10110110110 Q
#15080000
0*
#15085000
b111 I
b1000 =
1*
#15086000
b10110110111 Q
#15090000
0*
#15095000
18
b1001 =
b1000 I
1*
#15096000
b10110111000 Q
#15100000
0*
#15105000
1E
b1001 I
b111 >
08
b0 =
b10110010 B
1*
#15106000
b10110111001 Q
#15110000
0*
#15115000
b1 =
b111 J
0E
b0 I
1*
#15116000
b10110111010 Q
#15120000
0*
#15125000
b1 I
b10 =
1*
#15126000
b10110111011 Q
#15130000
0*
#15135000
b11 =
b10 I
1*
#15136000
b10110111100 Q
#15140000
0*
#15145000
b11 I
17
b100 =
1*
#15146000
b10110111101 Q
#15150000
0*
#15155000
07
b101 =
b100 I
1*
#15156000
b10110111110 Q
#15160000
0*
#15165000
b101 I
b110 =
1*
#15166000
b10110111111 Q
#15170000
0*
#15175000
b111 =
b110 I
1*
#15176000
b10111000000 Q
#15180000
0*
#15185000
b111 I
b1000 =
1*
#15186000
b10111000001 Q
#15190000
0*
#15195000
18
b1001 =
b1000 I
1*
#15196000
b10111000010 Q
#15200000
0*
#15205000
1E
b1001 I
b11 C
08
b0 =
b110010 B
1*
#15206000
b10111000011 Q
#15210000
0*
#15215000
b1 =
b11 K
0E
b0 I
1*
#15216000
b10111000100 Q
#15220000
0*
#15225000
b1 I
1!
b10 =
1*
#15226000
b10111000101 Q
#15230000
0*
#15235000
b11 =
1@
b10 I
1*
#15236000
b10111000110 Q
#15240000
0*
#15245000
b11 I
16
1A
17
b100 =
1*
#15246000
b10111000111 Q
#15250000
0*
#15255000
07
b101 =
b100 I
1*
#15256000
b10111001000 Q
#15260000
0*
#15265000
b101 I
b110 =
1*
#15266000
b10111001001 Q
#15270000
0*
#15275000
b111 =
b110 I
1*
#15276000
b10111001010 Q
#15280000
0*
#15285000
b111 I
b1000 =
1*
#15286000
b10111001011 Q
#15290000
0*
#15295000
18
b1001 =
b1000 I
1*
#15296000
b10111001100 Q
#15300000
0*
#15305000
1E
b1001 I
b0 C
0'
1$
b110010 &
b110010 3
b110010 ?
08
b0 =
1*
#15306000
b1111 1
b10111001101 Q
#15310000
0*
#15315000
0$
b0 K
0#
1"
0E
b0 I
1*
#15320000
0*
#15325000
0"
1*
#15326000
1-
b1001 ,
b1001 2
b1001 D
b1001 P
b111 0
#15330000
0*
#15335000
1#
b1 K
b1001 L
1*
#15336000
0-
#15340000
0*
#15345000
b1 I
0!
1*
#15346000
b10111001110 Q
#15350000
0*
#15355000
0@
b10 I
1*
#15356000
b10111001111 Q
#15360000
0*
#15365000
b11 I
06
0A
1*
#15366000
b10111010000 Q
#15370000
0*
#15375000
1'
b1 C
b100 I
1*
#15376000
b10111010001 Q
#15380000
0*
#15385000
b101 I
b1 =
1*
#15386000
b10111010010 Q
#15390000
0*
#15395000
b10 =
b110 I
1*
#15396000
b10111010011 Q
#15400000
0*
#15405000
b111 I
b11 =
1*
#15406000
b10111010100 Q
#15410000
0*
#15415000
17
b100 =
b1000 I
1*
#15416000
b10111010101 Q
#15420000
0*
#15425000
1E
b1001 I
b10 C
b0 >
07
b0 =
1*
#15426000
b10111010110 Q
#15430000
0*
#15435000
b1 =
b10 K
b0 J
0E
b0 I
1*
#15436000
b10111010111 Q
#15440000
0*
#15445000
b1 I
1!
b10 =
1*
#15446000
b10111011000 Q
#15450000
0*
#15455000
b11 =
1@
b10 I
1*
#15456000
b10111011001 Q
#15460000
0*
#15465000
b11 I
16
1A
17
b100 =
1*
#15466000
b10111011010 Q
#15470000
0*
#15475000
07
b101 =
b100 I
1*
#15476000
b10111011011 Q
#15480000
0*
#15485000
b101 I
b110 =
1*
#15486000
b10111011100 Q
#15490000
0*
#15495000
b111 =
b110 I
1*
#15496000
b10111011101 Q
#15500000
0*
#15505000
b111 I
b1000 =
1*
#15506000
b10111011110 Q
#15510000
0*
#15515000
18
b1001 =
b1000 I
1*
#15516000
b10111011111 Q
#15520000
0*
#15525000
1E
b1001 I
b1 >
08
b0 =
b110011 B
1*
#15526000
b10111100000 Q
#15530000
0*
#15535000
b1 =
b1 J
0E
b0 I
1*
#15536000
b10111100001 Q
#15540000
0*
#15545000
b1 I
0!
b10 =
1*
#15546000
b10111100010 Q
#15550000
0*
#15555000
b11 =
0@
b10 I
1*
#15556000
b10111100011 Q
#15560000
0*
#15565000
b11 I
06
0A
17
b100 =
1*
#15566000
b10111100100 Q
#15570000
0*
#15575000
07
b101 =
b100 I
1*
#15576000
b10111100101 Q
#15580000
0*
#15585000
b101 I
b110 =
1*
#15586000
b10111100110 Q
#15590000
0*
#15595000
b111 =
b110 I
1*
#15596000
b10111100111 Q
#15600000
0*
#15605000
b111 I
b1000 =
1*
#15606000
b10111101000 Q
#15610000
0*
#15615000
18
b1001 =
b1000 I
1*
#15616000
b10111101001 Q
#15620000
0*
#15625000
1E
b1001 I
b10 >
08
b0 =
b110001 B
1*
#15626000
b10111101010 Q
#15630000
0*
#15635000
b1 =
b10 J
0E
b0 I
1*
#15636000
b10111101011 Q
#15640000
0*
#15645000
b1 I
b10 =
1*
#15646000
b10111101100 Q
#15650000
0*
#15655000
b11 =
b10 I
1*
#15656000
b10111101101 Q
#15660000
0*
#15665000
b11 I
17
b100 =
1*
#15666000
b10111101110 Q
#15670000
0*
#15675000
07
b101 =
b100 I
1*
#15676000
b10111101111 Q
#15680000
0*
#15685000
b101 I
b110 =
1*
#15686000
b10111110000 Q
#15690000
0*
#15695000
b111 =
b110 I
1*
#15696000
b10111110001 Q
#15700000
0*
#15705000
b111 I
b1000 =
1*
#15706000
b10111110010 Q
#15710000
0*
#15715000
18
b1001 =
b1000 I
1*
#15716000
b10111110011 Q
#15720000
0*
#15725000
1E
b1001 I
b11 >
08
b0 =
1*
#15726000
b10111110100 Q
#15730000
0*
#15735000
b1 =
b11 J
0E
b0 I
1*
#15736000
b10111110101 Q
#15740000
0*
#15745000
b1 I
1!
b10 =
1*
#15746000
b10111110110 Q
#15750000
0*
#15755000
b11 =
1@
b10 I
1*
#15756000
b10111110111 Q
#15760000
0*
#15765000
b11 I
16
1A
17
b100 =
1*
#15766000
b10111111000 Q
#15770000
0*
#15775000
07
b101 =
b100 I
1*
#15776000
b10111111001 Q
#15780000
0*
#15785000
b101 I
b110 =
1*
#15786000
b10111111010 Q
#15790000
0*
#15795000
b111 =
b110 I
1*
#15796000
b10111111011 Q
#15800000
0*
#15805000
b111 I
b1000 =
1*
#15806000
b10111111100 Q
#15810000
0*
#15815000
18
b1001 =
b1000 I
1*
#15816000
b10111111101 Q
#15820000
0*
#15825000
1E
b1001 I
b100 >
08
b0 =
b111001 B
1*
#15826000
b10111111110 Q
#15830000
0*
#15835000
b1 =
b100 J
0E
b0 I
1*
#15836000
b10111111111 Q
#15840000
0*
#15845000
b1 I
0!
b10 =
1*
#15846000
b11000000000 Q
#15850000
0*
#15855000
b11 =
0@
b10 I
1*
#15856000
b11000000001 Q
#15860000
0*
#15865000
b11 I
06
0A
17
b100 =
1*
#15866000
b11000000010 Q
#15870000
0*
#15875000
07
b101 =
b100 I
1*
#15876000
b11000000011 Q
#15880000
0*
#15885000
b101 I
b110 =
1*
#15886000
b11000000100 Q
#15890000
0*
#15895000
b111 =
b110 I
1*
#15896000
b11000000101 Q
#15900000
0*
#15905000
b111 I
b1000 =
1*
#15906000
b11000000110 Q
#15910000
0*
#15915000
18
b1001 =
b1000 I
1*
#15916000
b11000000111 Q
#15920000
0*
#15925000
1E
b1001 I
b101 >
08
b0 =
b101001 B
1*
#15926000
b11000001000 Q
#15930000
0*
#15935000
b1 =
b101 J
0E
b0 I
1*
#15936000
b11000001001 Q
#15940000
0*
#15945000
b1 I
b10 =
1*
#15946000
b11000001010 Q
#15950000
0*
#15955000
b11 =
b10 I
1*
#15956000
b11000001011 Q
#15960000
0*
#15965000
b11 I
17
b100 =
1*
#15966000
b11000001100 Q
#15970000
0*
#15975000
07
b101 =
b100 I
1*
#15976000
b11000001101 Q
#15980000
0*
#15985000
b101 I
b110 =
1*
#15986000
b11000001110 Q
#15990000
0*
#15995000
b111 =
b110 I
1*
#15996000
b11000001111 Q
#16000000
0*
#16005000
b111 I
b1000 =
1*
#16006000
b11000010000 Q
#16010000
0*
#16015000
18
b1001 =
b1000 I
1*
#16016000
b11000010001 Q
#16020000
0*
#16025000
1E
b1001 I
b110 >
08
b0 =
b1001 B
1*
#16026000
b11000010010 Q
#16030000
0*
#16035000
b1 =
b110 J
0E
b0 I
1*
#16036000
b11000010011 Q
#16040000
0*
#16045000
b1 I
b10 =
1*
#16046000
b11000010100 Q
#16050000
0*
#16055000
b11 =
b10 I
1*
#16056000
b11000010101 Q
#16060000
0*
#16065000
b11 I
17
b100 =
1*
#16066000
b11000010110 Q
#16070000
0*
#16075000
07
b101 =
b100 I
1*
#16076000
b11000010111 Q
#16080000
0*
#16085000
b101 I
b110 =
1*
#16086000
b11000011000 Q
#16090000
0*
#16095000
b111 =
b110 I
1*
#16096000
b11000011001 Q
#16100000
0*
#16105000
b111 I
b1000 =
1*
#16106000
b11000011010 Q
#16110000
0*
#16115000
18
b1001 =
b1000 I
1*
#16116000
b11000011011 Q
#16120000
0*
#16125000
1E
b1001 I
b111 >
08
b0 =
1*
#16126000
b11000011100 Q
#16130000
0*
#16135000
b1 =
b111 J
0E
b0 I
1*
#16136000
b11000011101 Q
#16140000
0*
#16145000
b1 I
b10 =
1*
#16146000
b11000011110 Q
#16150000
0*
#16155000
b11 =
b10 I
1*
#16156000
b11000011111 Q
#16160000
0*
#16165000
b11 I
17
b100 =
1*
#16166000
b11000100000 Q
#16170000
0*
#16175000
07
b101 =
b100 I
1*
#16176000
b11000100001 Q
#16180000
0*
#16185000
b101 I
b110 =
1*
#16186000
b11000100010 Q
#16190000
0*
#16195000
b111 =
b110 I
1*
#16196000
b11000100011 Q
#16200000
0*
#16205000
b111 I
b1000 =
1*
#16206000
b11000100100 Q
#16210000
0*
#16215000
18
b1001 =
b1000 I
1*
#16216000
b11000100101 Q
#16220000
0*
#16225000
1E
b1001 I
b11 C
08
b0 =
1*
#16226000
b11000100110 Q
#16230000
0*
#16235000
b1 =
b11 K
0E
b0 I
1*
#16236000
b11000100111 Q
#16240000
0*
#16245000
b1 I
1!
b10 =
1*
#16246000
b11000101000 Q
#16250000
0*
#16255000
b11 =
1@
b10 I
1*
#16256000
b11000101001 Q
#16260000
0*
#16265000
b11 I
16
1A
17
b100 =
1*
#16266000
b11000101010 Q
#16270000
0*
#16275000
07
b101 =
b100 I
1*
#16276000
b11000101011 Q
#16280000
0*
#16285000
b101 I
b110 =
1*
#16286000
b11000101100 Q
#16290000
0*
#16295000
b111 =
b110 I
1*
#16296000
b11000101101 Q
#16300000
0*
#16305000
b111 I
b1000 =
1*
#16306000
b11000101110 Q
#16310000
0*
#16315000
18
b1001 =
b1000 I
1*
#16316000
b11000101111 Q
#16320000
0*
#16325000
1E
b1001 I
b0 C
0'
1$
b1001 &
b1001 3
b1001 ?
08
b0 =
1*
#16326000
b10000 1
b11000110000 Q
#16330000
0*
#16335000
0$
b0 K
0#
1"
0E
b0 I
1*
#16340000
0*
#16345000
0"
1*
#16346000
1-
b10000000 ,
b10000000 2
b10000000 D
b10000000 P
b1000 0
#16350000
0*
#16355000
1#
b1 K
b10000000 L
1*
#16356000
0-
#16360000
0*
#16365000
b1 I
0!
1*
#16366000
b11000110001 Q
#16370000
0*
#16375000
0@
b10 I
1*
#16376000
b11000110010 Q
#16380000
0*
#16385000
b11 I
06
0A
1*
#16386000
b11000110011 Q
#16390000
0*
#16395000
1'
b1 C
b100 I
1*
#16396000
b11000110100 Q
#16400000
0*
#16405000
b101 I
b1 =
1*
#16406000
b11000110101 Q
#16410000
0*
#16415000
b10 =
b110 I
1*
#16416000
b11000110110 Q
#16420000
0*
#16425000
b111 I
b11 =
1*
#16426000
b11000110111 Q
#16430000
0*
#16435000
17
b100 =
b1000 I
1*
#16436000
b11000111000 Q
#16440000
0*
#16445000
1E
b1001 I
b10 C
b0 >
07
b0 =
1*
#16446000
b11000111001 Q
#16450000
0*
#16455000
b1 =
b10 K
b0 J
0E
b0 I
1*
#16456000
b11000111010 Q
#16460000
0*
#16465000
b1 I
b10 =
1*
#16466000
b11000111011 Q
#16470000
0*
#16475000
b11 =
b10 I
1*
#16476000
b11000111100 Q
#16480000
0*
#16485000
b11 I
17
b100 =
1*
#16486000
b11000111101 Q
#16490000
0*
#16495000
07
b101 =
b100 I
1*
#16496000
b11000111110 Q
#16500000
0*
#16505000
b101 I
b110 =
1*
#16506000
b11000111111 Q
#16510000
0*
#16515000
b111 =
b110 I
1*
#16516000
b11001000000 Q
#16520000
0*
#16525000
b111 I
b1000 =
1*
#16526000
b11001000001 Q
#16530000
0*
#16535000
18
b1001 =
b1000 I
1*
#16536000
b11001000010 Q
#16540000
0*
#16545000
1E
b1001 I
b1 >
08
b0 =
b1000 B
1*
#16546000
b11001000011 Q
#16550000
0*
#16555000
b1 =
b1 J
0E
b0 I
1*
#16556000
b11001000100 Q
#16560000
0*
#16565000
b1 I
b10 =
1*
#16566000
b11001000101 Q
#16570000
0*
#16575000
b11 =
b10 I
1*
#16576000
b11001000110 Q
#16580000
0*
#16585000
b11 I
17
b100 =
1*
#16586000
b11001000111 Q
#16590000
0*
#16595000
07
b101 =
b100 I
1*
#16596000
b11001001000 Q
#16600000
0*
#16605000
b101 I
b110 =
1*
#16606000
b11001001001 Q
#16610000
0*
#16615000
b111 =
b110 I
1*
#16616000
b11001001010 Q
#16620000
0*
#16625000
b111 I
b1000 =
1*
#16626000
b11001001011 Q
#16630000
0*
#16635000
18
b1001 =
b1000 I
1*
#16636000
b11001001100 Q
#16640000
0*
#16645000
1E
b1001 I
b10 >
08
b0 =
1*
#16646000
b11001001101 Q
#16650000
0*
#16655000
b1 =
b10 J
0E
b0 I
1*
#16656000
b11001001110 Q
#16660000
0*
#16665000
b1 I
b10 =
1*
#16666000
b11001001111 Q
#16670000
0*
#16675000
b11 =
b10 I
1*
#16676000
b11001010000 Q
#16680000
0*
#16685000
b11 I
17
b100 =
1*
#16686000
b11001010001 Q
#16690000
0*
#16695000
07
b101 =
b100 I
1*
#16696000
b11001010010 Q
#16700000
0*
#16705000
b101 I
b110 =
1*
#16706000
b11001010011 Q
#16710000
0*
#16715000
b111 =
b110 I
1*
#16716000
b11001010100 Q
#16720000
0*
#16725000
b111 I
b1000 =
1*
#16726000
b11001010101 Q
#16730000
0*
#16735000
18
b1001 =
b1000 I
1*
#16736000
b11001010110 Q
#16740000
0*
#16745000
1E
b1001 I
b11 >
08
b0 =
1*
#16746000
b11001010111 Q
#16750000
0*
#16755000
b1 =
b11 J
0E
b0 I
1*
#16756000
b11001011000 Q
#16760000
0*
#16765000
b1 I
b10 =
1*
#16766000
b11001011001 Q
#16770000
0*
#16775000
b11 =
b10 I
1*
#16776000
b11001011010 Q
#16780000
0*
#16785000
b11 I
17
b100 =
1*
#16786000
b11001011011 Q
#16790000
0*
#16795000
07
b101 =
b100 I
1*
#16796000
b11001011100 Q
#16800000
0*
#16805000
b101 I
b110 =
1*
#16806000
b11001011101 Q
#16810000
0*
#16815000
b111 =
b110 I
1*
#16816000
b11001011110 Q
#16820000
0*
#16825000
b111 I
b1000 =
1*
#16826000
b11001011111 Q
#16830000
0*
#16835000
18
b1001 =
b1000 I
1*
#16836000
b11001100000 Q
#16840000
0*
#16845000
1E
b1001 I
b100 >
08
b0 =
b0 B
1*
#16846000
b11001100001 Q
#16850000
0*
#16855000
b1 =
b100 J
0E
b0 I
1*
#16856000
b11001100010 Q
#16860000
0*
#16865000
b1 I
b10 =
1*
#16866000
b11001100011 Q
#16870000
0*
#16875000
b11 =
b10 I
1*
#16876000
b11001100100 Q
#16880000
0*
#16885000
b11 I
17
b100 =
1*
#16886000
b11001100101 Q
#16890000
0*
#16895000
07
b101 =
b100 I
1*
#16896000
b11001100110 Q
#16900000
0*
#16905000
b101 I
b110 =
1*
#16906000
b11001100111 Q
#16910000
0*
#16915000
b111 =
b110 I
1*
#16916000
b11001101000 Q
#16920000
0*
#16925000
b111 I
b1000 =
1*
#16926000
b11001101001 Q
#16930000
0*
#16935000
18
b1001 =
b1000 I
1*
#16936000
b11001101010 Q
#16940000
0*
#16945000
1E
b1001 I
b101 >
08
b0 =
1*
#16946000
b11001101011 Q
#16950000
0*
#16955000
b1 =
b101 J
0E
b0 I
1*
#16956000
b11001101100 Q
#16960000
0*
#16965000
b1 I
b10 =
1*
#16966000
b11001101101 Q
#16970000
0*
#16975000
b11 =
b10 I
1*
#16976000
b11001101110 Q
#16980000
0*
#16985000
b11 I
17
b100 =
1*
#16986000
b11001101111 Q
#16990000
0*
#16995000
07
b101 =
b100 I
1*
#16996000
b11001110000 Q
#17000000
0*
#17005000
b101 I
b110 =
1*
#17006000
b11001110001 Q
#17010000
0*
#17015000
b111 =
b110 I
1*
#17016000
b11001110010 Q
#17020000
0*
#17025000
b111 I
b1000 =
1*
#17026000
b11001110011 Q
#17030000
0*
#17035000
18
b1001 =
b1000 I
1*
#17036000
b11001110100 Q
#17040000
0*
#17045000
1E
b1001 I
b110 >
08
b0 =
1*
#17046000
b11001110101 Q
#17050000
0*
#17055000
b1 =
b110 J
0E
b0 I
1*
#17056000
b11001110110 Q
#17060000
0*
#17065000
b1 I
b10 =
1*
#17066000
b11001110111 Q
#17070000
0*
#17075000
b11 =
b10 I
1*
#17076000
b11001111000 Q
#17080000
0*
#17085000
b11 I
17
b100 =
1*
#17086000
b11001111001 Q
#17090000
0*
#17095000
07
b101 =
b100 I
1*
#17096000
b11001111010 Q
#17100000
0*
#17105000
b101 I
b110 =
1*
#17106000
b11001111011 Q
#17110000
0*
#17115000
b111 =
b110 I
1*
#17116000
b11001111100 Q
#17120000
0*
#17125000
b111 I
b1000 =
1*
#17126000
b11001111101 Q
#17130000
0*
#17135000
18
b1001 =
b1000 I
1*
#17136000
b11001111110 Q
#17140000
0*
#17145000
1E
b1001 I
b111 >
08
b0 =
1*
#17146000
b11001111111 Q
#17150000
0*
#17155000
b1 =
b111 J
0E
b0 I
1*
#17156000
b11010000000 Q
#17160000
0*
#17165000
b1 I
1!
b10 =
1*
#17166000
b11010000001 Q
#17170000
0*
#17175000
b11 =
1@
b10 I
1*
#17176000
b11010000010 Q
#17180000
0*
#17185000
b11 I
16
1A
17
b100 =
1*
#17186000
b11010000011 Q
#17190000
0*
#17195000
07
b101 =
b100 I
1*
#17196000
b11010000100 Q
#17200000
0*
#17205000
b101 I
b110 =
1*
#17206000
b11010000101 Q
#17210000
0*
#17215000
b111 =
b110 I
1*
#17216000
b11010000110 Q
#17220000
0*
#17225000
b111 I
b1000 =
1*
#17226000
b11010000111 Q
#17230000
0*
#17235000
18
b1001 =
b1000 I
1*
#17236000
b11010001000 Q
#17240000
0*
#17245000
1E
b1001 I
b11 C
08
b0 =
b10000000 B
1*
#17246000
b11010001001 Q
#17250000
0*
#17255000
b1 =
b11 K
0E
b0 I
1*
#17256000
b11010001010 Q
#17260000
0*
#17265000
b1 I
b10 =
1*
#17266000
b11010001011 Q
#17270000
0*
#17275000
b11 =
b10 I
1*
#17276000
b11010001100 Q
#17280000
0*
#17285000
b11 I
17
b100 =
1*
#17286000
b11010001101 Q
#17290000
0*
#17295000
07
b101 =
b100 I
1*
#17296000
b11010001110 Q
#17300000
0*
#17305000
b101 I
b110 =
1*
#17306000
b11010001111 Q
#17310000
0*
#17315000
b111 =
b110 I
1*
#17316000
b11010010000 Q
#17320000
0*
#17325000
b111 I
b1000 =
1*
#17326000
b11010010001 Q
#17330000
0*
#17335000
18
b1001 =
b1000 I
1*
#17336000
b11010010010 Q
#17340000
0*
#17345000
1E
b1001 I
b0 C
0'
1$
b10000000 &
b10000000 3
b10000000 ?
08
b0 =
1*
#17346000
b10001 1
b11010010011 Q
#17350000
0*
#17355000
0$
b0 K
0#
1"
0E
b0 I
1*
#17360000
0*
#17365000
0"
1*
#17366000
1-
b10000110 ,
b10000110 2
b10000110 D
b10000110 P
b1001 0
#17370000
0*
#17375000
1#
b1 K
b10000110 L
1*
#17376000
0-
#17380000
0*
#17385000
b1 I
0!
1*
#17386000
b11010010100 Q
#17390000
0*
#17395000
0@
b10 I
1*
#17396000
b11010010101 Q
#17400000
0*
#17405000
b11 I
06
0A
1*
#17406000
b11010010110 Q
#17410000
0*
#17415000
1'
b1 C
b100 I
1*
#17416000
b11010010111 Q
#17420000
0*
#17425000
b101 I
b1 =
1*
#17426000
b11010011000 Q
#17430000
0*
#17435000
b10 =
b110 I
1*
#17436000
b11010011001 Q
#17440000
0*
#17445000
b111 I
b11 =
1*
#17446000
b11010011010 Q
#17450000
0*
#17455000
17
b100 =
b1000 I
1*
#17456000
b11010011011 Q
#17460000
0*
#17465000
1E
b1001 I
b10 C
b0 >
07
b0 =
1*
#17466000
b11010011100 Q
#17470000
0*
#17475000
b1 =
b10 K
b0 J
0E
b0 I
1*
#17476000
b11010011101 Q
#17480000
0*
#17485000
b1 I
b10 =
1*
#17486000
b11010011110 Q
#17490000
0*
#17495000
b11 =
b10 I
1*
#17496000
b11010011111 Q
#17500000
0*
#17505000
b11 I
17
b100 =
1*
#17506000
b11010100000 Q
#17510000
0*
#17515000
07
b101 =
b100 I
1*
#17516000
b11010100001 Q
#17520000
0*
#17525000
b101 I
b110 =
1*
#17526000
b11010100010 Q
#17530000
0*
#17535000
b111 =
b110 I
1*
#17536000
b11010100011 Q
#17540000
0*
#17545000
b111 I
b1000 =
1*
#17546000
b11010100100 Q
#17550000
0*
#17555000
18
b1001 =
b1000 I
1*
#17556000
b11010100101 Q
#17560000
0*
#17565000
1E
b1001 I
b1 >
08
b0 =
1*
#17566000
b11010100110 Q
#17570000
0*
#17575000
b1 =
b1 J
0E
b0 I
1*
#17576000
b11010100111 Q
#17580000
0*
#17585000
b1 I
1!
b10 =
1*
#17586000
b11010101000 Q
#17590000
0*
#17595000
b11 =
1@
b10 I
1*
#17596000
b11010101001 Q
#17600000
0*
#17605000
b11 I
16
1A
17
b100 =
1*
#17606000
b11010101010 Q
#17610000
0*
#17615000
07
b101 =
b100 I
1*
#17616000
b11010101011 Q
#17620000
0*
#17625000
b101 I
b110 =
1*
#17626000
b11010101100 Q
#17630000
0*
#17635000
b111 =
b110 I
1*
#17636000
b11010101101 Q
#17640000
0*
#17645000
b111 I
b1000 =
1*
#17646000
b11010101110 Q
#17650000
0*
#17655000
18
b1001 =
b1000 I
1*
#17656000
b11010101111 Q
#17660000
0*
#17665000
1E
b1001 I
b10 >
08
b0 =
b10000010 B
1*
#17666000
b11010110000 Q
#17670000
0*
#17675000
b1 =
b10 J
0E
b0 I
1*
#17676000
b11010110001 Q
#17680000
0*
#17685000
b1 I
b10 =
1*
#17686000
b11010110010 Q
#17690000
0*
#17695000
b11 =
b10 I
1*
#17696000
b11010110011 Q
#17700000
0*
#17705000
b11 I
17
b100 =
1*
#17706000
b11010110100 Q
#17710000
0*
#17715000
07
b101 =
b100 I
1*
#17716000
b11010110101 Q
#17720000
0*
#17725000
b101 I
b110 =
1*
#17726000
b11010110110 Q
#17730000
0*
#17735000
b111 =
b110 I
1*
#17736000
b11010110111 Q
#17740000
0*
#17745000
b111 I
b1000 =
1*
#17746000
b11010111000 Q
#17750000
0*
#17755000
18
b1001 =
b1000 I
1*
#17756000
b11010111001 Q
#17760000
0*
#17765000
1E
b1001 I
b11 >
08
b0 =
b10000110 B
1*
#17766000
b11010111010 Q
#17770000
0*
#17775000
b1 =
b11 J
0E
b0 I
1*
#17776000
b11010111011 Q
#17780000
0*
#17785000
b1 I
0!
b10 =
1*
#17786000
b11010111100 Q
#17790000
0*
#17795000
b11 =
0@
b10 I
1*
#17796000
b11010111101 Q
#17800000
0*
#17805000
b11 I
06
0A
17
b100 =
1*
#17806000
b11010111110 Q
#17810000
0*
#17815000
07
b101 =
b100 I
1*
#17816000
b11010111111 Q
#17820000
0*
#17825000
b101 I
b110 =
1*
#17826000
b11011000000 Q
#17830000
0*
#17835000
b111 =
b110 I
1*
#17836000
b11011000001 Q
#17840000
0*
#17845000
b111 I
b1000 =
1*
#17846000
b11011000010 Q
#17850000
0*
#17855000
18
b1001 =
b1000 I
1*
#17856000
b11011000011 Q
#17860000
0*
#17865000
1E
b1001 I
b100 >
08
b0 =
1*
#17866000
b11011000100 Q
#17870000
0*
#17875000
b1 =
b100 J
0E
b0 I
1*
#17876000
b11011000101 Q
#17880000
0*
#17885000
b1 I
b10 =
1*
#17886000
b11011000110 Q
#17890000
0*
#17895000
b11 =
b10 I
1*
#17896000
b11011000111 Q
#17900000
0*
#17905000
b11 I
17
b100 =
1*
#17906000
b11011001000 Q
#17910000
0*
#17915000
07
b101 =
b100 I
1*
#17916000
b11011001001 Q
#17920000
0*
#17925000
b101 I
b110 =
1*
#17926000
b11011001010 Q
#17930000
0*
#17935000
b111 =
b110 I
1*
#17936000
b11011001011 Q
#17940000
0*
#17945000
b111 I
b1000 =
1*
#17946000
b11011001100 Q
#17950000
0*
#17955000
18
b1001 =
b1000 I
1*
#17956000
b11011001101 Q
#17960000
0*
#17965000
1E
b1001 I
b101 >
08
b0 =
1*
#17966000
b11011001110 Q
#17970000
0*
#17975000
b1 =
b101 J
0E
b0 I
1*
#17976000
b11011001111 Q
#17980000
0*
#17985000
b1 I
b10 =
1*
#17986000
b11011010000 Q
#17990000
0*
#17995000
b11 =
b10 I
1*
#17996000
b11011010001 Q
#18000000
0*
#18005000
b11 I
17
b100 =
1*
#18006000
b11011010010 Q
#18010000
0*
#18015000
07
b101 =
b100 I
1*
#18016000
b11011010011 Q
#18020000
0*
#18025000
b101 I
b110 =
1*
#18026000
b11011010100 Q
#18030000
0*
#18035000
b111 =
b110 I
1*
#18036000
b11011010101 Q
#18040000
0*
#18045000
b111 I
b1000 =
1*
#18046000
b11011010110 Q
#18050000
0*
#18055000
18
b1001 =
b1000 I
1*
#18056000
b11011010111 Q
#18060000
0*
#18065000
1E
b1001 I
b110 >
08
b0 =
1*
#18066000
b11011011000 Q
#18070000
0*
#18075000
b1 =
b110 J
0E
b0 I
1*
#18076000
b11011011001 Q
#18080000
0*
#18085000
b1 I
b10 =
1*
#18086000
b11011011010 Q
#18090000
0*
#18095000
b11 =
b10 I
1*
#18096000
b11011011011 Q
#18100000
0*
#18105000
b11 I
17
b100 =
1*
#18106000
b11011011100 Q
#18110000
0*
#18115000
07
b101 =
b100 I
1*
#18116000
b11011011101 Q
#18120000
0*
#18125000
b101 I
b110 =
1*
#18126000
b11011011110 Q
#18130000
0*
#18135000
b111 =
b110 I
1*
#18136000
b11011011111 Q
#18140000
0*
#18145000
b111 I
b1000 =
1*
#18146000
b11011100000 Q
#18150000
0*
#18155000
18
b1001 =
b1000 I
1*
#18156000
b11011100001 Q
#18160000
0*
#18165000
1E
b1001 I
b111 >
08
b0 =
1*
#18166000
b11011100010 Q
#18170000
0*
#18175000
b1 =
b111 J
0E
b0 I
1*
#18176000
b11011100011 Q
#18180000
0*
#18185000
b1 I
1!
b10 =
1*
#18186000
b11011100100 Q
#18190000
0*
#18195000
b11 =
1@
b10 I
1*
#18196000
b11011100101 Q
#18200000
0*
#18205000
b11 I
16
1A
17
b100 =
1*
#18206000
b11011100110 Q
#18210000
0*
#18215000
07
b101 =
b100 I
1*
#18216000
b11011100111 Q
#18220000
0*
#18225000
b101 I
b110 =
1*
#18226000
b11011101000 Q
#18230000
0*
#18235000
b111 =
b110 I
1*
#18236000
b11011101001 Q
#18240000
0*
#18245000
b111 I
b1000 =
1*
#18246000
b11011101010 Q
#18250000
0*
#18255000
18
b1001 =
b1000 I
1*
#18256000
b11011101011 Q
#18260000
0*
#18265000
1E
b1001 I
b11 C
08
b0 =
1*
#18266000
b11011101100 Q
#18270000
0*
#18275000
b1 =
b11 K
0E
b0 I
1*
#18276000
b11011101101 Q
#18280000
0*
#18285000
b1 I
b10 =
1*
#18286000
b11011101110 Q
#18290000
0*
#18295000
b11 =
b10 I
1*
#18296000
b11011101111 Q
#18300000
0*
#18305000
b11 I
17
b100 =
1*
#18306000
b11011110000 Q
#18310000
0*
#18315000
07
b101 =
b100 I
1*
#18316000
b11011110001 Q
#18320000
0*
#18325000
b101 I
b110 =
1*
#18326000
b11011110010 Q
#18330000
0*
#18335000
b111 =
b110 I
1*
#18336000
b11011110011 Q
#18340000
0*
#18345000
b111 I
b1000 =
1*
#18346000
b11011110100 Q
#18350000
0*
#18355000
18
b1001 =
b1000 I
1*
#18356000
b11011110101 Q
#18360000
0*
#18365000
1E
b1001 I
b0 C
0'
1$
b10000110 &
b10000110 3
b10000110 ?
08
b0 =
1*
#18366000
b10010 1
b11011110110 Q
#18370000
0*
#18375000
0$
b0 K
0#
1"
0E
b0 I
1*
#18380000
0*
#18385000
0"
1*
#18386000
1-
b10111011 ,
b10111011 2
b10111011 D
b10111011 P
b1010 0
#18390000
0*
#18395000
1#
b1 K
b10111011 L
1*
#18396000
0-
#18400000
0*
#18405000
b1 I
0!
1*
#18406000
b11011110111 Q
#18410000
0*
#18415000
0@
b10 I
1*
#18416000
b11011111000 Q
#18420000
0*
#18425000
b11 I
06
0A
1*
#18426000
b11011111001 Q
#18430000
0*
#18435000
1'
b1 C
b100 I
1*
#18436000
b11011111010 Q
#18440000
0*
#18445000
b101 I
b1 =
1*
#18446000
b11011111011 Q
#18450000
0*
#18455000
b10 =
b110 I
1*
#18456000
b11011111100 Q
#18460000
0*
#18465000
b111 I
b11 =
1*
#18466000
b11011111101 Q
#18470000
0*
#18475000
17
b100 =
b1000 I
1*
#18476000
b11011111110 Q
#18480000
0*
#18485000
1E
b1001 I
b10 C
b0 >
07
b0 =
1*
#18486000
b11011111111 Q
#18490000
0*
#18495000
b1 =
b10 K
b0 J
0E
b0 I
1*
#18496000
b11100000000 Q
#18500000
0*
#18505000
b1 I
1!
b10 =
1*
#18506000
b11100000001 Q
#18510000
0*
#18515000
b11 =
1@
b10 I
1*
#18516000
b11100000010 Q
#18520000
0*
#18525000
b11 I
16
1A
17
b100 =
1*
#18526000
b11100000011 Q
#18530000
0*
#18535000
07
b101 =
b100 I
1*
#18536000
b11100000100 Q
#18540000
0*
#18545000
b101 I
b110 =
1*
#18546000
b11100000101 Q
#18550000
0*
#18555000
b111 =
b110 I
1*
#18556000
b11100000110 Q
#18560000
0*
#18565000
b111 I
b1000 =
1*
#18566000
b11100000111 Q
#18570000
0*
#18575000
18
b1001 =
b1000 I
1*
#18576000
b11100001000 Q
#18580000
0*
#18585000
1E
b1001 I
b1 >
08
b0 =
b10000111 B
1*
#18586000
b11100001001 Q
#18590000
0*
#18595000
b1 =
b1 J
0E
b0 I
1*
#18596000
b11100001010 Q
#18600000
0*
#18605000
b1 I
b10 =
1*
#18606000
b11100001011 Q
#18610000
0*
#18615000
b11 =
b10 I
1*
#18616000
b11100001100 Q
#18620000
0*
#18625000
b11 I
17
b100 =
1*
#18626000
b11100001101 Q
#18630000
0*
#18635000
07
b101 =
b100 I
1*
#18636000
b11100001110 Q
#18640000
0*
#18645000
b101 I
b110 =
1*
#18646000
b11100001111 Q
#18650000
0*
#18655000
b111 =
b110 I
1*
#18656000
b11100010000 Q
#18660000
0*
#18665000
b111 I
b1000 =
1*
#18666000
b11100010001 Q
#18670000
0*
#18675000
18
b1001 =
b1000 I
1*
#18676000
b11100010010 Q
#18680000
0*
#18685000
1E
b1001 I
b10 >
08
b0 =
1*
#18686000
b11100010011 Q
#18690000
0*
#18695000
b1 =
b10 J
0E
b0 I
1*
#18696000
b11100010100 Q
#18700000
0*
#18705000
b1 I
0!
b10 =
1*
#18706000
b11100010101 Q
#18710000
0*
#18715000
b11 =
0@
b10 I
1*
#18716000
b11100010110 Q
#18720000
0*
#18725000
b11 I
06
0A
17
b100 =
1*
#18726000
b11100010111 Q
#18730000
0*
#18735000
07
b101 =
b100 I
1*
#18736000
b11100011000 Q
#18740000
0*
#18745000
b101 I
b110 =
1*
#18746000
b11100011001 Q
#18750000
0*
#18755000
b111 =
b110 I
1*
#18756000
b11100011010 Q
#18760000
0*
#18765000
b111 I
b1000 =
1*
#18766000
b11100011011 Q
#18770000
0*
#18775000
18
b1001 =
b1000 I
1*
#18776000
b11100011100 Q
#18780000
0*
#18785000
1E
b1001 I
b11 >
08
b0 =
b10000011 B
1*
#18786000
b11100011101 Q
#18790000
0*
#18795000
b1 =
b11 J
0E
b0 I
1*
#18796000
b11100011110 Q
#18800000
0*
#18805000
b1 I
1!
b10 =
1*
#18806000
b11100011111 Q
#18810000
0*
#18815000
b11 =
1@
b10 I
1*
#18816000
b11100100000 Q
#18820000
0*
#18825000
b11 I
16
1A
17
b100 =
1*
#18826000
b11100100001 Q
#18830000
0*
#18835000
07
b101 =
b100 I
1*
#18836000
b11100100010 Q
#18840000
0*
#18845000
b101 I
b110 =
1*
#18846000
b11100100011 Q
#18850000
0*
#18855000
b111 =
b110 I
1*
#18856000
b11100100100 Q
#18860000
0*
#18865000
b111 I
b1000 =
1*
#18866000
b11100100101 Q
#18870000
0*
#18875000
18
b1001 =
b1000 I
1*
#18876000
b11100100110 Q
#18880000
0*
#18885000
1E
b1001 I
b100 >
08
b0 =
b10001011 B
1*
#18886000
b11100100111 Q
#18890000
0*
#18895000
b1 =
b100 J
0E
b0 I
1*
#18896000
b11100101000 Q
#18900000
0*
#18905000
b1 I
b10 =
1*
#18906000
b11100101001 Q
#18910000
0*
#18915000
b11 =
b10 I
1*
#18916000
b11100101010 Q
#18920000
0*
#18925000
b11 I
17
b100 =
1*
#18926000
b11100101011 Q
#18930000
0*
#18935000
07
b101 =
b100 I
1*
#18936000
b11100101100 Q
#18940000
0*
#18945000
b101 I
b110 =
1*
#18946000
b11100101101 Q
#18950000
0*
#18955000
b111 =
b110 I
1*
#18956000
b11100101110 Q
#18960000
0*
#18965000
b111 I
b1000 =
1*
#18966000
b11100101111 Q
#18970000
0*
#18975000
18
b1001 =
b1000 I
1*
#18976000
b11100110000 Q
#18980000
0*
#18985000
1E
b1001 I
b101 >
08
b0 =
b10011011 B
1*
#18986000
b11100110001 Q
#18990000
0*
#18995000
b1 =
b101 J
0E
b0 I
1*
#18996000
b11100110010 Q
#19000000
0*
#19005000
b1 I
b10 =
1*
#19006000
b11100110011 Q
#19010000
0*
#19015000
b11 =
b10 I
1*
#19016000
b11100110100 Q
#19020000
0*
#19025000
b11 I
17
b100 =
1*
#19026000
b11100110101 Q
#19030000
0*
#19035000
07
b101 =
b100 I
1*
#19036000
b11100110110 Q
#19040000
0*
#19045000
b101 I
b110 =
1*
#19046000
b11100110111 Q
#19050000
0*
#19055000
b111 =
b110 I
1*
#19056000
b11100111000 Q
#19060000
0*
#19065000
b111 I
b1000 =
1*
#19066000
b11100111001 Q
#19070000
0*
#19075000
18
b1001 =
b1000 I
1*
#19076000
b11100111010 Q
#19080000
0*
#19085000
1E
b1001 I
b110 >
08
b0 =
b10111011 B
1*
#19086000
b11100111011 Q
#19090000
0*
#19095000
b1 =
b110 J
0E
b0 I
1*
#19096000
b11100111100 Q
#19100000
0*
#19105000
b1 I
0!
b10 =
1*
#19106000
b11100111101 Q
#19110000
0*
#19115000
b11 =
0@
b10 I
1*
#19116000
b11100111110 Q
#19120000
0*
#19125000
b11 I
06
0A
17
b100 =
1*
#19126000
b11100111111 Q
#19130000
0*
#19135000
07
b101 =
b100 I
1*
#19136000
b11101000000 Q
#19140000
0*
#19145000
b101 I
b110 =
1*
#19146000
b11101000001 Q
#19150000
0*
#19155000
b111 =
b110 I
1*
#19156000
b11101000010 Q
#19160000
0*
#19165000
b111 I
b1000 =
1*
#19166000
b11101000011 Q
#19170000
0*
#19175000
18
b1001 =
b1000 I
1*
#19176000
b11101000100 Q
#19180000
0*
#19185000
1E
b1001 I
b111 >
08
b0 =
1*
#19186000
b11101000101 Q
#19190000
0*
#19195000
b1 =
b111 J
0E
b0 I
1*
#19196000
b11101000110 Q
#19200000
0*
#19205000
b1 I
1!
b10 =
1*
#19206000
b11101000111 Q
#19210000
0*
#19215000
b11 =
1@
b10 I
1*
#19216000
b11101001000 Q
#19220000
0*
#19225000
b11 I
16
1A
17
b100 =
1*
#19226000
b11101001001 Q
#19230000
0*
#19235000
07
b101 =
b100 I
1*
#19236000
b11101001010 Q
#19240000
0*
#19245000
b101 I
b110 =
1*
#19246000
b11101001011 Q
#19250000
0*
#19255000
b111 =
b110 I
1*
#19256000
b11101001100 Q
#19260000
0*
#19265000
b111 I
b1000 =
1*
#19266000
b11101001101 Q
#19270000
0*
#19275000
18
b1001 =
b1000 I
1*
#19276000
b11101001110 Q
#19280000
0*
#19285000
1E
b1001 I
b11 C
08
b0 =
1*
#19286000
b11101001111 Q
#19290000
0*
#19295000
b1 =
b11 K
0E
b0 I
1*
#19296000
b11101010000 Q
#19300000
0*
#19305000
b1 I
b10 =
1*
#19306000
b11101010001 Q
#19310000
0*
#19315000
b11 =
b10 I
1*
#19316000
b11101010010 Q
#19320000
0*
#19325000
b11 I
17
b100 =
1*
#19326000
b11101010011 Q
#19330000
0*
#19335000
07
b101 =
b100 I
1*
#19336000
b11101010100 Q
#19340000
0*
#19345000
b101 I
b110 =
1*
#19346000
b11101010101 Q
#19350000
0*
#19355000
b111 =
b110 I
1*
#19356000
b11101010110 Q
#19360000
0*
#19365000
b111 I
b1000 =
1*
#19366000
b11101010111 Q
#19370000
0*
#19375000
18
b1001 =
b1000 I
1*
#19376000
b11101011000 Q
#19380000
0*
#19385000
1E
b1001 I
b0 C
0'
1$
b10111011 &
b10111011 3
b10111011 ?
08
b0 =
1*
#19386000
b10011 1
b11101011001 Q
#19390000
0*
#19395000
0$
b0 K
0#
1"
0E
b0 I
1*
#19400000
0*
#19405000
0"
1*
#19406000
1-
b10011110 ,
b10011110 2
b10011110 D
b10011110 P
b1011 0
#19410000
0*
#19415000
1#
b1 K
b10011110 L
1*
#19416000
0-
#19420000
0*
#19425000
b1 I
0!
1*
#19426000
b11101011010 Q
#19430000
0*
#19435000
0@
b10 I
1*
#19436000
b11101011011 Q
#19440000
0*
#19445000
b11 I
06
0A
1*
#19446000
b11101011100 Q
#19450000
0*
#19455000
1'
b1 C
b100 I
1*
#19456000
b11101011101 Q
#19460000
0*
#19465000
b101 I
b1 =
1*
#19466000
b11101011110 Q
#19470000
0*
#19475000
b10 =
b110 I
1*
#19476000
b11101011111 Q
#19480000
0*
#19485000
b111 I
b11 =
1*
#19486000
b11101100000 Q
#19490000
0*
#19495000
17
b100 =
b1000 I
1*
#19496000
b11101100001 Q
#19500000
0*
#19505000
1E
b1001 I
b10 C
b0 >
07
b0 =
1*
#19506000
b11101100010 Q
#19510000
0*
#19515000
b1 =
b10 K
b0 J
0E
b0 I
1*
#19516000
b11101100011 Q
#19520000
0*
#19525000
b1 I
b10 =
1*
#19526000
b11101100100 Q
#19530000
0*
#19535000
b11 =
b10 I
1*
#19536000
b11101100101 Q
#19540000
0*
#19545000
b11 I
17
b100 =
1*
#19546000
b11101100110 Q
#19550000
0*
#19555000
07
b101 =
b100 I
1*
#19556000
b11101100111 Q
#19560000
0*
#19565000
b101 I
b110 =
1*
#19566000
b11101101000 Q
#19570000
0*
#19575000
b111 =
b110 I
1*
#19576000
b11101101001 Q
#19580000
0*
#19585000
b111 I
b1000 =
1*
#19586000
b11101101010 Q
#19590000
0*
#19595000
18
b1001 =
b1000 I
1*
#19596000
b11101101011 Q
#19600000
0*
#19605000
1E
b1001 I
b1 >
08
b0 =
b10111010 B
1*
#19606000
b11101101100 Q
#19610000
0*
#19615000
b1 =
b1 J
0E
b0 I
1*
#19616000
b11101101101 Q
#19620000
0*
#19625000
b1 I
1!
b10 =
1*
#19626000
b11101101110 Q
#19630000
0*
#19635000
b11 =
1@
b10 I
1*
#19636000
b11101101111 Q
#19640000
0*
#19645000
b11 I
16
1A
17
b100 =
1*
#19646000
b11101110000 Q
#19650000
0*
#19655000
07
b101 =
b100 I
1*
#19656000
b11101110001 Q
#19660000
0*
#19665000
b101 I
b110 =
1*
#19666000
b11101110010 Q
#19670000
0*
#19675000
b111 =
b110 I
1*
#19676000
b11101110011 Q
#19680000
0*
#19685000
b111 I
b1000 =
1*
#19686000
b11101110100 Q
#19690000
0*
#19695000
18
b1001 =
b1000 I
1*
#19696000
b11101110101 Q
#19700000
0*
#19705000
1E
b1001 I
b10 >
08
b0 =
1*
#19706000
b11101110110 Q
#19710000
0*
#19715000
b1 =
b10 J
0E
b0 I
1*
#19716000
b11101110111 Q
#19720000
0*
#19725000
b1 I
b10 =
1*
#19726000
b11101111000 Q
#19730000
0*
#19735000
b11 =
b10 I
1*
#19736000
b11101111001 Q
#19740000
0*
#19745000
b11 I
17
b100 =
1*
#19746000
b11101111010 Q
#19750000
0*
#19755000
07
b101 =
b100 I
1*
#19756000
b11101111011 Q
#19760000
0*
#19765000
b101 I
b110 =
1*
#19766000
b11101111100 Q
#19770000
0*
#19775000
b111 =
b110 I
1*
#19776000
b11101111101 Q
#19780000
0*
#19785000
b111 I
b1000 =
1*
#19786000
b11101111110 Q
#19790000
0*
#19795000
18
b1001 =
b1000 I
1*
#19796000
b11101111111 Q
#19800000
0*
#19805000
1E
b1001 I
b11 >
08
b0 =
b10111110 B
1*
#19806000
b11110000000 Q
#19810000
0*
#19815000
b1 =
b11 J
0E
b0 I
1*
#19816000
b11110000001 Q
#19820000
0*
#19825000
b1 I
b10 =
1*
#19826000
b11110000010 Q
#19830000
0*
#19835000
b11 =
b10 I
1*
#19836000
b11110000011 Q
#19840000
0*
#19845000
b11 I
17
b100 =
1*
#19846000
b11110000100 Q
#19850000
0*
#19855000
07
b101 =
b100 I
1*
#19856000
b11110000101 Q
#19860000
0*
#19865000
b101 I
b110 =
1*
#19866000
b11110000110 Q
#19870000
0*
#19875000
b111 =
b110 I
1*
#19876000
b11110000111 Q
#19880000
0*
#19885000
b111 I
b1000 =
1*
#19886000
b11110001000 Q
#19890000
0*
#19895000
18
b1001 =
b1000 I
1*
#19896000
b11110001001 Q
#19900000
0*
#19905000
1E
b1001 I
b100 >
08
b0 =
1*
#19906000
b11110001010 Q
#19910000
0*
#19915000
b1 =
b100 J
0E
b0 I
1*
#19916000
b11110001011 Q
#19920000
0*
#19925000
b1 I
b10 =
1*
#19926000
b11110001100 Q
#19930000
0*
#19935000
b11 =
b10 I
1*
#19936000
b11110001101 Q
#19940000
0*
#19945000
b11 I
17
b100 =
1*
#19946000
b11110001110 Q
#19950000
0*
#19955000
07
b101 =
b100 I
1*
#19956000
b11110001111 Q
#19960000
0*
#19965000
b101 I
b110 =
1*
#19966000
b11110010000 Q
#19970000
0*
#19975000
b111 =
b110 I
1*
#19976000
b11110010001 Q
#19980000
0*
#19985000
b111 I
b1000 =
1*
#19986000
b11110010010 Q
#19990000
0*
#19995000
18
b1001 =
b1000 I
1*
#19996000
b11110010011 Q
#20000000
0*
#20005000
1E
b1001 I
b101 >
08
b0 =
1*
#20006000
b11110010100 Q
#20010000
0*
#20015000
b1 =
b101 J
0E
b0 I
1*
#20016000
b11110010101 Q
#20020000
0*
#20025000
b1 I
0!
b10 =
1*
#20026000
b11110010110 Q
#20030000
0*
#20035000
b11 =
0@
b10 I
1*
#20036000
b11110010111 Q
#20040000
0*
#20045000
b11 I
06
0A
17
b100 =
1*
#20046000
b11110011000 Q
#20050000
0*
#20055000
07
b101 =
b100 I
1*
#20056000
b11110011001 Q
#20060000
0*
#20065000
b101 I
b110 =
1*
#20066000
b11110011010 Q
#20070000
0*
#20075000
b111 =
b110 I
1*
#20076000
b11110011011 Q
#20080000
0*
#20085000
b111 I
b1000 =
1*
#20086000
b11110011100 Q
#20090000
0*
#20095000
18
b1001 =
b1000 I
1*
#20096000
b11110011101 Q
#20100000
0*
#20105000
1E
b1001 I
b110 >
08
b0 =
b10011110 B
1*
#20106000
b11110011110 Q
#20110000
0*
#20115000
b1 =
b110 J
0E
b0 I
1*
#20116000
b11110011111 Q
#20120000
0*
#20125000
b1 I
b10 =
1*
#20126000
b11110100000 Q
#20130000
0*
#20135000
b11 =
b10 I
1*
#20136000
b11110100001 Q
#20140000
0*
#20145000
b11 I
17
b100 =
1*
#20146000
b11110100010 Q
#20150000
0*
#20155000
07
b101 =
b100 I
1*
#20156000
b11110100011 Q
#20160000
0*
#20165000
b101 I
b110 =
1*
#20166000
b11110100100 Q
#20170000
0*
#20175000
b111 =
b110 I
1*
#20176000
b11110100101 Q
#20180000
0*
#20185000
b111 I
b1000 =
1*
#20186000
b11110100110 Q
#20190000
0*
#20195000
18
b1001 =
b1000 I
1*
#20196000
b11110100111 Q
#20200000
0*
#20205000
1E
b1001 I
b111 >
08
b0 =
1*
#20206000
b11110101000 Q
#20210000
0*
#20215000
b1 =
b111 J
0E
b0 I
1*
#20216000
b11110101001 Q
#20220000
0*
#20225000
b1 I
1!
b10 =
1*
#20226000
b11110101010 Q
#20230000
0*
#20235000
b11 =
1@
b10 I
1*
#20236000
b11110101011 Q
#20240000
0*
#20245000
b11 I
16
1A
17
b100 =
1*
#20246000
b11110101100 Q
#20250000
0*
#20255000
07
b101 =
b100 I
1*
#20256000
b11110101101 Q
#20260000
0*
#20265000
b101 I
b110 =
1*
#20266000
b11110101110 Q
#20270000
0*
#20275000
b111 =
b110 I
1*
#20276000
b11110101111 Q
#20280000
0*
#20285000
b111 I
b1000 =
1*
#20286000
b11110110000 Q
#20290000
0*
#20295000
18
b1001 =
b1000 I
1*
#20296000
b11110110001 Q
#20300000
0*
#20305000
1E
b1001 I
b11 C
08
b0 =
1*
#20306000
b11110110010 Q
#20310000
0*
#20315000
b1 =
b11 K
0E
b0 I
1*
#20316000
b11110110011 Q
#20320000
0*
#20325000
b1 I
b10 =
1*
#20326000
b11110110100 Q
#20330000
0*
#20335000
b11 =
b10 I
1*
#20336000
b11110110101 Q
#20340000
0*
#20345000
b11 I
17
b100 =
1*
#20346000
b11110110110 Q
#20350000
0*
#20355000
07
b101 =
b100 I
1*
#20356000
b11110110111 Q
#20360000
0*
#20365000
b101 I
b110 =
1*
#20366000
b11110111000 Q
#20370000
0*
#20375000
b111 =
b110 I
1*
#20376000
b11110111001 Q
#20380000
0*
#20385000
b111 I
b1000 =
1*
#20386000
b11110111010 Q
#20390000
0*
#20395000
18
b1001 =
b1000 I
1*
#20396000
b11110111011 Q
#20400000
0*
#20405000
1E
b1001 I
b0 C
0'
1$
b10011110 &
b10011110 3
b10011110 ?
08
b0 =
1*
#20406000
b10100 1
b11110111100 Q
#20410000
0*
#20415000
0$
b0 K
0#
1"
0E
b0 I
1*
#20420000
0*
#20425000
0"
1*
#20426000
1-
b11110110 ,
b11110110 2
b11110110 D
b11110110 P
b1100 0
#20430000
0*
#20435000
1#
b1 K
b11110110 L
1*
#20436000
0-
#20440000
0*
#20445000
b1 I
0!
1*
#20446000
b11110111101 Q
#20450000
0*
#20455000
0@
b10 I
1*
#20456000
b11110111110 Q
#20460000
0*
#20465000
b11 I
06
0A
1*
#20466000
b11110111111 Q
#20470000
0*
#20475000
1'
b1 C
b100 I
1*
#20476000
b11111000000 Q
#20480000
0*
#20485000
b101 I
b1 =
1*
#20486000
b11111000001 Q
#20490000
0*
#20495000
b10 =
b110 I
1*
#20496000
b11111000010 Q
#20500000
0*
#20505000
b111 I
b11 =
1*
#20506000
b11111000011 Q
#20510000
0*
#20515000
17
b100 =
b1000 I
1*
#20516000
b11111000100 Q
#20520000
0*
#20525000
1E
b1001 I
b10 C
b0 >
07
b0 =
1*
#20526000
b11111000101 Q
#20530000
0*
#20535000
b1 =
b10 K
b0 J
0E
b0 I
1*
#20536000
b11111000110 Q
#20540000
0*
#20545000
b1 I
b10 =
1*
#20546000
b11111000111 Q
#20550000
0*
#20555000
b11 =
b10 I
1*
#20556000
b11111001000 Q
#20560000
0*
#20565000
b11 I
17
b100 =
1*
#20566000
b11111001001 Q
#20570000
0*
#20575000
07
b101 =
b100 I
1*
#20576000
b11111001010 Q
#20580000
0*
#20585000
b101 I
b110 =
1*
#20586000
b11111001011 Q
#20590000
0*
#20595000
b111 =
b110 I
1*
#20596000
b11111001100 Q
#20600000
0*
#20605000
b111 I
b1000 =
1*
#20606000
b11111001101 Q
#20610000
0*
#20615000
18
b1001 =
b1000 I
1*
#20616000
b11111001110 Q
#20620000
0*
#20625000
1E
b1001 I
b1 >
08
b0 =
1*
#20626000
b11111001111 Q
#20630000
0*
#20635000
b1 =
b1 J
0E
b0 I
1*
#20636000
b11111010000 Q
#20640000
0*
#20645000
b1 I
1!
b10 =
1*
#20646000
b11111010001 Q
#20650000
0*
#20655000
b11 =
1@
b10 I
1*
#20656000
b11111010010 Q
#20660000
0*
#20665000
b11 I
16
1A
17
b100 =
1*
#20666000
b11111010011 Q
#20670000
0*
#20675000
07
b101 =
b100 I
1*
#20676000
b11111010100 Q
#20680000
0*
#20685000
b101 I
b110 =
1*
#20686000
b11111010101 Q
#20690000
0*
#20695000
b111 =
b110 I
1*
#20696000
b11111010110 Q
#20700000
0*
#20705000
b111 I
b1000 =
1*
#20706000
b11111010111 Q
#20710000
0*
#20715000
18
b1001 =
b1000 I
1*
#20716000
b11111011000 Q
#20720000
0*
#20725000
1E
b1001 I
b10 >
08
b0 =
1*
#20726000
b11111011001 Q
#20730000
0*
#20735000
b1 =
b10 J
0E
b0 I
1*
#20736000
b11111011010 Q
#20740000
0*
#20745000
b1 I
b10 =
1*
#20746000
b11111011011 Q
#20750000
0*
#20755000
b11 =
b10 I
1*
#20756000
b11111011100 Q
#20760000
0*
#20765000
b11 I
17
b100 =
1*
#20766000
b11111011101 Q
#20770000
0*
#20775000
07
b101 =
b100 I
1*
#20776000
b11111011110 Q
#20780000
0*
#20785000
b101 I
b110 =
1*
#20786000
b11111011111 Q
#20790000
0*
#20795000
b111 =
b110 I
1*
#20796000
b11111100000 Q
#20800000
0*
#20805000
b111 I
b1000 =
1*
#20806000
b11111100001 Q
#20810000
0*
#20815000
18
b1001 =
b1000 I
1*
#20816000
b11111100010 Q
#20820000
0*
#20825000
1E
b1001 I
b11 >
08
b0 =
1*
#20826000
b11111100011 Q
#20830000
0*
#20835000
b1 =
b11 J
0E
b0 I
1*
#20836000
b11111100100 Q
#20840000
0*
#20845000
b1 I
0!
b10 =
1*
#20846000
b11111100101 Q
#20850000
0*
#20855000
b11 =
0@
b10 I
1*
#20856000
b11111100110 Q
#20860000
0*
#20865000
b11 I
06
0A
17
b100 =
1*
#20866000
b11111100111 Q
#20870000
0*
#20875000
07
b101 =
b100 I
1*
#20876000
b11111101000 Q
#20880000
0*
#20885000
b101 I
b110 =
1*
#20886000
b11111101001 Q
#20890000
0*
#20895000
b111 =
b110 I
1*
#20896000
b11111101010 Q
#20900000
0*
#20905000
b111 I
b1000 =
1*
#20906000
b11111101011 Q
#20910000
0*
#20915000
18
b1001 =
b1000 I
1*
#20916000
b11111101100 Q
#20920000
0*
#20925000
1E
b1001 I
b100 >
08
b0 =
b10010110 B
1*
#20926000
b11111101101 Q
#20930000
0*
#20935000
b1 =
b100 J
0E
b0 I
1*
#20936000
b11111101110 Q
#20940000
0*
#20945000
b1 I
1!
b10 =
1*
#20946000
b11111101111 Q
#20950000
0*
#20955000
b11 =
1@
b10 I
1*
#20956000
b11111110000 Q
#20960000
0*
#20965000
b11 I
16
1A
17
b100 =
1*
#20966000
b11111110001 Q
#20970000
0*
#20975000
07
b101 =
b100 I
1*
#20976000
b11111110010 Q
#20980000
0*
#20985000
b101 I
b110 =
1*
#20986000
b11111110011 Q
#20990000
0*
#20995000
b111 =
b110 I
1*
#20996000
b11111110100 Q
#21000000
0*
#21005000
b111 I
b1000 =
1*
#21006000
b11111110101 Q
#21010000
0*
#21015000
18
b1001 =
b1000 I
1*
#21016000
b11111110110 Q
#21020000
0*
#21025000
1E
b1001 I
b101 >
08
b0 =
1*
#21026000
b11111110111 Q
#21030000
0*
#21035000
b1 =
b101 J
0E
b0 I
1*
#21036000
b11111111000 Q
#21040000
0*
#21045000
b1 I
b10 =
1*
#21046000
b11111111001 Q
#21050000
0*
#21055000
b11 =
b10 I
1*
#21056000
b11111111010 Q
#21060000
0*
#21065000
b11 I
17
b100 =
1*
#21066000
b11111111011 Q
#21070000
0*
#21075000
07
b101 =
b100 I
1*
#21076000
b11111111100 Q
#21080000
0*
#21085000
b101 I
b110 =
1*
#21086000
b11111111101 Q
#21090000
0*
#21095000
b111 =
b110 I
1*
#21096000
b11111111110 Q
#21100000
0*
#21105000
b111 I
b1000 =
1*
#21106000
b11111111111 Q
#21110000
0*
#21115000
18
b1001 =
b1000 I
1*
#21116000
b100000000000 Q
#21120000
0*
#21125000
1E
b1001 I
b110 >
08
b0 =
b10110110 B
1*
#21126000
b100000000001 Q
#21130000
0*
#21135000
b1 =
b110 J
0E
b0 I
1*
#21136000
b100000000010 Q
#21140000
0*
#21145000
b1 I
b10 =
1*
#21146000
b100000000011 Q
#21150000
0*
#21155000
b11 =
b10 I
1*
#21156000
b100000000100 Q
#21160000
0*
#21165000
b11 I
17
b100 =
1*
#21166000
b100000000101 Q
#21170000
0*
#21175000
07
b101 =
b100 I
1*
#21176000
b100000000110 Q
#21180000
0*
#21185000
b101 I
b110 =
1*
#21186000
b100000000111 Q
#21190000
0*
#21195000
b111 =
b110 I
1*
#21196000
b100000001000 Q
#21200000
0*
#21205000
b111 I
b1000 =
1*
#21206000
b100000001001 Q
#21210000
0*
#21215000
18
b1001 =
b1000 I
1*
#21216000
b100000001010 Q
#21220000
0*
#21225000
1E
b1001 I
b111 >
08
b0 =
b11110110 B
1*
#21226000
b100000001011 Q
#21230000
0*
#21235000
b1 =
b111 J
0E
b0 I
1*
#21236000
b100000001100 Q
#21240000
0*
#21245000
b1 I
b10 =
1*
#21246000
b100000001101 Q
#21250000
0*
#21255000
b11 =
b10 I
1*
#21256000
b100000001110 Q
#21260000
0*
#21265000
b11 I
17
b100 =
1*
#21266000
b100000001111 Q
#21270000
0*
#21275000
07
b101 =
b100 I
1*
#21276000
b100000010000 Q
#21280000
0*
#21285000
b101 I
b110 =
1*
#21286000
b100000010001 Q
#21290000
0*
#21295000
b111 =
b110 I
1*
#21296000
b100000010010 Q
#21300000
0*
#21305000
b111 I
b1000 =
1*
#21306000
b100000010011 Q
#21310000
0*
#21315000
18
b1001 =
b1000 I
1*
#21316000
b100000010100 Q
#21320000
0*
#21325000
1E
b1001 I
b11 C
08
b0 =
1*
#21326000
b100000010101 Q
#21330000
0*
#21335000
b1 =
b11 K
0E
b0 I
1*
#21336000
b100000010110 Q
#21340000
0*
#21345000
b1 I
b10 =
1*
#21346000
b100000010111 Q
#21350000
0*
#21355000
b11 =
b10 I
1*
#21356000
b100000011000 Q
#21360000
0*
#21365000
b11 I
17
b100 =
1*
#21366000
b100000011001 Q
#21370000
0*
#21375000
07
b101 =
b100 I
1*
#21376000
b100000011010 Q
#21380000
0*
#21385000
b101 I
b110 =
1*
#21386000
b100000011011 Q
#21390000
0*
#21395000
b111 =
b110 I
1*
#21396000
b100000011100 Q
#21400000
0*
#21405000
b111 I
b1000 =
1*
#21406000
b100000011101 Q
#21410000
0*
#21415000
18
b1001 =
b1000 I
1*
#21416000
b100000011110 Q
#21420000
0*
#21425000
1E
b1001 I
b0 C
0'
1$
b11110110 &
b11110110 3
b11110110 ?
08
b0 =
1*
#21426000
b10101 1
b100000011111 Q
#21430000
0*
#21435000
0$
b0 K
0#
1"
0E
b0 I
1*
#21440000
0*
#21445000
0"
1*
#21446000
1-
b11000110 ,
b11000110 2
b11000110 D
b11000110 P
b1101 0
#21450000
0*
#21455000
1#
b1 K
b11000110 L
1*
#21456000
0-
#21460000
0*
#21465000
b1 I
0!
1*
#21466000
b100000100000 Q
#21470000
0*
#21475000
0@
b10 I
1*
#21476000
b100000100001 Q
#21480000
0*
#21485000
b11 I
06
0A
1*
#21486000
b100000100010 Q
#21490000
0*
#21495000
1'
b1 C
b100 I
1*
#21496000
b100000100011 Q
#21500000
0*
#21505000
b101 I
b1 =
1*
#21506000
b100000100100 Q
#21510000
0*
#21515000
b10 =
b110 I
1*
#21516000
b100000100101 Q
#21520000
0*
#21525000
b111 I
b11 =
1*
#21526000
b100000100110 Q
#21530000
0*
#21535000
17
b100 =
b1000 I
1*
#21536000
b100000100111 Q
#21540000
0*
#21545000
1E
b1001 I
b10 C
b0 >
07
b0 =
1*
#21546000
b100000101000 Q
#21550000
0*
#21555000
b1 =
b10 K
b0 J
0E
b0 I
1*
#21556000
b100000101001 Q
#21560000
0*
#21565000
b1 I
b10 =
1*
#21566000
b100000101010 Q
#21570000
0*
#21575000
b11 =
b10 I
1*
#21576000
b100000101011 Q
#21580000
0*
#21585000
b11 I
17
b100 =
1*
#21586000
b100000101100 Q
#21590000
0*
#21595000
07
b101 =
b100 I
1*
#21596000
b100000101101 Q
#21600000
0*
#21605000
b101 I
b110 =
1*
#21606000
b100000101110 Q
#21610000
0*
#21615000
b111 =
b110 I
1*
#21616000
b100000101111 Q
#21620000
0*
#21625000
b111 I
b1000 =
1*
#21626000
b100000110000 Q
#21630000
0*
#21635000
18
b1001 =
b1000 I
1*
#21636000
b100000110001 Q
#21640000
0*
#21645000
1E
b1001 I
b1 >
08
b0 =
1*
#21646000
b100000110010 Q
#21650000
0*
#21655000
b1 =
b1 J
0E
b0 I
1*
#21656000
b100000110011 Q
#21660000
0*
#21665000
b1 I
1!
b10 =
1*
#21666000
b100000110100 Q
#21670000
0*
#21675000
b11 =
1@
b10 I
1*
#21676000
b100000110101 Q
#21680000
0*
#21685000
b11 I
16
1A
17
b100 =
1*
#21686000
b100000110110 Q
#21690000
0*
#21695000
07
b101 =
b100 I
1*
#21696000
b100000110111 Q
#21700000
0*
#21705000
b101 I
b110 =
1*
#21706000
b100000111000 Q
#21710000
0*
#21715000
b111 =
b110 I
1*
#21716000
b100000111001 Q
#21720000
0*
#21725000
b111 I
b1000 =
1*
#21726000
b100000111010 Q
#21730000
0*
#21735000
18
b1001 =
b1000 I
1*
#21736000
b100000111011 Q
#21740000
0*
#21745000
1E
b1001 I
b10 >
08
b0 =
1*
#21746000
b100000111100 Q
#21750000
0*
#21755000
b1 =
b10 J
0E
b0 I
1*
#21756000
b100000111101 Q
#21760000
0*
#21765000
b1 I
b10 =
1*
#21766000
b100000111110 Q
#21770000
0*
#21775000
b11 =
b10 I
1*
#21776000
b100000111111 Q
#21780000
0*
#21785000
b11 I
17
b100 =
1*
#21786000
b100001000000 Q
#21790000
0*
#21795000
07
b101 =
b100 I
1*
#21796000
b100001000001 Q
#21800000
0*
#21805000
b101 I
b110 =
1*
#21806000
b100001000010 Q
#21810000
0*
#21815000
b111 =
b110 I
1*
#21816000
b100001000011 Q
#21820000
0*
#21825000
b111 I
b1000 =
1*
#21826000
b100001000100 Q
#21830000
0*
#21835000
18
b1001 =
b1000 I
1*
#21836000
b100001000101 Q
#21840000
0*
#21845000
1E
b1001 I
b11 >
08
b0 =
1*
#21846000
b100001000110 Q
#21850000
0*
#21855000
b1 =
b11 J
0E
b0 I
1*
#21856000
b100001000111 Q
#21860000
0*
#21865000
b1 I
0!
b10 =
1*
#21866000
b100001001000 Q
#21870000
0*
#21875000
b11 =
0@
b10 I
1*
#21876000
b100001001001 Q
#21880000
0*
#21885000
b11 I
06
0A
17
b100 =
1*
#21886000
b100001001010 Q
#21890000
0*
#21895000
07
b101 =
b100 I
1*
#21896000
b100001001011 Q
#21900000
0*
#21905000
b101 I
b110 =
1*
#21906000
b100001001100 Q
#21910000
0*
#21915000
b111 =
b110 I
1*
#21916000
b100001001101 Q
#21920000
0*
#21925000
b111 I
b1000 =
1*
#21926000
b100001001110 Q
#21930000
0*
#21935000
18
b1001 =
b1000 I
1*
#21936000
b100001001111 Q
#21940000
0*
#21945000
1E
b1001 I
b100 >
08
b0 =
1*
#21946000
b100001010000 Q
#21950000
0*
#21955000
b1 =
b100 J
0E
b0 I
1*
#21956000
b100001010001 Q
#21960000
0*
#21965000
b1 I
b10 =
1*
#21966000
b100001010010 Q
#21970000
0*
#21975000
b11 =
b10 I
1*
#21976000
b100001010011 Q
#21980000
0*
#21985000
b11 I
17
b100 =
1*
#21986000
b100001010100 Q
#21990000
0*
#21995000
07
b101 =
b100 I
1*
#21996000
b100001010101 Q
#22000000
0*
#22005000
b101 I
b110 =
1*
#22006000
b100001010110 Q
#22010000
0*
#22015000
b111 =
b110 I
1*
#22016000
b100001010111 Q
#22020000
0*
#22025000
b111 I
b1000 =
1*
#22026000
b100001011000 Q
#22030000
0*
#22035000
18
b1001 =
b1000 I
1*
#22036000
b100001011001 Q
#22040000
0*
#22045000
1E
b1001 I
b101 >
08
b0 =
b11100110 B
1*
#22046000
b100001011010 Q
#22050000
0*
#22055000
b1 =
b101 J
0E
b0 I
1*
#22056000
b100001011011 Q
#22060000
0*
#22065000
b1 I
b10 =
1*
#22066000
b100001011100 Q
#22070000
0*
#22075000
b11 =
b10 I
1*
#22076000
b100001011101 Q
#22080000
0*
#22085000
b11 I
17
b100 =
1*
#22086000
b100001011110 Q
#22090000
0*
#22095000
07
b101 =
b100 I
1*
#22096000
b100001011111 Q
#22100000
0*
#22105000
b101 I
b110 =
1*
#22106000
b100001100000 Q
#22110000
0*
#22115000
b111 =
b110 I
1*
#22116000
b100001100001 Q
#22120000
0*
#22125000
b111 I
b1000 =
1*
#22126000
b100001100010 Q
#22130000
0*
#22135000
18
b1001 =
b1000 I
1*
#22136000
b100001100011 Q
#22140000
0*
#22145000
1E
b1001 I
b110 >
08
b0 =
b11000110 B
1*
#22146000
b100001100100 Q
#22150000
0*
#22155000
b1 =
b110 J
0E
b0 I
1*
#22156000
b100001100101 Q
#22160000
0*
#22165000
b1 I
1!
b10 =
1*
#22166000
b100001100110 Q
#22170000
0*
#22175000
b11 =
1@
b10 I
1*
#22176000
b100001100111 Q
#22180000
0*
#22185000
b11 I
16
1A
17
b100 =
1*
#22186000
b100001101000 Q
#22190000
0*
#22195000
07
b101 =
b100 I
1*
#22196000
b100001101001 Q
#22200000
0*
#22205000
b101 I
b110 =
1*
#22206000
b100001101010 Q
#22210000
0*
#22215000
b111 =
b110 I
1*
#22216000
b100001101011 Q
#22220000
0*
#22225000
b111 I
b1000 =
1*
#22226000
b100001101100 Q
#22230000
0*
#22235000
18
b1001 =
b1000 I
1*
#22236000
b100001101101 Q
#22240000
0*
#22245000
1E
b1001 I
b111 >
08
b0 =
1*
#22246000
b100001101110 Q
#22250000
0*
#22255000
b1 =
b111 J
0E
b0 I
1*
#22256000
b100001101111 Q
#22260000
0*
#22265000
b1 I
b10 =
1*
#22266000
b100001110000 Q
#22270000
0*
#22275000
b11 =
b10 I
1*
#22276000
b100001110001 Q
#22280000
0*
#22285000
b11 I
17
b100 =
1*
#22286000
b100001110010 Q
#22290000
0*
#22295000
07
b101 =
b100 I
1*
#22296000
b100001110011 Q
#22300000
0*
#22305000
b101 I
b110 =
1*
#22306000
b100001110100 Q
#22310000
0*
#22315000
b111 =
b110 I
1*
#22316000
b100001110101 Q
#22320000
0*
#22325000
b111 I
b1000 =
1*
#22326000
b100001110110 Q
#22330000
0*
#22335000
18
b1001 =
b1000 I
1*
#22336000
b100001110111 Q
#22340000
0*
#22345000
1E
b1001 I
b11 C
08
b0 =
1*
#22346000
b100001111000 Q
#22350000
0*
#22355000
b1 =
b11 K
0E
b0 I
1*
#22356000
b100001111001 Q
#22360000
0*
#22365000
b1 I
b10 =
1*
#22366000
b100001111010 Q
#22370000
0*
#22375000
b11 =
b10 I
1*
#22376000
b100001111011 Q
#22380000
0*
#22385000
b11 I
17
b100 =
1*
#22386000
b100001111100 Q
#22390000
0*
#22395000
07
b101 =
b100 I
1*
#22396000
b100001111101 Q
#22400000
0*
#22405000
b101 I
b110 =
1*
#22406000
b100001111110 Q
#22410000
0*
#22415000
b111 =
b110 I
1*
#22416000
b100001111111 Q
#22420000
0*
#22425000
b111 I
b1000 =
1*
#22426000
b100010000000 Q
#22430000
0*
#22435000
18
b1001 =
b1000 I
1*
#22436000
b100010000001 Q
#22440000
0*
#22445000
1E
b1001 I
b0 C
0'
1$
b11000110 &
b11000110 3
b11000110 ?
08
b0 =
1*
#22446000
b10110 1
b100010000010 Q
#22450000
0*
#22455000
0$
b0 K
0#
1"
0E
b0 I
1*
#22460000
0*
#22465000
0"
1*
#22466000
1-
b11111100 ,
b11111100 2
b11111100 D
b11111100 P
b1110 0
#22470000
0*
#22475000
1#
b1 K
b11111100 L
1*
#22476000
0-
#22480000
0*
#22485000
b1 I
0!
1*
#22486000
b100010000011 Q
#22490000
0*
#22495000
0@
b10 I
1*
#22496000
b100010000100 Q
#22500000
0*
#22505000
b11 I
06
0A
1*
#22506000
b100010000101 Q
#22510000
0*
#22515000
1'
b1 C
b100 I
1*
#22516000
b100010000110 Q
#22520000
0*
#22525000
b101 I
b1 =
1*
#22526000
b100010000111 Q
#22530000
0*
#22535000
b10 =
b110 I
1*
#22536000
b100010001000 Q
#22540000
0*
#22545000
b111 I
b11 =
1*
#22546000
b100010001001 Q
#22550000
0*
#22555000
17
b100 =
b1000 I
1*
#22556000
b100010001010 Q
#22560000
0*
#22565000
1E
b1001 I
b10 C
b0 >
07
b0 =
1*
#22566000
b100010001011 Q
#22570000
0*
#22575000
b1 =
b10 K
b0 J
0E
b0 I
1*
#22576000
b100010001100 Q
#22580000
0*
#22585000
b1 I
b10 =
1*
#22586000
b100010001101 Q
#22590000
0*
#22595000
b11 =
b10 I
1*
#22596000
b100010001110 Q
#22600000
0*
#22605000
b11 I
17
b100 =
1*
#22606000
b100010001111 Q
#22610000
0*
#22615000
07
b101 =
b100 I
1*
#22616000
b100010010000 Q
#22620000
0*
#22625000
b101 I
b110 =
1*
#22626000
b100010010001 Q
#22630000
0*
#22635000
b111 =
b110 I
1*
#22636000
b100010010010 Q
#22640000
0*
#22645000
b111 I
b1000 =
1*
#22646000
b100010010011 Q
#22650000
0*
#22655000
18
b1001 =
b1000 I
1*
#22656000
b100010010100 Q
#22660000
0*
#22665000
1E
b1001 I
b1 >
08
b0 =
1*
#22666000
b100010010101 Q
#22670000
0*
#22675000
b1 =
b1 J
0E
b0 I
1*
#22676000
b100010010110 Q
#22680000
0*
#22685000
b1 I
b10 =
1*
#22686000
b100010010111 Q
#22690000
0*
#22695000
b11 =
b10 I
1*
#22696000
b100010011000 Q
#22700000
0*
#22705000
b11 I
17
b100 =
1*
#22706000
b100010011001 Q
#22710000
0*
#22715000
07
b101 =
b100 I
1*
#22716000
b100010011010 Q
#22720000
0*
#22725000
b101 I
b110 =
1*
#22726000
b100010011011 Q
#22730000
0*
#22735000
b111 =
b110 I
1*
#22736000
b100010011100 Q
#22740000
0*
#22745000
b111 I
b1000 =
1*
#22746000
b100010011101 Q
#22750000
0*
#22755000
18
b1001 =
b1000 I
1*
#22756000
b100010011110 Q
#22760000
0*
#22765000
1E
b1001 I
b10 >
08
b0 =
b11000100 B
1*
#22766000
b100010011111 Q
#22770000
0*
#22775000
b1 =
b10 J
0E
b0 I
1*
#22776000
b100010100000 Q
#22780000
0*
#22785000
b1 I
1!
b10 =
1*
#22786000
b100010100001 Q
#22790000
0*
#22795000
b11 =
1@
b10 I
1*
#22796000
b100010100010 Q
#22800000
0*
#22805000
b11 I
16
1A
17
b100 =
1*
#22806000
b100010100011 Q
#22810000
0*
#22815000
07
b101 =
b100 I
1*
#22816000
b100010100100 Q
#22820000
0*
#22825000
b101 I
b110 =
1*
#22826000
b100010100101 Q
#22830000
0*
#22835000
b111 =
b110 I
1*
#22836000
b100010100110 Q
#22840000
0*
#22845000
b111 I
b1000 =
1*
#22846000
b100010100111 Q
#22850000
0*
#22855000
18
b1001 =
b1000 I
1*
#22856000
b100010101000 Q
#22860000
0*
#22865000
1E
b1001 I
b11 >
08
b0 =
1*
#22866000
b100010101001 Q
#22870000
0*
#22875000
b1 =
b11 J
0E
b0 I
1*
#22876000
b100010101010 Q
#22880000
0*
#22885000
b1 I
b10 =
1*
#22886000
b100010101011 Q
#22890000
0*
#22895000
b11 =
b10 I
1*
#22896000
b100010101100 Q
#22900000
0*
#22905000
b11 I
17
b100 =
1*
#22906000
b100010101101 Q
#22910000
0*
#22915000
07
b101 =
b100 I
1*
#22916000
b100010101110 Q
#22920000
0*
#22925000
b101 I
b110 =
1*
#22926000
b100010101111 Q
#22930000
0*
#22935000
b111 =
b110 I
1*
#22936000
b100010110000 Q
#22940000
0*
#22945000
b111 I
b1000 =
1*
#22946000
b100010110001 Q
#22950000
0*
#22955000
18
b1001 =
b1000 I
1*
#22956000
b100010110010 Q
#22960000
0*
#22965000
1E
b1001 I
b100 >
08
b0 =
b11001100 B
1*
#22966000
b100010110011 Q
#22970000
0*
#22975000
b1 =
b100 J
0E
b0 I
1*
#22976000
b100010110100 Q
#22980000
0*
#22985000
b1 I
b10 =
1*
#22986000
b100010110101 Q
#22990000
0*
#22995000
b11 =
b10 I
1*
#22996000
b100010110110 Q
#23000000
0*
#23005000
b11 I
17
b100 =
1*
#23006000
b100010110111 Q
#23010000
0*
#23015000
07
b101 =
b100 I
1*
#23016000
b100010111000 Q
#23020000
0*
#23025000
b101 I
b110 =
1*
#23026000
b100010111001 Q
#23030000
0*
#23035000
b111 =
b110 I
1*
#23036000
b100010111010 Q
#23040000
0*
#23045000
b111 I
b1000 =
1*
#23046000
b100010111011 Q
#23050000
0*
#23055000
18
b1001 =
b1000 I
1*
#23056000
b100010111100 Q
#23060000
0*
#23065000
1E
b1001 I
b101 >
08
b0 =
b11011100 B
1*
#23066000
b100010111101 Q
#23070000
0*
#23075000
b1 =
b101 J
0E
b0 I
1*
#23076000
b100010111110 Q
#23080000
0*
#23085000
b1 I
b10 =
1*
#23086000
b100010111111 Q
#23090000
0*
#23095000
b11 =
b10 I
1*
#23096000
b100011000000 Q
#23100000
0*
#23105000
b11 I
17
b100 =
1*
#23106000
b100011000001 Q
#23110000
0*
#23115000
07
b101 =
b100 I
1*
#23116000
b100011000010 Q
#23120000
0*
#23125000
b101 I
b110 =
1*
#23126000
b100011000011 Q
#23130000
0*
#23135000
b111 =
b110 I
1*
#23136000
b100011000100 Q
#23140000
0*
#23145000
b111 I
b1000 =
1*
#23146000
b100011000101 Q
#23150000
0*
#23155000
18
b1001 =
b1000 I
1*
#23156000
b100011000110 Q
#23160000
0*
#23165000
1E
b1001 I
b110 >
08
b0 =
b11111100 B
1*
#23166000
b100011000111 Q
#23170000
0*
#23175000
b1 =
b110 J
0E
b0 I
1*
#23176000
b100011001000 Q
#23180000
0*
#23185000
b1 I
b10 =
1*
#23186000
b100011001001 Q
#23190000
0*
#23195000
b11 =
b10 I
1*
#23196000
b100011001010 Q
#23200000
0*
#23205000
b11 I
17
b100 =
1*
#23206000
b100011001011 Q
#23210000
0*
#23215000
07
b101 =
b100 I
1*
#23216000
b100011001100 Q
#23220000
0*
#23225000
b101 I
b110 =
1*
#23226000
b100011001101 Q
#23230000
0*
#23235000
b111 =
b110 I
1*
#23236000
b100011001110 Q
#23240000
0*
#23245000
b111 I
b1000 =
1*
#23246000
b100011001111 Q
#23250000
0*
#23255000
18
b1001 =
b1000 I
1*
#23256000
b100011010000 Q
#23260000
0*
#23265000
1E
b1001 I
b111 >
08
b0 =
1*
#23266000
b100011010001 Q
#23270000
0*
#23275000
b1 =
b111 J
0E
b0 I
1*
#23276000
b100011010010 Q
#23280000
0*
#23285000
b1 I
b10 =
1*
#23286000
b100011010011 Q
#23290000
0*
#23295000
b11 =
b10 I
1*
#23296000
b100011010100 Q
#23300000
0*
#23305000
b11 I
17
b100 =
1*
#23306000
b100011010101 Q
#23310000
0*
#23315000
07
b101 =
b100 I
1*
#23316000
b100011010110 Q
#23320000
0*
#23325000
b101 I
b110 =
1*
#23326000
b100011010111 Q
#23330000
0*
#23335000
b111 =
b110 I
1*
#23336000
b100011011000 Q
#23340000
0*
#23345000
b111 I
b1000 =
1*
#23346000
b100011011001 Q
#23350000
0*
#23355000
18
b1001 =
b1000 I
1*
#23356000
b100011011010 Q
#23360000
0*
#23365000
1E
b1001 I
b11 C
08
b0 =
1*
#23366000
b100011011011 Q
#23370000
0*
#23375000
b1 =
b11 K
0E
b0 I
1*
#23376000
b100011011100 Q
#23380000
0*
#23385000
b1 I
b10 =
1*
#23386000
b100011011101 Q
#23390000
0*
#23395000
b11 =
b10 I
1*
#23396000
b100011011110 Q
#23400000
0*
#23405000
b11 I
17
b100 =
1*
#23406000
b100011011111 Q
#23410000
0*
#23415000
07
b101 =
b100 I
1*
#23416000
b100011100000 Q
#23420000
0*
#23425000
b101 I
b110 =
1*
#23426000
b100011100001 Q
#23430000
0*
#23435000
b111 =
b110 I
1*
#23436000
b100011100010 Q
#23440000
0*
#23445000
b111 I
b1000 =
1*
#23446000
b100011100011 Q
#23450000
0*
#23455000
18
b1001 =
b1000 I
1*
#23456000
b100011100100 Q
#23460000
0*
#23465000
1E
b1001 I
b0 C
0'
1$
b11111100 &
b11111100 3
b11111100 ?
08
b0 =
1*
#23466000
b10111 1
b100011100101 Q
#23470000
0*
#23475000
0$
b0 K
0#
1"
0E
b0 I
1*
#23480000
0*
#23485000
0"
1*
#23486000
1-
b1100011 ,
b1100011 2
b1100011 D
b1100011 P
b1111 0
#23490000
0*
#23495000
1#
b1 K
b1100011 L
1*
#23496000
0-
#23500000
0*
#23505000
b1 I
0!
1*
#23506000
b100011100110 Q
#23510000
0*
#23515000
0@
b10 I
1*
#23516000
b100011100111 Q
#23520000
0*
#23525000
b11 I
06
0A
1*
#23526000
b100011101000 Q
#23530000
0*
#23535000
1'
b1 C
b100 I
1*
#23536000
b100011101001 Q
#23540000
0*
#23545000
b101 I
b1 =
1*
#23546000
b100011101010 Q
#23550000
0*
#23555000
b10 =
b110 I
1*
#23556000
b100011101011 Q
#23560000
0*
#23565000
b111 I
b11 =
1*
#23566000
b100011101100 Q
#23570000
0*
#23575000
17
b100 =
b1000 I
1*
#23576000
b100011101101 Q
#23580000
0*
#23585000
1E
b1001 I
b10 C
b0 >
07
b0 =
1*
#23586000
b100011101110 Q
#23590000
0*
#23595000
b1 =
b10 K
b0 J
0E
b0 I
1*
#23596000
b100011101111 Q
#23600000
0*
#23605000
b1 I
1!
b10 =
1*
#23606000
b100011110000 Q
#23610000
0*
#23615000
b11 =
1@
b10 I
1*
#23616000
b100011110001 Q
#23620000
0*
#23625000
b11 I
16
1A
17
b100 =
1*
#23626000
b100011110010 Q
#23630000
0*
#23635000
07
b101 =
b100 I
1*
#23636000
b100011110011 Q
#23640000
0*
#23645000
b101 I
b110 =
1*
#23646000
b100011110100 Q
#23650000
0*
#23655000
b111 =
b110 I
1*
#23656000
b100011110101 Q
#23660000
0*
#23665000
b111 I
b1000 =
1*
#23666000
b100011110110 Q
#23670000
0*
#23675000
18
b1001 =
b1000 I
1*
#23676000
b100011110111 Q
#23680000
0*
#23685000
1E
b1001 I
b1 >
08
b0 =
b11111101 B
1*
#23686000
b100011111000 Q
#23690000
0*
#23695000
b1 =
b1 J
0E
b0 I
1*
#23696000
b100011111001 Q
#23700000
0*
#23705000
b1 I
b10 =
1*
#23706000
b100011111010 Q
#23710000
0*
#23715000
b11 =
b10 I
1*
#23716000
b100011111011 Q
#23720000
0*
#23725000
b11 I
17
b100 =
1*
#23726000
b100011111100 Q
#23730000
0*
#23735000
07
b101 =
b100 I
1*
#23736000
b100011111101 Q
#23740000
0*
#23745000
b101 I
b110 =
1*
#23746000
b100011111110 Q
#23750000
0*
#23755000
b111 =
b110 I
1*
#23756000
b100011111111 Q
#23760000
0*
#23765000
b111 I
b1000 =
1*
#23766000
b100100000000 Q
#23770000
0*
#23775000
18
b1001 =
b1000 I
1*
#23776000
b100100000001 Q
#23780000
0*
#23785000
1E
b1001 I
b10 >
08
b0 =
b11111111 B
1*
#23786000
b100100000010 Q
#23790000
0*
#23795000
b1 =
b10 J
0E
b0 I
1*
#23796000
b100100000011 Q
#23800000
0*
#23805000
b1 I
0!
b10 =
1*
#23806000
b100100000100 Q
#23810000
0*
#23815000
b11 =
0@
b10 I
1*
#23816000
b100100000101 Q
#23820000
0*
#23825000
b11 I
06
0A
17
b100 =
1*
#23826000
b100100000110 Q
#23830000
0*
#23835000
07
b101 =
b100 I
1*
#23836000
b100100000111 Q
#23840000
0*
#23845000
b101 I
b110 =
1*
#23846000
b100100001000 Q
#23850000
0*
#23855000
b111 =
b110 I
1*
#23856000
b100100001001 Q
#23860000
0*
#23865000
b111 I
b1000 =
1*
#23866000
b100100001010 Q
#23870000
0*
#23875000
18
b1001 =
b1000 I
1*
#23876000
b100100001011 Q
#23880000
0*
#23885000
1E
b1001 I
b11 >
08
b0 =
b11111011 B
1*
#23886000
b100100001100 Q
#23890000
0*
#23895000
b1 =
b11 J
0E
b0 I
1*
#23896000
b100100001101 Q
#23900000
0*
#23905000
b1 I
b10 =
1*
#23906000
b100100001110 Q
#23910000
0*
#23915000
b11 =
b10 I
1*
#23916000
b100100001111 Q
#23920000
0*
#23925000
b11 I
17
b100 =
1*
#23926000
b100100010000 Q
#23930000
0*
#23935000
07
b101 =
b100 I
1*
#23936000
b100100010001 Q
#23940000
0*
#23945000
b101 I
b110 =
1*
#23946000
b100100010010 Q
#23950000
0*
#23955000
b111 =
b110 I
1*
#23956000
b100100010011 Q
#23960000
0*
#23965000
b111 I
b1000 =
1*
#23966000
b100100010100 Q
#23970000
0*
#23975000
18
b1001 =
b1000 I
1*
#23976000
b100100010101 Q
#23980000
0*
#23985000
1E
b1001 I
b100 >
08
b0 =
b11110011 B
1*
#23986000
b100100010110 Q
#23990000
0*
#23995000
b1 =
b100 J
0E
b0 I
1*
#23996000
b100100010111 Q
#24000000
0*
#24005000
b1 I
b10 =
1*
#24006000
b100100011000 Q
#24010000
0*
#24015000
b11 =
b10 I
1*
#24016000
b100100011001 Q
#24020000
0*
#24025000
b11 I
17
b100 =
1*
#24026000
b100100011010 Q
#24030000
0*
#24035000
07
b101 =
b100 I
1*
#24036000
b100100011011 Q
#24040000
0*
#24045000
b101 I
b110 =
1*
#24046000
b100100011100 Q
#24050000
0*
#24055000
b111 =
b110 I
1*
#24056000
b100100011101 Q
#24060000
0*
#24065000
b111 I
b1000 =
1*
#24066000
b100100011110 Q
#24070000
0*
#24075000
18
b1001 =
b1000 I
1*
#24076000
b100100011111 Q
#24080000
0*
#24085000
1E
b1001 I
b101 >
08
b0 =
b11100011 B
1*
#24086000
b100100100000 Q
#24090000
0*
#24095000
b1 =
b101 J
0E
b0 I
1*
#24096000
b100100100001 Q
#24100000
0*
#24105000
b1 I
1!
b10 =
1*
#24106000
b100100100010 Q
#24110000
0*
#24115000
b11 =
1@
b10 I
1*
#24116000
b100100100011 Q
#24120000
0*
#24125000
b11 I
16
1A
17
b100 =
1*
#24126000
b100100100100 Q
#24130000
0*
#24135000
07
b101 =
b100 I
1*
#24136000
b100100100101 Q
#24140000
0*
#24145000
b101 I
b110 =
1*
#24146000
b100100100110 Q
#24150000
0*
#24155000
b111 =
b110 I
1*
#24156000
b100100100111 Q
#24160000
0*
#24165000
b111 I
b1000 =
1*
#24166000
b100100101000 Q
#24170000
0*
#24175000
18
b1001 =
b1000 I
1*
#24176000
b100100101001 Q
#24180000
0*
#24185000
1E
b1001 I
b110 >
08
b0 =
1*
#24186000
b100100101010 Q
#24190000
0*
#24195000
b1 =
b110 J
0E
b0 I
1*
#24196000
b100100101011 Q
#24200000
0*
#24205000
b1 I
b10 =
1*
#24206000
b100100101100 Q
#24210000
0*
#24215000
b11 =
b10 I
1*
#24216000
b100100101101 Q
#24220000
0*
#24225000
b11 I
17
b100 =
1*
#24226000
b100100101110 Q
#24230000
0*
#24235000
07
b101 =
b100 I
1*
#24236000
b100100101111 Q
#24240000
0*
#24245000
b101 I
b110 =
1*
#24246000
b100100110000 Q
#24250000
0*
#24255000
b111 =
b110 I
1*
#24256000
b100100110001 Q
#24260000
0*
#24265000
b111 I
b1000 =
1*
#24266000
b100100110010 Q
#24270000
0*
#24275000
18
b1001 =
b1000 I
1*
#24276000
b100100110011 Q
#24280000
0*
#24285000
1E
b1001 I
b111 >
08
b0 =
1*
#24286000
b100100110100 Q
#24290000
0*
#24295000
b1 =
b111 J
0E
b0 I
1*
#24296000
b100100110101 Q
#24300000
0*
#24305000
b1 I
0!
b10 =
1*
#24306000
b100100110110 Q
#24310000
0*
#24315000
b11 =
0@
b10 I
1*
#24316000
b100100110111 Q
#24320000
0*
#24325000
b11 I
06
0A
17
b100 =
1*
#24326000
b100100111000 Q
#24330000
0*
#24335000
07
b101 =
b100 I
1*
#24336000
b100100111001 Q
#24340000
0*
#24345000
b101 I
b110 =
1*
#24346000
b100100111010 Q
#24350000
0*
#24355000
b111 =
b110 I
1*
#24356000
b100100111011 Q
#24360000
0*
#24365000
b111 I
b1000 =
1*
#24366000
b100100111100 Q
#24370000
0*
#24375000
18
b1001 =
b1000 I
1*
#24376000
b100100111101 Q
#24380000
0*
#24385000
1E
b1001 I
b11 C
08
b0 =
b1100011 B
1*
#24386000
b100100111110 Q
#24390000
0*
#24395000
b1 =
b11 K
0E
b0 I
1*
#24396000
b100100111111 Q
#24400000
0*
#24405000
b1 I
1!
b10 =
1*
#24406000
b100101000000 Q
#24410000
0*
#24415000
b11 =
1@
b10 I
1*
#24416000
b100101000001 Q
#24420000
0*
#24425000
b11 I
16
1A
17
b100 =
1*
#24426000
b100101000010 Q
#24430000
0*
#24435000
07
b101 =
b100 I
1*
#24436000
b100101000011 Q
#24440000
0*
#24445000
b101 I
b110 =
1*
#24446000
b100101000100 Q
#24450000
0*
#24455000
b111 =
b110 I
1*
#24456000
b100101000101 Q
#24460000
0*
#24465000
b111 I
b1000 =
1*
#24466000
b100101000110 Q
#24470000
0*
#24475000
18
b1001 =
b1000 I
1*
#24476000
b100101000111 Q
#24480000
0*
#24485000
1E
b1001 I
b0 C
0'
1$
b1100011 &
b1100011 3
b1100011 ?
08
b0 =
1*
#24486000
b11000 1
b100101001000 Q
#24490000
0*
#24495000
0$
b0 K
0#
1"
0E
b0 I
1*
#24500000
0*
#24505000
0"
1*
#24506000
1-
b1100010 ,
b1100010 2
b1100010 D
b1100010 P
b10000 0
#24510000
0*
#24515000
1#
b1 K
b1100010 L
1*
#24516000
0-
#24520000
0*
#24525000
b1 I
0!
1*
#24526000
b100101001001 Q
#24530000
0*
#24535000
0@
b10 I
1*
#24536000
b100101001010 Q
#24540000
0*
#24545000
b11 I
06
0A
1*
#24546000
b100101001011 Q
#24550000
0*
#24555000
1'
b1 C
b100 I
1*
#24556000
b100101001100 Q
#24560000
0*
#24565000
b101 I
b1 =
1*
#24566000
b100101001101 Q
#24570000
0*
#24575000
b10 =
b110 I
1*
#24576000
b100101001110 Q
#24580000
0*
#24585000
b111 I
b11 =
1*
#24586000
b100101001111 Q
#24590000
0*
#24595000
17
b100 =
b1000 I
1*
#24596000
b100101010000 Q
#24600000
0*
#24605000
1E
b1001 I
b10 C
b0 >
07
b0 =
1*
#24606000
b100101010001 Q
#24610000
0*
#24615000
b1 =
b10 K
b0 J
0E
b0 I
1*
#24616000
b100101010010 Q
#24620000
0*
#24625000
b1 I
b10 =
1*
#24626000
b100101010011 Q
#24630000
0*
#24635000
b11 =
b10 I
1*
#24636000
b100101010100 Q
#24640000
0*
#24645000
b11 I
17
b100 =
1*
#24646000
b100101010101 Q
#24650000
0*
#24655000
07
b101 =
b100 I
1*
#24656000
b100101010110 Q
#24660000
0*
#24665000
b101 I
b110 =
1*
#24666000
b100101010111 Q
#24670000
0*
#24675000
b111 =
b110 I
1*
#24676000
b100101011000 Q
#24680000
0*
#24685000
b111 I
b1000 =
1*
#24686000
b100101011001 Q
#24690000
0*
#24695000
18
b1001 =
b1000 I
1*
#24696000
b100101011010 Q
#24700000
0*
#24705000
1E
b1001 I
b1 >
08
b0 =
b1100010 B
1*
#24706000
b100101011011 Q
#24710000
0*
#24715000
b1 =
b1 J
0E
b0 I
1*
#24716000
b100101011100 Q
#24720000
0*
#24725000
b1 I
1!
b10 =
1*
#24726000
b100101011101 Q
#24730000
0*
#24735000
b11 =
1@
b10 I
1*
#24736000
b100101011110 Q
#24740000
0*
#24745000
b11 I
16
1A
17
b100 =
1*
#24746000
b100101011111 Q
#24750000
0*
#24755000
07
b101 =
b100 I
1*
#24756000
b100101100000 Q
#24760000
0*
#24765000
b101 I
b110 =
1*
#24766000
b100101100001 Q
#24770000
0*
#24775000
b111 =
b110 I
1*
#24776000
b100101100010 Q
#24780000
0*
#24785000
b111 I
b1000 =
1*
#24786000
b100101100011 Q
#24790000
0*
#24795000
18
b1001 =
b1000 I
1*
#24796000
b100101100100 Q
#24800000
0*
#24805000
1E
b1001 I
b10 >
08
b0 =
1*
#24806000
b100101100101 Q
#24810000
0*
#24815000
b1 =
b10 J
0E
b0 I
1*
#24816000
b100101100110 Q
#24820000
0*
#24825000
b1 I
0!
b10 =
1*
#24826000
b100101100111 Q
#24830000
0*
#24835000
b11 =
0@
b10 I
1*
#24836000
b100101101000 Q
#24840000
0*
#24845000
b11 I
06
0A
17
b100 =
1*
#24846000
b100101101001 Q
#24850000
0*
#24855000
07
b101 =
b100 I
1*
#24856000
b100101101010 Q
#24860000
0*
#24865000
b101 I
b110 =
1*
#24866000
b100101101011 Q
#24870000
0*
#24875000
b111 =
b110 I
1*
#24876000
b100101101100 Q
#24880000
0*
#24885000
b111 I
b1000 =
1*
#24886000
b100101101101 Q
#24890000
0*
#24895000
18
b1001 =
b1000 I
1*
#24896000
b100101101110 Q
#24900000
0*
#24905000
1E
b1001 I
b11 >
08
b0 =
1*
#24906000
b100101101111 Q
#24910000
0*
#24915000
b1 =
b11 J
0E
b0 I
1*
#24916000
b100101110000 Q
#24920000
0*
#24925000
b1 I
b10 =
1*
#24926000
b100101110001 Q
#24930000
0*
#24935000
b11 =
b10 I
1*
#24936000
b100101110010 Q
#24940000
0*
#24945000
b11 I
17
b100 =
1*
#24946000
b100101110011 Q
#24950000
0*
#24955000
07
b101 =
b100 I
1*
#24956000
b100101110100 Q
#24960000
0*
#24965000
b101 I
b110 =
1*
#24966000
b100101110101 Q
#24970000
0*
#24975000
b111 =
b110 I
1*
#24976000
b100101110110 Q
#24980000
0*
#24985000
b111 I
b1000 =
1*
#24986000
b100101110111 Q
#24990000
0*
#24995000
18
b1001 =
b1000 I
1*
#24996000
b100101111000 Q
#25000000
0*
#25005000
1E
b1001 I
b100 >
08
b0 =
1*
#25006000
b100101111001 Q
#25010000
0*
#25015000
b1 =
b100 J
0E
b0 I
1*
#25016000
b100101111010 Q
#25020000
0*
#25025000
b1 I
b10 =
1*
#25026000
b100101111011 Q
#25030000
0*
#25035000
b11 =
b10 I
1*
#25036000
b100101111100 Q
#25040000
0*
#25045000
b11 I
17
b100 =
1*
#25046000
b100101111101 Q
#25050000
0*
#25055000
07
b101 =
b100 I
1*
#25056000
b100101111110 Q
#25060000
0*
#25065000
b101 I
b110 =
1*
#25066000
b100101111111 Q
#25070000
0*
#25075000
b111 =
b110 I
1*
#25076000
b100110000000 Q
#25080000
0*
#25085000
b111 I
b1000 =
1*
#25086000
b100110000001 Q
#25090000
0*
#25095000
18
b1001 =
b1000 I
1*
#25096000
b100110000010 Q
#25100000
0*
#25105000
1E
b1001 I
b101 >
08
b0 =
1*
#25106000
b100110000011 Q
#25110000
0*
#25115000
b1 =
b101 J
0E
b0 I
1*
#25116000
b100110000100 Q
#25120000
0*
#25125000
b1 I
1!
b10 =
1*
#25126000
b100110000101 Q
#25130000
0*
#25135000
b11 =
1@
b10 I
1*
#25136000
b100110000110 Q
#25140000
0*
#25145000
b11 I
16
1A
17
b100 =
1*
#25146000
b100110000111 Q
#25150000
0*
#25155000
07
b101 =
b100 I
1*
#25156000
b100110001000 Q
#25160000
0*
#25165000
b101 I
b110 =
1*
#25166000
b100110001001 Q
#25170000
0*
#25175000
b111 =
b110 I
1*
#25176000
b100110001010 Q
#25180000
0*
#25185000
b111 I
b1000 =
1*
#25186000
b100110001011 Q
#25190000
0*
#25195000
18
b1001 =
b1000 I
1*
#25196000
b100110001100 Q
#25200000
0*
#25205000
1E
b1001 I
b110 >
08
b0 =
1*
#25206000
b100110001101 Q
#25210000
0*
#25215000
b1 =
b110 J
0E
b0 I
1*
#25216000
b100110001110 Q
#25220000
0*
#25225000
b1 I
b10 =
1*
#25226000
b100110001111 Q
#25230000
0*
#25235000
b11 =
b10 I
1*
#25236000
b100110010000 Q
#25240000
0*
#25245000
b11 I
17
b100 =
1*
#25246000
b100110010001 Q
#25250000
0*
#25255000
07
b101 =
b100 I
1*
#25256000
b100110010010 Q
#25260000
0*
#25265000
b101 I
b110 =
1*
#25266000
b100110010011 Q
#25270000
0*
#25275000
b111 =
b110 I
1*
#25276000
b100110010100 Q
#25280000
0*
#25285000
b111 I
b1000 =
1*
#25286000
b100110010101 Q
#25290000
0*
#25295000
18
b1001 =
b1000 I
1*
#25296000
b100110010110 Q
#25300000
0*
#25305000
1E
b1001 I
b111 >
08
b0 =
1*
#25306000
b100110010111 Q
#25310000
0*
#25315000
b1 =
b111 J
0E
b0 I
1*
#25316000
b100110011000 Q
#25320000
0*
#25325000
b1 I
0!
b10 =
1*
#25326000
b100110011001 Q
#25330000
0*
#25335000
b11 =
0@
b10 I
1*
#25336000
b100110011010 Q
#25340000
0*
#25345000
b11 I
06
0A
17
b100 =
1*
#25346000
b100110011011 Q
#25350000
0*
#25355000
07
b101 =
b100 I
1*
#25356000
b100110011100 Q
#25360000
0*
#25365000
b101 I
b110 =
1*
#25366000
b100110011101 Q
#25370000
0*
#25375000
b111 =
b110 I
1*
#25376000
b100110011110 Q
#25380000
0*
#25385000
b111 I
b1000 =
1*
#25386000
b100110011111 Q
#25390000
0*
#25395000
18
b1001 =
b1000 I
1*
#25396000
b100110100000 Q
#25400000
0*
#25405000
1E
b1001 I
b11 C
08
b0 =
1*
#25406000
b100110100001 Q
#25410000
0*
#25415000
b1 =
b11 K
0E
b0 I
1*
#25416000
b100110100010 Q
#25420000
0*
#25425000
b1 I
1!
b10 =
1*
#25426000
b100110100011 Q
#25430000
0*
#25435000
b11 =
1@
b10 I
1*
#25436000
b100110100100 Q
#25440000
0*
#25445000
b11 I
16
1A
17
b100 =
1*
#25446000
b100110100101 Q
#25450000
0*
#25455000
07
b101 =
b100 I
1*
#25456000
b100110100110 Q
#25460000
0*
#25465000
b101 I
b110 =
1*
#25466000
b100110100111 Q
#25470000
0*
#25475000
b111 =
b110 I
1*
#25476000
b100110101000 Q
#25480000
0*
#25485000
b111 I
b1000 =
1*
#25486000
b100110101001 Q
#25490000
0*
#25495000
18
b1001 =
b1000 I
1*
#25496000
b100110101010 Q
#25500000
0*
#25505000
1E
b1001 I
b0 C
0'
1$
b1100010 &
b1100010 3
b1100010 ?
08
b0 =
1*
#25506000
b11001 1
b100110101011 Q
#25510000
0*
#25515000
0$
b0 K
0#
1"
0E
b0 I
1*
#25520000
0*
#25525000
0"
1*
#25526000
1-
b1010101 ,
b1010101 2
b1010101 D
b1010101 P
b10001 0
#25530000
0*
#25535000
1#
b1 K
b1010101 L
1*
#25536000
0-
#25540000
0*
#25545000
b1 I
0!
1*
#25546000
b100110101100 Q
#25550000
0*
#25555000
0@
b10 I
1*
#25556000
b100110101101 Q
#25560000
0*
#25565000
b11 I
06
0A
1*
#25566000
b100110101110 Q
#25570000
0*
#25575000
1'
b1 C
b100 I
1*
#25576000
b100110101111 Q
#25580000
0*
#25585000
b101 I
b1 =
1*
#25586000
b100110110000 Q
#25590000
0*
#25595000
b10 =
b110 I
1*
#25596000
b100110110001 Q
#25600000
0*
#25605000
b111 I
b11 =
1*
#25606000
b100110110010 Q
#25610000
0*
#25615000
17
b100 =
b1000 I
1*
#25616000
b100110110011 Q
#25620000
0*
#25625000
1E
b1001 I
b10 C
b0 >
07
b0 =
1*
#25626000
b100110110100 Q
#25630000
0*
#25635000
b1 =
b10 K
b0 J
0E
b0 I
1*
#25636000
b100110110101 Q
#25640000
0*
#25645000
b1 I
1!
b10 =
1*
#25646000
b100110110110 Q
#25650000
0*
#25655000
b11 =
1@
b10 I
1*
#25656000
b100110110111 Q
#25660000
0*
#25665000
b11 I
16
1A
17
b100 =
1*
#25666000
b100110111000 Q
#25670000
0*
#25675000
07
b101 =
b100 I
1*
#25676000
b100110111001 Q
#25680000
0*
#25685000
b101 I
b110 =
1*
#25686000
b100110111010 Q
#25690000
0*
#25695000
b111 =
b110 I
1*
#25696000
b100110111011 Q
#25700000
0*
#25705000
b111 I
b1000 =
1*
#25706000
b100110111100 Q
#25710000
0*
#25715000
18
b1001 =
b1000 I
1*
#25716000
b100110111101 Q
#25720000
0*
#25725000
1E
b1001 I
b1 >
08
b0 =
b1100011 B
1*
#25726000
b100110111110 Q
#25730000
0*
#25735000
b1 =
b1 J
0E
b0 I
1*
#25736000
b100110111111 Q
#25740000
0*
#25745000
b1 I
0!
b10 =
1*
#25746000
b100111000000 Q
#25750000
0*
#25755000
b11 =
0@
b10 I
1*
#25756000
b100111000001 Q
#25760000
0*
#25765000
b11 I
06
0A
17
b100 =
1*
#25766000
b100111000010 Q
#25770000
0*
#25775000
07
b101 =
b100 I
1*
#25776000
b100111000011 Q
#25780000
0*
#25785000
b101 I
b110 =
1*
#25786000
b100111000100 Q
#25790000
0*
#25795000
b111 =
b110 I
1*
#25796000
b100111000101 Q
#25800000
0*
#25805000
b111 I
b1000 =
1*
#25806000
b100111000110 Q
#25810000
0*
#25815000
18
b1001 =
b1000 I
1*
#25816000
b100111000111 Q
#25820000
0*
#25825000
1E
b1001 I
b10 >
08
b0 =
b1100001 B
1*
#25826000
b100111001000 Q
#25830000
0*
#25835000
b1 =
b10 J
0E
b0 I
1*
#25836000
b100111001001 Q
#25840000
0*
#25845000
b1 I
1!
b10 =
1*
#25846000
b100111001010 Q
#25850000
0*
#25855000
b11 =
1@
b10 I
1*
#25856000
b100111001011 Q
#25860000
0*
#25865000
b11 I
16
1A
17
b100 =
1*
#25866000
b100111001100 Q
#25870000
0*
#25875000
07
b101 =
b100 I
1*
#25876000
b100111001101 Q
#25880000
0*
#25885000
b101 I
b110 =
1*
#25886000
b100111001110 Q
#25890000
0*
#25895000
b111 =
b110 I
1*
#25896000
b100111001111 Q
#25900000
0*
#25905000
b111 I
b1000 =
1*
#25906000
b100111010000 Q
#25910000
0*
#25915000
18
b1001 =
b1000 I
1*
#25916000
b100111010001 Q
#25920000
0*
#25925000
1E
b1001 I
b11 >
08
b0 =
b1100101 B
1*
#25926000
b100111010010 Q
#25930000
0*
#25935000
b1 =
b11 J
0E
b0 I
1*
#25936000
b100111010011 Q
#25940000
0*
#25945000
b1 I
0!
b10 =
1*
#25946000
b100111010100 Q
#25950000
0*
#25955000
b11 =
0@
b10 I
1*
#25956000
b100111010101 Q
#25960000
0*
#25965000
b11 I
06
0A
17
b100 =
1*
#25966000
b100111010110 Q
#25970000
0*
#25975000
07
b101 =
b100 I
1*
#25976000
b100111010111 Q
#25980000
0*
#25985000
b101 I
b110 =
1*
#25986000
b100111011000 Q
#25990000
0*
#25995000
b111 =
b110 I
1*
#25996000
b100111011001 Q
#26000000
0*
#26005000
b111 I
b1000 =
1*
#26006000
b100111011010 Q
#26010000
0*
#26015000
18
b1001 =
b1000 I
1*
#26016000
b100111011011 Q
#26020000
0*
#26025000
1E
b1001 I
b100 >
08
b0 =
1*
#26026000
b100111011100 Q
#26030000
0*
#26035000
b1 =
b100 J
0E
b0 I
1*
#26036000
b100111011101 Q
#26040000
0*
#26045000
b1 I
1!
b10 =
1*
#26046000
b100111011110 Q
#26050000
0*
#26055000
b11 =
1@
b10 I
1*
#26056000
b100111011111 Q
#26060000
0*
#26065000
b11 I
16
1A
17
b100 =
1*
#26066000
b100111100000 Q
#26070000
0*
#26075000
07
b101 =
b100 I
1*
#26076000
b100111100001 Q
#26080000
0*
#26085000
b101 I
b110 =
1*
#26086000
b100111100010 Q
#26090000
0*
#26095000
b111 =
b110 I
1*
#26096000
b100111100011 Q
#26100000
0*
#26105000
b111 I
b1000 =
1*
#26106000
b100111100100 Q
#26110000
0*
#26115000
18
b1001 =
b1000 I
1*
#26116000
b100111100101 Q
#26120000
0*
#26125000
1E
b1001 I
b101 >
08
b0 =
b1110101 B
1*
#26126000
b100111100110 Q
#26130000
0*
#26135000
b1 =
b101 J
0E
b0 I
1*
#26136000
b100111100111 Q
#26140000
0*
#26145000
b1 I
0!
b10 =
1*
#26146000
b100111101000 Q
#26150000
0*
#26155000
b11 =
0@
b10 I
1*
#26156000
b100111101001 Q
#26160000
0*
#26165000
b11 I
06
0A
17
b100 =
1*
#26166000
b100111101010 Q
#26170000
0*
#26175000
07
b101 =
b100 I
1*
#26176000
b100111101011 Q
#26180000
0*
#26185000
b101 I
b110 =
1*
#26186000
b100111101100 Q
#26190000
0*
#26195000
b111 =
b110 I
1*
#26196000
b100111101101 Q
#26200000
0*
#26205000
b111 I
b1000 =
1*
#26206000
b100111101110 Q
#26210000
0*
#26215000
18
b1001 =
b1000 I
1*
#26216000
b100111101111 Q
#26220000
0*
#26225000
1E
b1001 I
b110 >
08
b0 =
b1010101 B
1*
#26226000
b100111110000 Q
#26230000
0*
#26235000
b1 =
b110 J
0E
b0 I
1*
#26236000
b100111110001 Q
#26240000
0*
#26245000
b1 I
1!
b10 =
1*
#26246000
b100111110010 Q
#26250000
0*
#26255000
b11 =
1@
b10 I
1*
#26256000
b100111110011 Q
#26260000
0*
#26265000
b11 I
16
1A
17
b100 =
1*
#26266000
b100111110100 Q
#26270000
0*
#26275000
07
b101 =
b100 I
1*
#26276000
b100111110101 Q
#26280000
0*
#26285000
b101 I
b110 =
1*
#26286000
b100111110110 Q
#26290000
0*
#26295000
b111 =
b110 I
1*
#26296000
b100111110111 Q
#26300000
0*
#26305000
b111 I
b1000 =
1*
#26306000
b100111111000 Q
#26310000
0*
#26315000
18
b1001 =
b1000 I
1*
#26316000
b100111111001 Q
#26320000
0*
#26325000
1E
b1001 I
b111 >
08
b0 =
1*
#26326000
b100111111010 Q
#26330000
0*
#26335000
b1 =
b111 J
0E
b0 I
1*
#26336000
b100111111011 Q
#26340000
0*
#26345000
b1 I
0!
b10 =
1*
#26346000
b100111111100 Q
#26350000
0*
#26355000
b11 =
0@
b10 I
1*
#26356000
b100111111101 Q
#26360000
0*
#26365000
b11 I
06
0A
17
b100 =
1*
#26366000
b100111111110 Q
#26370000
0*
#26375000
07
b101 =
b100 I
1*
#26376000
b100111111111 Q
#26380000
0*
#26385000
b101 I
b110 =
1*
#26386000
b101000000000 Q
#26390000
0*
#26395000
b111 =
b110 I
1*
#26396000
b101000000001 Q
#26400000
0*
#26405000
b111 I
b1000 =
1*
#26406000
b101000000010 Q
#26410000
0*
#26415000
18
b1001 =
b1000 I
1*
#26416000
b101000000011 Q
#26420000
0*
#26425000
1E
b1001 I
b11 C
08
b0 =
1*
#26426000
b101000000100 Q
#26430000
0*
#26435000
b1 =
b11 K
0E
b0 I
1*
#26436000
b101000000101 Q
#26440000
0*
#26445000
b1 I
1!
b10 =
1*
#26446000
b101000000110 Q
#26450000
0*
#26455000
b11 =
1@
b10 I
1*
#26456000
b101000000111 Q
#26460000
0*
#26465000
b11 I
16
1A
17
b100 =
1*
#26466000
b101000001000 Q
#26470000
0*
#26475000
07
b101 =
b100 I
1*
#26476000
b101000001001 Q
#26480000
0*
#26485000
b101 I
b110 =
1*
#26486000
b101000001010 Q
#26490000
0*
#26495000
b111 =
b110 I
1*
#26496000
b101000001011 Q
#26500000
0*
#26505000
b111 I
b1000 =
1*
#26506000
b101000001100 Q
#26510000
0*
#26515000
18
b1001 =
b1000 I
1*
#26516000
b101000001101 Q
#26520000
0*
#26525000
1E
b1001 I
b0 C
0'
1$
b1010101 &
b1010101 3
b1010101 ?
08
b0 =
1*
#26526000
b11010 1
b101000001110 Q
#26530000
0*
#26535000
0$
b0 K
0#
1"
0E
b0 I
1*
#26540000
0*
#26545000
0"
1*
#26546000
1-
b11110010 ,
b11110010 2
b11110010 D
b11110010 P
b10010 0
#26550000
0*
#26555000
1#
b1 K
b11110010 L
1*
#26556000
0-
#26560000
0*
#26565000
b1 I
0!
1*
#26566000
b101000001111 Q
#26570000
0*
#26575000
0@
b10 I
1*
#26576000
b101000010000 Q
#26580000
0*
#26585000
b11 I
06
0A
1*
#26586000
b101000010001 Q
#26590000
0*
#26595000
1'
b1 C
b100 I
1*
#26596000
b101000010010 Q
#26600000
0*
#26605000
b101 I
b1 =
1*
#26606000
b101000010011 Q
#26610000
0*
#26615000
b10 =
b110 I
1*
#26616000
b101000010100 Q
#26620000
0*
#26625000
b111 I
b11 =
1*
#26626000
b101000010101 Q
#26630000
0*
#26635000
17
b100 =
b1000 I
1*
#26636000
b101000010110 Q
#26640000
0*
#26645000
1E
b1001 I
b10 C
b0 >
07
b0 =
1*
#26646000
b101000010111 Q
#26650000
0*
#26655000
b1 =
b10 K
b0 J
0E
b0 I
1*
#26656000
b101000011000 Q
#26660000
0*
#26665000
b1 I
b10 =
1*
#26666000
b101000011001 Q
#26670000
0*
#26675000
b11 =
b10 I
1*
#26676000
b101000011010 Q
#26680000
0*
#26685000
b11 I
17
b100 =
1*
#26686000
b101000011011 Q
#26690000
0*
#26695000
07
b101 =
b100 I
1*
#26696000
b101000011100 Q
#26700000
0*
#26705000
b101 I
b110 =
1*
#26706000
b101000011101 Q
#26710000
0*
#26715000
b111 =
b110 I
1*
#26716000
b101000011110 Q
#26720000
0*
#26725000
b111 I
b1000 =
1*
#26726000
b101000011111 Q
#26730000
0*
#26735000
18
b1001 =
b1000 I
1*
#26736000
b101000100000 Q
#26740000
0*
#26745000
1E
b1001 I
b1 >
08
b0 =
b1010100 B
1*
#26746000
b101000100001 Q
#26750000
0*
#26755000
b1 =
b1 J
0E
b0 I
1*
#26756000
b101000100010 Q
#26760000
0*
#26765000
b1 I
1!
b10 =
1*
#26766000
b101000100011 Q
#26770000
0*
#26775000
b11 =
1@
b10 I
1*
#26776000
b101000100100 Q
#26780000
0*
#26785000
b11 I
16
1A
17
b100 =
1*
#26786000
b101000100101 Q
#26790000
0*
#26795000
07
b101 =
b100 I
1*
#26796000
b101000100110 Q
#26800000
0*
#26805000
b101 I
b110 =
1*
#26806000
b101000100111 Q
#26810000
0*
#26815000
b111 =
b110 I
1*
#26816000
b101000101000 Q
#26820000
0*
#26825000
b111 I
b1000 =
1*
#26826000
b101000101001 Q
#26830000
0*
#26835000
18
b1001 =
b1000 I
1*
#26836000
b101000101010 Q
#26840000
0*
#26845000
1E
b1001 I
b10 >
08
b0 =
b1010110 B
1*
#26846000
b101000101011 Q
#26850000
0*
#26855000
b1 =
b10 J
0E
b0 I
1*
#26856000
b101000101100 Q
#26860000
0*
#26865000
b1 I
0!
b10 =
1*
#26866000
b101000101101 Q
#26870000
0*
#26875000
b11 =
0@
b10 I
1*
#26876000
b101000101110 Q
#26880000
0*
#26885000
b11 I
06
0A
17
b100 =
1*
#26886000
b101000101111 Q
#26890000
0*
#26895000
07
b101 =
b100 I
1*
#26896000
b101000110000 Q
#26900000
0*
#26905000
b101 I
b110 =
1*
#26906000
b101000110001 Q
#26910000
0*
#26915000
b111 =
b110 I
1*
#26916000
b101000110010 Q
#26920000
0*
#26925000
b111 I
b1000 =
1*
#26926000
b101000110011 Q
#26930000
0*
#26935000
18
b1001 =
b1000 I
1*
#26936000
b101000110100 Q
#26940000
0*
#26945000
1E
b1001 I
b11 >
08
b0 =
b1010010 B
1*
#26946000
b101000110101 Q
#26950000
0*
#26955000
b1 =
b11 J
0E
b0 I
1*
#26956000
b101000110110 Q
#26960000
0*
#26965000
b1 I
b10 =
1*
#26966000
b101000110111 Q
#26970000
0*
#26975000
b11 =
b10 I
1*
#26976000
b101000111000 Q
#26980000
0*
#26985000
b11 I
17
b100 =
1*
#26986000
b101000111001 Q
#26990000
0*
#26995000
07
b101 =
b100 I
1*
#26996000
b101000111010 Q
#27000000
0*
#27005000
b101 I
b110 =
1*
#27006000
b101000111011 Q
#27010000
0*
#27015000
b111 =
b110 I
1*
#27016000
b101000111100 Q
#27020000
0*
#27025000
b111 I
b1000 =
1*
#27026000
b101000111101 Q
#27030000
0*
#27035000
18
b1001 =
b1000 I
1*
#27036000
b101000111110 Q
#27040000
0*
#27045000
1E
b1001 I
b100 >
08
b0 =
1*
#27046000
b101000111111 Q
#27050000
0*
#27055000
b1 =
b100 J
0E
b0 I
1*
#27056000
b101001000000 Q
#27060000
0*
#27065000
b1 I
1!
b10 =
1*
#27066000
b101001000001 Q
#27070000
0*
#27075000
b11 =
1@
b10 I
1*
#27076000
b101001000010 Q
#27080000
0*
#27085000
b11 I
16
1A
17
b100 =
1*
#27086000
b101001000011 Q
#27090000
0*
#27095000
07
b101 =
b100 I
1*
#27096000
b101001000100 Q
#27100000
0*
#27105000
b101 I
b110 =
1*
#27106000
b101001000101 Q
#27110000
0*
#27115000
b111 =
b110 I
1*
#27116000
b101001000110 Q
#27120000
0*
#27125000
b111 I
b1000 =
1*
#27126000
b101001000111 Q
#27130000
0*
#27135000
18
b1001 =
b1000 I
1*
#27136000
b101001001000 Q
#27140000
0*
#27145000
1E
b1001 I
b101 >
08
b0 =
1*
#27146000
b101001001001 Q
#27150000
0*
#27155000
b1 =
b101 J
0E
b0 I
1*
#27156000
b101001001010 Q
#27160000
0*
#27165000
b1 I
b10 =
1*
#27166000
b101001001011 Q
#27170000
0*
#27175000
b11 =
b10 I
1*
#27176000
b101001001100 Q
#27180000
0*
#27185000
b11 I
17
b100 =
1*
#27186000
b101001001101 Q
#27190000
0*
#27195000
07
b101 =
b100 I
1*
#27196000
b101001001110 Q
#27200000
0*
#27205000
b101 I
b110 =
1*
#27206000
b101001001111 Q
#27210000
0*
#27215000
b111 =
b110 I
1*
#27216000
b101001010000 Q
#27220000
0*
#27225000
b111 I
b1000 =
1*
#27226000
b101001010001 Q
#27230000
0*
#27235000
18
b1001 =
b1000 I
1*
#27236000
b101001010010 Q
#27240000
0*
#27245000
1E
b1001 I
b110 >
08
b0 =
b1110010 B
1*
#27246000
b101001010011 Q
#27250000
0*
#27255000
b1 =
b110 J
0E
b0 I
1*
#27256000
b101001010100 Q
#27260000
0*
#27265000
b1 I
b10 =
1*
#27266000
b101001010101 Q
#27270000
0*
#27275000
b11 =
b10 I
1*
#27276000
b101001010110 Q
#27280000
0*
#27285000
b11 I
17
b100 =
1*
#27286000
b101001010111 Q
#27290000
0*
#27295000
07
b101 =
b100 I
1*
#27296000
b101001011000 Q
#27300000
0*
#27305000
b101 I
b110 =
1*
#27306000
b101001011001 Q
#27310000
0*
#27315000
b111 =
b110 I
1*
#27316000
b101001011010 Q
#27320000
0*
#27325000
b111 I
b1000 =
1*
#27326000
b101001011011 Q
#27330000
0*
#27335000
18
b1001 =
b1000 I
1*
#27336000
b101001011100 Q
#27340000
0*
#27345000
1E
b1001 I
b111 >
08
b0 =
1*
#27346000
b101001011101 Q
#27350000
0*
#27355000
b1 =
b111 J
0E
b0 I
1*
#27356000
b101001011110 Q
#27360000
0*
#27365000
b1 I
b10 =
1*
#27366000
b101001011111 Q
#27370000
0*
#27375000
b11 =
b10 I
1*
#27376000
b101001100000 Q
#27380000
0*
#27385000
b11 I
17
b100 =
1*
#27386000
b101001100001 Q
#27390000
0*
#27395000
07
b101 =
b100 I
1*
#27396000
b101001100010 Q
#27400000
0*
#27405000
b101 I
b110 =
1*
#27406000
b101001100011 Q
#27410000
0*
#27415000
b111 =
b110 I
1*
#27416000
b101001100100 Q
#27420000
0*
#27425000
b111 I
b1000 =
1*
#27426000
b101001100101 Q
#27430000
0*
#27435000
18
b1001 =
b1000 I
1*
#27436000
b101001100110 Q
#27440000
0*
#27445000
1E
b1001 I
b11 C
08
b0 =
b11110010 B
1*
#27446000
b101001100111 Q
#27450000
0*
#27455000
b1 =
b11 K
0E
b0 I
1*
#27456000
b101001101000 Q
#27460000
0*
#27465000
b1 I
b10 =
1*
#27466000
b101001101001 Q
#27470000
0*
#27475000
b11 =
b10 I
1*
#27476000
b101001101010 Q
#27480000
0*
#27485000
b11 I
17
b100 =
1*
#27486000
b101001101011 Q
#27490000
0*
#27495000
07
b101 =
b100 I
1*
#27496000
b101001101100 Q
#27500000
0*
#27505000
b101 I
b110 =
1*
#27506000
b101001101101 Q
#27510000
0*
#27515000
b111 =
b110 I
1*
#27516000
b101001101110 Q
#27520000
0*
#27525000
b111 I
b1000 =
1*
#27526000
b101001101111 Q
#27530000
0*
#27535000
18
b1001 =
b1000 I
1*
#27536000
b101001110000 Q
#27540000
0*
#27545000
1E
b1001 I
b0 C
0'
1$
b11110010 &
b11110010 3
b11110010 ?
08
b0 =
1*
#27546000
b11011 1
b101001110001 Q
#27550000
0*
#27555000
0$
b0 K
0#
1"
0E
b0 I
1*
#27560000
0*
#27565000
0"
1*
#27566000
1-
b111011 ,
b111011 2
b111011 D
b111011 P
b10011 0
#27570000
0*
#27575000
1#
b1 K
b111011 L
1*
#27576000
0-
#27580000
0*
#27585000
b1 I
0!
1*
#27586000
b101001110010 Q
#27590000
0*
#27595000
0@
b10 I
1*
#27596000
b101001110011 Q
#27600000
0*
#27605000
b11 I
06
0A
1*
#27606000
b101001110100 Q
#27610000
0*
#27615000
1'
b1 C
b100 I
1*
#27616000
b101001110101 Q
#27620000
0*
#27625000
b101 I
b1 =
1*
#27626000
b101001110110 Q
#27630000
0*
#27635000
b10 =
b110 I
1*
#27636000
b101001110111 Q
#27640000
0*
#27645000
b111 I
b11 =
1*
#27646000
b101001111000 Q
#27650000
0*
#27655000
17
b100 =
b1000 I
1*
#27656000
b101001111001 Q
#27660000
0*
#27665000
1E
b1001 I
b10 C
b0 >
07
b0 =
1*
#27666000
b101001111010 Q
#27670000
0*
#27675000
b1 =
b10 K
b0 J
0E
b0 I
1*
#27676000
b101001111011 Q
#27680000
0*
#27685000
b1 I
1!
b10 =
1*
#27686000
b101001111100 Q
#27690000
0*
#27695000
b11 =
1@
b10 I
1*
#27696000
b101001111101 Q
#27700000
0*
#27705000
b11 I
16
1A
17
b100 =
1*
#27706000
b101001111110 Q
#27710000
0*
#27715000
07
b101 =
b100 I
1*
#27716000
b101001111111 Q
#27720000
0*
#27725000
b101 I
b110 =
1*
#27726000
b101010000000 Q
#27730000
0*
#27735000
b111 =
b110 I
1*
#27736000
b101010000001 Q
#27740000
0*
#27745000
b111 I
b1000 =
1*
#27746000
b101010000010 Q
#27750000
0*
#27755000
18
b1001 =
b1000 I
1*
#27756000
b101010000011 Q
#27760000
0*
#27765000
1E
b1001 I
b1 >
08
b0 =
b11110011 B
1*
#27766000
b101010000100 Q
#27770000
0*
#27775000
b1 =
b1 J
0E
b0 I
1*
#27776000
b101010000101 Q
#27780000
0*
#27785000
b1 I
b10 =
1*
#27786000
b101010000110 Q
#27790000
0*
#27795000
b11 =
b10 I
1*
#27796000
b101010000111 Q
#27800000
0*
#27805000
b11 I
17
b100 =
1*
#27806000
b101010001000 Q
#27810000
0*
#27815000
07
b101 =
b100 I
1*
#27816000
b101010001001 Q
#27820000
0*
#27825000
b101 I
b110 =
1*
#27826000
b101010001010 Q
#27830000
0*
#27835000
b111 =
b110 I
1*
#27836000
b101010001011 Q
#27840000
0*
#27845000
b111 I
b1000 =
1*
#27846000
b101010001100 Q
#27850000
0*
#27855000
18
b1001 =
b1000 I
1*
#27856000
b101010001101 Q
#27860000
0*
#27865000
1E
b1001 I
b10 >
08
b0 =
1*
#27866000
b101010001110 Q
#27870000
0*
#27875000
b1 =
b10 J
0E
b0 I
1*
#27876000
b101010001111 Q
#27880000
0*
#27885000
b1 I
0!
b10 =
1*
#27886000
b101010010000 Q
#27890000
0*
#27895000
b11 =
0@
b10 I
1*
#27896000
b101010010001 Q
#27900000
0*
#27905000
b11 I
06
0A
17
b100 =
1*
#27906000
b101010010010 Q
#27910000
0*
#27915000
07
b101 =
b100 I
1*
#27916000
b101010010011 Q
#27920000
0*
#27925000
b101 I
b110 =
1*
#27926000
b101010010100 Q
#27930000
0*
#27935000
b111 =
b110 I
1*
#27936000
b101010010101 Q
#27940000
0*
#27945000
b111 I
b1000 =
1*
#27946000
b101010010110 Q
#27950000
0*
#27955000
18
b1001 =
b1000 I
1*
#27956000
b101010010111 Q
#27960000
0*
#27965000
1E
b1001 I
b11 >
08
b0 =
1*
#27966000
b101010011000 Q
#27970000
0*
#27975000
b1 =
b11 J
0E
b0 I
1*
#27976000
b101010011001 Q
#27980000
0*
#27985000
b1 I
1!
b10 =
1*
#27986000
b101010011010 Q
#27990000
0*
#27995000
b11 =
1@
b10 I
1*
#27996000
b101010011011 Q
#28000000
0*
#28005000
b11 I
16
1A
17
b100 =
1*
#28006000
b101010011100 Q
#28010000
0*
#28015000
07
b101 =
b100 I
1*
#28016000
b101010011101 Q
#28020000
0*
#28025000
b101 I
b110 =
1*
#28026000
b101010011110 Q
#28030000
0*
#28035000
b111 =
b110 I
1*
#28036000
b101010011111 Q
#28040000
0*
#28045000
b111 I
b1000 =
1*
#28046000
b101010100000 Q
#28050000
0*
#28055000
18
b1001 =
b1000 I
1*
#28056000
b101010100001 Q
#28060000
0*
#28065000
1E
b1001 I
b100 >
08
b0 =
b11111011 B
1*
#28066000
b101010100010 Q
#28070000
0*
#28075000
b1 =
b100 J
0E
b0 I
1*
#28076000
b101010100011 Q
#28080000
0*
#28085000
b1 I
b10 =
1*
#28086000
b101010100100 Q
#28090000
0*
#28095000
b11 =
b10 I
1*
#28096000
b101010100101 Q
#28100000
0*
#28105000
b11 I
17
b100 =
1*
#28106000
b101010100110 Q
#28110000
0*
#28115000
07
b101 =
b100 I
1*
#28116000
b101010100111 Q
#28120000
0*
#28125000
b101 I
b110 =
1*
#28126000
b101010101000 Q
#28130000
0*
#28135000
b111 =
b110 I
1*
#28136000
b101010101001 Q
#28140000
0*
#28145000
b111 I
b1000 =
1*
#28146000
b101010101010 Q
#28150000
0*
#28155000
18
b1001 =
b1000 I
1*
#28156000
b101010101011 Q
#28160000
0*
#28165000
1E
b1001 I
b101 >
08
b0 =
1*
#28166000
b101010101100 Q
#28170000
0*
#28175000
b1 =
b101 J
0E
b0 I
1*
#28176000
b101010101101 Q
#28180000
0*
#28185000
b1 I
b10 =
1*
#28186000
b101010101110 Q
#28190000
0*
#28195000
b11 =
b10 I
1*
#28196000
b101010101111 Q
#28200000
0*
#28205000
b11 I
17
b100 =
1*
#28206000
b101010110000 Q
#28210000
0*
#28215000
07
b101 =
b100 I
1*
#28216000
b101010110001 Q
#28220000
0*
#28225000
b101 I
b110 =
1*
#28226000
b101010110010 Q
#28230000
0*
#28235000
b111 =
b110 I
1*
#28236000
b101010110011 Q
#28240000
0*
#28245000
b111 I
b1000 =
1*
#28246000
b101010110100 Q
#28250000
0*
#28255000
18
b1001 =
b1000 I
1*
#28256000
b101010110101 Q
#28260000
0*
#28265000
1E
b1001 I
b110 >
08
b0 =
1*
#28266000
b101010110110 Q
#28270000
0*
#28275000
b1 =
b110 J
0E
b0 I
1*
#28276000
b101010110111 Q
#28280000
0*
#28285000
b1 I
0!
b10 =
1*
#28286000
b101010111000 Q
#28290000
0*
#28295000
b11 =
0@
b10 I
1*
#28296000
b101010111001 Q
#28300000
0*
#28305000
b11 I
06
0A
17
b100 =
1*
#28306000
b101010111010 Q
#28310000
0*
#28315000
07
b101 =
b100 I
1*
#28316000
b101010111011 Q
#28320000
0*
#28325000
b101 I
b110 =
1*
#28326000
b101010111100 Q
#28330000
0*
#28335000
b111 =
b110 I
1*
#28336000
b101010111101 Q
#28340000
0*
#28345000
b111 I
b1000 =
1*
#28346000
b101010111110 Q
#28350000
0*
#28355000
18
b1001 =
b1000 I
1*
#28356000
b101010111111 Q
#28360000
0*
#28365000
1E
b1001 I
b111 >
08
b0 =
b10111011 B
1*
#28366000
b101011000000 Q
#28370000
0*
#28375000
b1 =
b111 J
0E
b0 I
1*
#28376000
b101011000001 Q
#28380000
0*
#28385000
b1 I
b10 =
1*
#28386000
b101011000010 Q
#28390000
0*
#28395000
b11 =
b10 I
1*
#28396000
b101011000011 Q
#28400000
0*
#28405000
b11 I
17
b100 =
1*
#28406000
b101011000100 Q
#28410000
0*
#28415000
07
b101 =
b100 I
1*
#28416000
b101011000101 Q
#28420000
0*
#28425000
b101 I
b110 =
1*
#28426000
b101011000110 Q
#28430000
0*
#28435000
b111 =
b110 I
1*
#28436000
b101011000111 Q
#28440000
0*
#28445000
b111 I
b1000 =
1*
#28446000
b101011001000 Q
#28450000
0*
#28455000
18
b1001 =
b1000 I
1*
#28456000
b101011001001 Q
#28460000
0*
#28465000
1E
b1001 I
b11 C
08
b0 =
b111011 B
1*
#28466000
b101011001010 Q
#28470000
0*
#28475000
b1 =
b11 K
0E
b0 I
1*
#28476000
b101011001011 Q
#28480000
0*
#28485000
b1 I
1!
b10 =
1*
#28486000
b101011001100 Q
#28490000
0*
#28495000
b11 =
1@
b10 I
1*
#28496000
b101011001101 Q
#28500000
0*
#28505000
b11 I
16
1A
17
b100 =
1*
#28506000
b101011001110 Q
#28510000
0*
#28515000
07
b101 =
b100 I
1*
#28516000
b101011001111 Q
#28520000
0*
#28525000
b101 I
b110 =
1*
#28526000
b101011010000 Q
#28530000
0*
#28535000
b111 =
b110 I
1*
#28536000
b101011010001 Q
#28540000
0*
#28545000
b111 I
b1000 =
1*
#28546000
b101011010010 Q
#28550000
0*
#28555000
18
b1001 =
b1000 I
1*
#28556000
b101011010011 Q
#28560000
0*
#28565000
1E
b1001 I
b0 C
0'
1$
b111011 &
b111011 3
b111011 ?
08
b0 =
1*
#28566000
b11100 1
b101011010100 Q
#28570000
0*
#28575000
0$
b0 K
0#
1"
0E
b0 I
1*
#28580000
0*
#28585000
0"
1*
#28586000
1-
b1001 ,
b1001 2
b1001 D
b1001 P
b10100 0
#28590000
0*
#28595000
1#
b1 K
b1001 L
1*
#28596000
0-
#28600000
0*
#28605000
b1 I
0!
1*
#28606000
b101011010101 Q
#28610000
0*
#28615000
0@
b10 I
1*
#28616000
b101011010110 Q
#28620000
0*
#28625000
b11 I
06
0A
1*
#28626000
b101011010111 Q
#28630000
0*
#28635000
1'
b1 C
b100 I
1*
#28636000
b101011011000 Q
#28640000
0*
#28645000
b101 I
b1 =
1*
#28646000
b101011011001 Q
#28650000
0*
#28655000
b10 =
b110 I
1*
#28656000
b101011011010 Q
#28660000
0*
#28665000
b111 I
b11 =
1*
#28666000
b101011011011 Q
#28670000
0*
#28675000
17
b100 =
b1000 I
1*
#28676000
b101011011100 Q
#28680000
0*
#28685000
1E
b1001 I
b10 C
b0 >
07
b0 =
1*
#28686000
b101011011101 Q
#28690000
0*
#28695000
b1 =
b10 K
b0 J
0E
b0 I
1*
#28696000
b101011011110 Q
#28700000
0*
#28705000
b1 I
1!
b10 =
1*
#28706000
b101011011111 Q
#28710000
0*
#28715000
b11 =
1@
b10 I
1*
#28716000
b101011100000 Q
#28720000
0*
#28725000
b11 I
16
1A
17
b100 =
1*
#28726000
b101011100001 Q
#28730000
0*
#28735000
07
b101 =
b100 I
1*
#28736000
b101011100010 Q
#28740000
0*
#28745000
b101 I
b110 =
1*
#28746000
b101011100011 Q
#28750000
0*
#28755000
b111 =
b110 I
1*
#28756000
b101011100100 Q
#28760000
0*
#28765000
b111 I
b1000 =
1*
#28766000
b101011100101 Q
#28770000
0*
#28775000
18
b1001 =
b1000 I
1*
#28776000
b101011100110 Q
#28780000
0*
#28785000
1E
b1001 I
b1 >
08
b0 =
1*
#28786000
b101011100111 Q
#28790000
0*
#28795000
b1 =
b1 J
0E
b0 I
1*
#28796000
b101011101000 Q
#28800000
0*
#28805000
b1 I
0!
b10 =
1*
#28806000
b101011101001 Q
#28810000
0*
#28815000
b11 =
0@
b10 I
1*
#28816000
b101011101010 Q
#28820000
0*
#28825000
b11 I
06
0A
17
b100 =
1*
#28826000
b101011101011 Q
#28830000
0*
#28835000
07
b101 =
b100 I
1*
#28836000
b101011101100 Q
#28840000
0*
#28845000
b101 I
b110 =
1*
#28846000
b101011101101 Q
#28850000
0*
#28855000
b111 =
b110 I
1*
#28856000
b101011101110 Q
#28860000
0*
#28865000
b111 I
b1000 =
1*
#28866000
b101011101111 Q
#28870000
0*
#28875000
18
b1001 =
b1000 I
1*
#28876000
b101011110000 Q
#28880000
0*
#28885000
1E
b1001 I
b10 >
08
b0 =
b111001 B
1*
#28886000
b101011110001 Q
#28890000
0*
#28895000
b1 =
b10 J
0E
b0 I
1*
#28896000
b101011110010 Q
#28900000
0*
#28905000
b1 I
b10 =
1*
#28906000
b101011110011 Q
#28910000
0*
#28915000
b11 =
b10 I
1*
#28916000
b101011110100 Q
#28920000
0*
#28925000
b11 I
17
b100 =
1*
#28926000
b101011110101 Q
#28930000
0*
#28935000
07
b101 =
b100 I
1*
#28936000
b101011110110 Q
#28940000
0*
#28945000
b101 I
b110 =
1*
#28946000
b101011110111 Q
#28950000
0*
#28955000
b111 =
b110 I
1*
#28956000
b101011111000 Q
#28960000
0*
#28965000
b111 I
b1000 =
1*
#28966000
b101011111001 Q
#28970000
0*
#28975000
18
b1001 =
b1000 I
1*
#28976000
b101011111010 Q
#28980000
0*
#28985000
1E
b1001 I
b11 >
08
b0 =
1*
#28986000
b101011111011 Q
#28990000
0*
#28995000
b1 =
b11 J
0E
b0 I
1*
#28996000
b101011111100 Q
#29000000
0*
#29005000
b1 I
1!
b10 =
1*
#29006000
b101011111101 Q
#29010000
0*
#29015000
b11 =
1@
b10 I
1*
#29016000
b101011111110 Q
#29020000
0*
#29025000
b11 I
16
1A
17
b100 =
1*
#29026000
b101011111111 Q
#29030000
0*
#29035000
07
b101 =
b100 I
1*
#29036000
b101100000000 Q
#29040000
0*
#29045000
b101 I
b110 =
1*
#29046000
b101100000001 Q
#29050000
0*
#29055000
b111 =
b110 I
1*
#29056000
b101100000010 Q
#29060000
0*
#29065000
b111 I
b1000 =
1*
#29066000
b101100000011 Q
#29070000
0*
#29075000
18
b1001 =
b1000 I
1*
#29076000
b101100000100 Q
#29080000
0*
#29085000
1E
b1001 I
b100 >
08
b0 =
1*
#29086000
b101100000101 Q
#29090000
0*
#29095000
b1 =
b100 J
0E
b0 I
1*
#29096000
b101100000110 Q
#29100000
0*
#29105000
b1 I
0!
b10 =
1*
#29106000
b101100000111 Q
#29110000
0*
#29115000
b11 =
0@
b10 I
1*
#29116000
b101100001000 Q
#29120000
0*
#29125000
b11 I
06
0A
17
b100 =
1*
#29126000
b101100001001 Q
#29130000
0*
#29135000
07
b101 =
b100 I
1*
#29136000
b101100001010 Q
#29140000
0*
#29145000
b101 I
b110 =
1*
#29146000
b101100001011 Q
#29150000
0*
#29155000
b111 =
b110 I
1*
#29156000
b101100001100 Q
#29160000
0*
#29165000
b111 I
b1000 =
1*
#29166000
b101100001101 Q
#29170000
0*
#29175000
18
b1001 =
b1000 I
1*
#29176000
b101100001110 Q
#29180000
0*
#29185000
1E
b1001 I
b101 >
08
b0 =
b101001 B
1*
#29186000
b101100001111 Q
#29190000
0*
#29195000
b1 =
b101 J
0E
b0 I
1*
#29196000
b101100010000 Q
#29200000
0*
#29205000
b1 I
b10 =
1*
#29206000
b101100010001 Q
#29210000
0*
#29215000
b11 =
b10 I
1*
#29216000
b101100010010 Q
#29220000
0*
#29225000
b11 I
17
b100 =
1*
#29226000
b101100010011 Q
#29230000
0*
#29235000
07
b101 =
b100 I
1*
#29236000
b101100010100 Q
#29240000
0*
#29245000
b101 I
b110 =
1*
#29246000
b101100010101 Q
#29250000
0*
#29255000
b111 =
b110 I
1*
#29256000
b101100010110 Q
#29260000
0*
#29265000
b111 I
b1000 =
1*
#29266000
b101100010111 Q
#29270000
0*
#29275000
18
b1001 =
b1000 I
1*
#29276000
b101100011000 Q
#29280000
0*
#29285000
1E
b1001 I
b110 >
08
b0 =
b1001 B
1*
#29286000
b101100011001 Q
#29290000
0*
#29295000
b1 =
b110 J
0E
b0 I
1*
#29296000
b101100011010 Q
#29300000
0*
#29305000
b1 I
b10 =
1*
#29306000
b101100011011 Q
#29310000
0*
#29315000
b11 =
b10 I
1*
#29316000
b101100011100 Q
#29320000
0*
#29325000
b11 I
17
b100 =
1*
#29326000
b101100011101 Q
#29330000
0*
#29335000
07
b101 =
b100 I
1*
#29336000
b101100011110 Q
#29340000
0*
#29345000
b101 I
b110 =
1*
#29346000
b101100011111 Q
#29350000
0*
#29355000
b111 =
b110 I
1*
#29356000
b101100100000 Q
#29360000
0*
#29365000
b111 I
b1000 =
1*
#29366000
b101100100001 Q
#29370000
0*
#29375000
18
b1001 =
b1000 I
1*
#29376000
b101100100010 Q
#29380000
0*
#29385000
1E
b1001 I
b111 >
08
b0 =
1*
#29386000
b101100100011 Q
#29390000
0*
#29395000
b1 =
b111 J
0E
b0 I
1*
#29396000
b101100100100 Q
#29400000
0*
#29405000
b1 I
b10 =
1*
#29406000
b101100100101 Q
#29410000
0*
#29415000
b11 =
b10 I
1*
#29416000
b101100100110 Q
#29420000
0*
#29425000
b11 I
17
b100 =
1*
#29426000
b101100100111 Q
#29430000
0*
#29435000
07
b101 =
b100 I
1*
#29436000
b101100101000 Q
#29440000
0*
#29445000
b101 I
b110 =
1*
#29446000
b101100101001 Q
#29450000
0*
#29455000
b111 =
b110 I
1*
#29456000
b101100101010 Q
#29460000
0*
#29465000
b111 I
b1000 =
1*
#29466000
b101100101011 Q
#29470000
0*
#29475000
18
b1001 =
b1000 I
1*
#29476000
b101100101100 Q
#29480000
0*
#29485000
1E
b1001 I
b11 C
08
b0 =
1*
#29486000
b101100101101 Q
#29490000
0*
#29495000
b1 =
b11 K
0E
b0 I
1*
#29496000
b101100101110 Q
#29500000
0*
#29505000
b1 I
1!
b10 =
1*
#29506000
b101100101111 Q
#29510000
0*
#29515000
b11 =
1@
b10 I
1*
#29516000
b101100110000 Q
#29520000
0*
#29525000
b11 I
16
1A
17
b100 =
1*
#29526000
b101100110001 Q
#29530000
0*
#29535000
07
b101 =
b100 I
1*
#29536000
b101100110010 Q
#29540000
0*
#29545000
b101 I
b110 =
1*
#29546000
b101100110011 Q
#29550000
0*
#29555000
b111 =
b110 I
1*
#29556000
b101100110100 Q
#29560000
0*
#29565000
b111 I
b1000 =
1*
#29566000
b101100110101 Q
#29570000
0*
#29575000
18
b1001 =
b1000 I
1*
#29576000
b101100110110 Q
#29580000
0*
#29585000
1E
b1001 I
b0 C
0'
1$
b1001 &
b1001 3
b1001 ?
08
b0 =
1*
#29586000
b11101 1
b101100110111 Q
#29590000
0*
#29595000
0$
b0 K
0#
1"
0E
b0 I
1*
#29600000
0*
#29605000
0"
1*
#29606000
1-
b11000111 ,
b11000111 2
b11000111 D
b11000111 P
b10101 0
#29610000
0*
#29615000
1#
b1 K
b11000111 L
1*
#29616000
0-
#29620000
0*
#29625000
b1 I
0!
1*
#29626000
b101100111000 Q
#29630000
0*
#29635000
0@
b10 I
1*
#29636000
b101100111001 Q
#29640000
0*
#29645000
b11 I
06
0A
1*
#29646000
b101100111010 Q
#29650000
0*
#29655000
1'
b1 C
b100 I
1*
#29656000
b101100111011 Q
#29660000
0*
#29665000
b101 I
b1 =
1*
#29666000
b101100111100 Q
#29670000
0*
#29675000
b10 =
b110 I
1*
#29676000
b101100111101 Q
#29680000
0*
#29685000
b111 I
b11 =
1*
#29686000
b101100111110 Q
#29690000
0*
#29695000
17
b100 =
b1000 I
1*
#29696000
b101100111111 Q
#29700000
0*
#29705000
1E
b1001 I
b10 C
b0 >
07
b0 =
1*
#29706000
b101101000000 Q
#29710000
0*
#29715000
b1 =
b10 K
b0 J
0E
b0 I
1*
#29716000
b101101000001 Q
#29720000
0*
#29725000
b1 I
1!
b10 =
1*
#29726000
b101101000010 Q
#29730000
0*
#29735000
b11 =
1@
b10 I
1*
#29736000
b101101000011 Q
#29740000
0*
#29745000
b11 I
16
1A
17
b100 =
1*
#29746000
b101101000100 Q
#29750000
0*
#29755000
07
b101 =
b100 I
1*
#29756000
b101101000101 Q
#29760000
0*
#29765000
b101 I
b110 =
1*
#29766000
b101101000110 Q
#29770000
0*
#29775000
b111 =
b110 I
1*
#29776000
b101101000111 Q
#29780000
0*
#29785000
b111 I
b1000 =
1*
#29786000
b101101001000 Q
#29790000
0*
#29795000
18
b1001 =
b1000 I
1*
#29796000
b101101001001 Q
#29800000
0*
#29805000
1E
b1001 I
b1 >
08
b0 =
1*
#29806000
b101101001010 Q
#29810000
0*
#29815000
b1 =
b1 J
0E
b0 I
1*
#29816000
b101101001011 Q
#29820000
0*
#29825000
b1 I
b10 =
1*
#29826000
b101101001100 Q
#29830000
0*
#29835000
b11 =
b10 I
1*
#29836000
b101101001101 Q
#29840000
0*
#29845000
b11 I
17
b100 =
1*
#29846000
b101101001110 Q
#29850000
0*
#29855000
07
b101 =
b100 I
1*
#29856000
b101101001111 Q
#29860000
0*
#29865000
b101 I
b110 =
1*
#29866000
b101101010000 Q
#29870000
0*
#29875000
b111 =
b110 I
1*
#29876000
b101101010001 Q
#29880000
0*
#29885000
b111 I
b1000 =
1*
#29886000
b101101010010 Q
#29890000
0*
#29895000
18
b1001 =
b1000 I
1*
#29896000
b101101010011 Q
#29900000
0*
#29905000
1E
b1001 I
b10 >
08
b0 =
b1011 B
1*
#29906000
b101101010100 Q
#29910000
0*
#29915000
b1 =
b10 J
0E
b0 I
1*
#29916000
b101101010101 Q
#29920000
0*
#29925000
b1 I
b10 =
1*
#29926000
b101101010110 Q
#29930000
0*
#29935000
b11 =
b10 I
1*
#29936000
b101101010111 Q
#29940000
0*
#29945000
b11 I
17
b100 =
1*
#29946000
b101101011000 Q
#29950000
0*
#29955000
07
b101 =
b100 I
1*
#29956000
b101101011001 Q
#29960000
0*
#29965000
b101 I
b110 =
1*
#29966000
b101101011010 Q
#29970000
0*
#29975000
b111 =
b110 I
1*
#29976000
b101101011011 Q
#29980000
0*
#29985000
b111 I
b1000 =
1*
#29986000
b101101011100 Q
#29990000
0*
#29995000
18
b1001 =
b1000 I
1*
#29996000
b101101011101 Q
#30000000
0*
#30005000
1E
b1001 I
b11 >
08
b0 =
b1111 B
1*
#30006000
b101101011110 Q
#30010000
0*
#30015000
b1 =
b11 J
0E
b0 I
1*
#30016000
b101101011111 Q
#30020000
0*
#30025000
b1 I
0!
b10 =
1*
#30026000
b101101100000 Q
#30030000
0*
#30035000
b11 =
0@
b10 I
1*
#30036000
b101101100001 Q
#30040000
0*
#30045000
b11 I
06
0A
17
b100 =
1*
#30046000
b101101100010 Q
#30050000
0*
#30055000
07
b101 =
b100 I
1*
#30056000
b101101100011 Q
#30060000
0*
#30065000
b101 I
b110 =
1*
#30066000
b101101100100 Q
#30070000
0*
#30075000
b111 =
b110 I
1*
#30076000
b101101100101 Q
#30080000
0*
#30085000
b111 I
b1000 =
1*
#30086000
b101101100110 Q
#30090000
0*
#30095000
18
b1001 =
b1000 I
1*
#30096000
b101101100111 Q
#30100000
0*
#30105000
1E
b1001 I
b100 >
08
b0 =
b111 B
1*
#30106000
b101101101000 Q
#30110000
0*
#30115000
b1 =
b100 J
0E
b0 I
1*
#30116000
b101101101001 Q
#30120000
0*
#30125000
b1 I
b10 =
1*
#30126000
b101101101010 Q
#30130000
0*
#30135000
b11 =
b10 I
1*
#30136000
b101101101011 Q
#30140000
0*
#30145000
b11 I
17
b100 =
1*
#30146000
b101101101100 Q
#30150000
0*
#30155000
07
b101 =
b100 I
1*
#30156000
b101101101101 Q
#30160000
0*
#30165000
b101 I
b110 =
1*
#30166000
b101101101110 Q
#30170000
0*
#30175000
b111 =
b110 I
1*
#30176000
b101101101111 Q
#30180000
0*
#30185000
b111 I
b1000 =
1*
#30186000
b101101110000 Q
#30190000
0*
#30195000
18
b1001 =
b1000 I
1*
#30196000
b101101110001 Q
#30200000
0*
#30205000
1E
b1001 I
b101 >
08
b0 =
1*
#30206000
b101101110010 Q
#30210000
0*
#30215000
b1 =
b101 J
0E
b0 I
1*
#30216000
b101101110011 Q
#30220000
0*
#30225000
b1 I
b10 =
1*
#30226000
b101101110100 Q
#30230000
0*
#30235000
b11 =
b10 I
1*
#30236000
b101101110101 Q
#30240000
0*
#30245000
b11 I
17
b100 =
1*
#30246000
b101101110110 Q
#30250000
0*
#30255000
07
b101 =
b100 I
1*
#30256000
b101101110111 Q
#30260000
0*
#30265000
b101 I
b110 =
1*
#30266000
b101101111000 Q
#30270000
0*
#30275000
b111 =
b110 I
1*
#30276000
b101101111001 Q
#30280000
0*
#30285000
b111 I
b1000 =
1*
#30286000
b101101111010 Q
#30290000
0*
#30295000
18
b1001 =
b1000 I
1*
#30296000
b101101111011 Q
#30300000
0*
#30305000
1E
b1001 I
b110 >
08
b0 =
1*
#30306000
b101101111100 Q
#30310000
0*
#30315000
b1 =
b110 J
0E
b0 I
1*
#30316000
b101101111101 Q
#30320000
0*
#30325000
b1 I
1!
b10 =
1*
#30326000
b101101111110 Q
#30330000
0*
#30335000
b11 =
1@
b10 I
1*
#30336000
b101101111111 Q
#30340000
0*
#30345000
b11 I
16
1A
17
b100 =
1*
#30346000
b101110000000 Q
#30350000
0*
#30355000
07
b101 =
b100 I
1*
#30356000
b101110000001 Q
#30360000
0*
#30365000
b101 I
b110 =
1*
#30366000
b101110000010 Q
#30370000
0*
#30375000
b111 =
b110 I
1*
#30376000
b101110000011 Q
#30380000
0*
#30385000
b111 I
b1000 =
1*
#30386000
b101110000100 Q
#30390000
0*
#30395000
18
b1001 =
b1000 I
1*
#30396000
b101110000101 Q
#30400000
0*
#30405000
1E
b1001 I
b111 >
08
b0 =
b1000111 B
1*
#30406000
b101110000110 Q
#30410000
0*
#30415000
b1 =
b111 J
0E
b0 I
1*
#30416000
b101110000111 Q
#30420000
0*
#30425000
b1 I
b10 =
1*
#30426000
b101110001000 Q
#30430000
0*
#30435000
b11 =
b10 I
1*
#30436000
b101110001001 Q
#30440000
0*
#30445000
b11 I
17
b100 =
1*
#30446000
b101110001010 Q
#30450000
0*
#30455000
07
b101 =
b100 I
1*
#30456000
b101110001011 Q
#30460000
0*
#30465000
b101 I
b110 =
1*
#30466000
b101110001100 Q
#30470000
0*
#30475000
b111 =
b110 I
1*
#30476000
b101110001101 Q
#30480000
0*
#30485000
b111 I
b1000 =
1*
#30486000
b101110001110 Q
#30490000
0*
#30495000
18
b1001 =
b1000 I
1*
#30496000
b101110001111 Q
#30500000
0*
#30505000
1E
b1001 I
b11 C
08
b0 =
b11000111 B
1*
#30506000
b101110010000 Q
#30510000
0*
#30515000
b1 =
b11 K
0E
b0 I
1*
#30516000
b101110010001 Q
#30520000
0*
#30525000
b1 I
b10 =
1*
#30526000
b101110010010 Q
#30530000
0*
#30535000
b11 =
b10 I
1*
#30536000
b101110010011 Q
#30540000
0*
#30545000
b11 I
17
b100 =
1*
#30546000
b101110010100 Q
#30550000
0*
#30555000
07
b101 =
b100 I
1*
#30556000
b101110010101 Q
#30560000
0*
#30565000
b101 I
b110 =
1*
#30566000
b101110010110 Q
#30570000
0*
#30575000
b111 =
b110 I
1*
#30576000
b101110010111 Q
#30580000
0*
#30585000
b111 I
b1000 =
1*
#30586000
b101110011000 Q
#30590000
0*
#30595000
18
b1001 =
b1000 I
1*
#30596000
b101110011001 Q
#30600000
0*
#30605000
1E
b1001 I
b0 C
0'
1$
b11000111 &
b11000111 3
b11000111 ?
08
b0 =
1*
#30606000
b11110 1
b101110011010 Q
#30610000
0*
#30615000
0$
b0 K
0#
1"
0E
b0 I
1*
#30620000
0*
#30625000
0"
1*
#30626000
1-
b11111001 ,
b11111001 2
b11111001 D
b11111001 P
b10110 0
#30630000
0*
#30635000
1#
b1 K
b11111001 L
1*
#30636000
0-
#30640000
0*
#30645000
b1 I
0!
1*
#30646000
b101110011011 Q
#30650000
0*
#30655000
0@
b10 I
1*
#30656000
b101110011100 Q
#30660000
0*
#30665000
b11 I
06
0A
1*
#30666000
b101110011101 Q
#30670000
0*
#30675000
1'
b1 C
b100 I
1*
#30676000
b101110011110 Q
#30680000
0*
#30685000
b101 I
b1 =
1*
#30686000
b101110011111 Q
#30690000
0*
#30695000
b10 =
b110 I
1*
#30696000
b101110100000 Q
#30700000
0*
#30705000
b111 I
b11 =
1*
#30706000
b101110100001 Q
#30710000
0*
#30715000
17
b100 =
b1000 I
1*
#30716000
b101110100010 Q
#30720000
0*
#30725000
1E
b1001 I
b10 C
b0 >
07
b0 =
1*
#30726000
b101110100011 Q
#30730000
0*
#30735000
b1 =
b10 K
b0 J
0E
b0 I
1*
#30736000
b101110100100 Q
#30740000
0*
#30745000
b1 I
1!
b10 =
1*
#30746000
b101110100101 Q
#30750000
0*
#30755000
b11 =
1@
b10 I
1*
#30756000
b101110100110 Q
#30760000
0*
#30765000
b11 I
16
1A
17
b100 =
1*
#30766000
b101110100111 Q
#30770000
0*
#30775000
07
b101 =
b100 I
1*
#30776000
b101110101000 Q
#30780000
0*
#30785000
b101 I
b110 =
1*
#30786000
b101110101001 Q
#30790000
0*
#30795000
b111 =
b110 I
1*
#30796000
b101110101010 Q
#30800000
0*
#30805000
b111 I
b1000 =
1*
#30806000
b101110101011 Q
#30810000
0*
#30815000
18
b1001 =
b1000 I
1*
#30816000
b101110101100 Q
#30820000
0*
#30825000
1E
b1001 I
b1 >
08
b0 =
1*
#30826000
b101110101101 Q
#30830000
0*
#30835000
b1 =
b1 J
0E
b0 I
1*
#30836000
b101110101110 Q
#30840000
0*
#30845000
b1 I
0!
b10 =
1*
#30846000
b101110101111 Q
#30850000
0*
#30855000
b11 =
0@
b10 I
1*
#30856000
b101110110000 Q
#30860000
0*
#30865000
b11 I
06
0A
17
b100 =
1*
#30866000
b101110110001 Q
#30870000
0*
#30875000
07
b101 =
b100 I
1*
#30876000
b101110110010 Q
#30880000
0*
#30885000
b101 I
b110 =
1*
#30886000
b101110110011 Q
#30890000
0*
#30895000
b111 =
b110 I
1*
#30896000
b101110110100 Q
#30900000
0*
#30905000
b111 I
b1000 =
1*
#30906000
b101110110101 Q
#30910000
0*
#30915000
18
b1001 =
b1000 I
1*
#30916000
b101110110110 Q
#30920000
0*
#30925000
1E
b1001 I
b10 >
08
b0 =
b11000101 B
1*
#30926000
b101110110111 Q
#30930000
0*
#30935000
b1 =
b10 J
0E
b0 I
1*
#30936000
b101110111000 Q
#30940000
0*
#30945000
b1 I
b10 =
1*
#30946000
b101110111001 Q
#30950000
0*
#30955000
b11 =
b10 I
1*
#30956000
b101110111010 Q
#30960000
0*
#30965000
b11 I
17
b100 =
1*
#30966000
b101110111011 Q
#30970000
0*
#30975000
07
b101 =
b100 I
1*
#30976000
b101110111100 Q
#30980000
0*
#30985000
b101 I
b110 =
1*
#30986000
b101110111101 Q
#30990000
0*
#30995000
b111 =
b110 I
1*
#30996000
b101110111110 Q
#31000000
0*
#31005000
b111 I
b1000 =
1*
#31006000
b101110111111 Q
#31010000
0*
#31015000
18
b1001 =
b1000 I
1*
#31016000
b101111000000 Q
#31020000
0*
#31025000
1E
b1001 I
b11 >
08
b0 =
b11000001 B
1*
#31026000
b101111000001 Q
#31030000
0*
#31035000
b1 =
b11 J
0E
b0 I
1*
#31036000
b101111000010 Q
#31040000
0*
#31045000
b1 I
1!
b10 =
1*
#31046000
b101111000011 Q
#31050000
0*
#31055000
b11 =
1@
b10 I
1*
#31056000
b101111000100 Q
#31060000
0*
#31065000
b11 I
16
1A
17
b100 =
1*
#31066000
b101111000101 Q
#31070000
0*
#31075000
07
b101 =
b100 I
1*
#31076000
b101111000110 Q
#31080000
0*
#31085000
b101 I
b110 =
1*
#31086000
b101111000111 Q
#31090000
0*
#31095000
b111 =
b110 I
1*
#31096000
b101111001000 Q
#31100000
0*
#31105000
b111 I
b1000 =
1*
#31106000
b101111001001 Q
#31110000
0*
#31115000
18
b1001 =
b1000 I
1*
#31116000
b101111001010 Q
#31120000
0*
#31125000
1E
b1001 I
b100 >
08
b0 =
b11001001 B
1*
#31126000
b101111001011 Q
#31130000
0*
#31135000
b1 =
b100 J
0E
b0 I
1*
#31136000
b101111001100 Q
#31140000
0*
#31145000
b1 I
b10 =
1*
#31146000
b101111001101 Q
#31150000
0*
#31155000
b11 =
b10 I
1*
#31156000
b101111001110 Q
#31160000
0*
#31165000
b11 I
17
b100 =
1*
#31166000
b101111001111 Q
#31170000
0*
#31175000
07
b101 =
b100 I
1*
#31176000
b101111010000 Q
#31180000
0*
#31185000
b101 I
b110 =
1*
#31186000
b101111010001 Q
#31190000
0*
#31195000
b111 =
b110 I
1*
#31196000
b101111010010 Q
#31200000
0*
#31205000
b111 I
b1000 =
1*
#31206000
b101111010011 Q
#31210000
0*
#31215000
18
b1001 =
b1000 I
1*
#31216000
b101111010100 Q
#31220000
0*
#31225000
1E
b1001 I
b101 >
08
b0 =
b11011001 B
1*
#31226000
b101111010101 Q
#31230000
0*
#31235000
b1 =
b101 J
0E
b0 I
1*
#31236000
b101111010110 Q
#31240000
0*
#31245000
b1 I
b10 =
1*
#31246000
b101111010111 Q
#31250000
0*
#31255000
b11 =
b10 I
1*
#31256000
b101111011000 Q
#31260000
0*
#31265000
b11 I
17
b100 =
1*
#31266000
b101111011001 Q
#31270000
0*
#31275000
07
b101 =
b100 I
1*
#31276000
b101111011010 Q
#31280000
0*
#31285000
b101 I
b110 =
1*
#31286000
b101111011011 Q
#31290000
0*
#31295000
b111 =
b110 I
1*
#31296000
b101111011100 Q
#31300000
0*
#31305000
b111 I
b1000 =
1*
#31306000
b101111011101 Q
#31310000
0*
#31315000
18
b1001 =
b1000 I
1*
#31316000
b101111011110 Q
#31320000
0*
#31325000
1E
b1001 I
b110 >
08
b0 =
b11111001 B
1*
#31326000
b101111011111 Q
#31330000
0*
#31335000
b1 =
b110 J
0E
b0 I
1*
#31336000
b101111100000 Q
#31340000
0*
#31345000
b1 I
b10 =
1*
#31346000
b101111100001 Q
#31350000
0*
#31355000
b11 =
b10 I
1*
#31356000
b101111100010 Q
#31360000
0*
#31365000
b11 I
17
b100 =
1*
#31366000
b101111100011 Q
#31370000
0*
#31375000
07
b101 =
b100 I
1*
#31376000
b101111100100 Q
#31380000
0*
#31385000
b101 I
b110 =
1*
#31386000
b101111100101 Q
#31390000
0*
#31395000
b111 =
b110 I
1*
#31396000
b101111100110 Q
#31400000
0*
#31405000
b111 I
b1000 =
1*
#31406000
b101111100111 Q
#31410000
0*
#31415000
18
b1001 =
b1000 I
1*
#31416000
b101111101000 Q
#31420000
0*
#31425000
1E
b1001 I
b111 >
08
b0 =
1*
#31426000
b101111101001 Q
#31430000
0*
#31435000
b1 =
b111 J
0E
b0 I
1*
#31436000
b101111101010 Q
#31440000
0*
#31445000
b1 I
b10 =
1*
#31446000
b101111101011 Q
#31450000
0*
#31455000
b11 =
b10 I
1*
#31456000
b101111101100 Q
#31460000
0*
#31465000
b11 I
17
b100 =
1*
#31466000
b101111101101 Q
#31470000
0*
#31475000
07
b101 =
b100 I
1*
#31476000
b101111101110 Q
#31480000
0*
#31485000
b101 I
b110 =
1*
#31486000
b101111101111 Q
#31490000
0*
#31495000
b111 =
b110 I
1*
#31496000
b101111110000 Q
#31500000
0*
#31505000
b111 I
b1000 =
1*
#31506000
b101111110001 Q
#31510000
0*
#31515000
18
b1001 =
b1000 I
1*
#31516000
b101111110010 Q
#31520000
0*
#31525000
1E
b1001 I
b11 C
08
b0 =
1*
#31526000
b101111110011 Q
#31530000
0*
#31535000
b1 =
b11 K
0E
b0 I
1*
#31536000
b101111110100 Q
#31540000
0*
#31545000
b1 I
b10 =
1*
#31546000
b101111110101 Q
#31550000
0*
#31555000
b11 =
b10 I
1*
#31556000
b101111110110 Q
#31560000
0*
#31565000
b11 I
17
b100 =
1*
#31566000
b101111110111 Q
#31570000
0*
#31575000
07
b101 =
b100 I
1*
#31576000
b101111111000 Q
#31580000
0*
#31585000
b101 I
b110 =
1*
#31586000
b101111111001 Q
#31590000
0*
#31595000
b111 =
b110 I
1*
#31596000
b101111111010 Q
#31600000
0*
#31605000
b111 I
b1000 =
1*
#31606000
b101111111011 Q
#31610000
0*
#31615000
18
b1001 =
b1000 I
1*
#31616000
b101111111100 Q
#31620000
0*
#31625000
1E
b1001 I
b0 C
0'
1$
b11111001 &
b11111001 3
b11111001 ?
08
b0 =
1*
#31626000
b11111 1
b101111111101 Q
#31630000
0*
#31635000
0$
b0 K
0#
1"
0E
b0 I
1*
#31640000
0*
#31645000
0"
1*
#31646000
1-
b1100111 ,
b1100111 2
b1100111 D
b1100111 P
b10111 0
#31650000
0*
#31655000
1#
b1 K
b1100111 L
1*
#31656000
0-
#31660000
0*
#31665000
b1 I
0!
1*
#31666000
b101111111110 Q
#31670000
0*
#31675000
0@
b10 I
1*
#31676000
b101111111111 Q
#31680000
0*
#31685000
b11 I
06
0A
1*
#31686000
b110000000000 Q
#31690000
0*
#31695000
1'
b1 C
b100 I
1*
#31696000
b110000000001 Q
#31700000
0*
#31705000
b101 I
b1 =
1*
#31706000
b110000000010 Q
#31710000
0*
#31715000
b10 =
b110 I
1*
#31716000
b110000000011 Q
#31720000
0*
#31725000
b111 I
b11 =
1*
#31726000
b110000000100 Q
#31730000
0*
#31735000
17
b100 =
b1000 I
1*
#31736000
b110000000101 Q
#31740000
0*
#31745000
1E
b1001 I
b10 C
b0 >
07
b0 =
1*
#31746000
b110000000110 Q
#31750000
0*
#31755000
b1 =
b10 K
b0 J
0E
b0 I
1*
#31756000
b110000000111 Q
#31760000
0*
#31765000
b1 I
1!
b10 =
1*
#31766000
b110000001000 Q
#31770000
0*
#31775000
b11 =
1@
b10 I
1*
#31776000
b110000001001 Q
#31780000
0*
#31785000
b11 I
16
1A
17
b100 =
1*
#31786000
b110000001010 Q
#31790000
0*
#31795000
07
b101 =
b100 I
1*
#31796000
b110000001011 Q
#31800000
0*
#31805000
b101 I
b110 =
1*
#31806000
b110000001100 Q
#31810000
0*
#31815000
b111 =
b110 I
1*
#31816000
b110000001101 Q
#31820000
0*
#31825000
b111 I
b1000 =
1*
#31826000
b110000001110 Q
#31830000
0*
#31835000
18
b1001 =
b1000 I
1*
#31836000
b110000001111 Q
#31840000
0*
#31845000
1E
b1001 I
b1 >
08
b0 =
1*
#31846000
b110000010000 Q
#31850000
0*
#31855000
b1 =
b1 J
0E
b0 I
1*
#31856000
b110000010001 Q
#31860000
0*
#31865000
b1 I
b10 =
1*
#31866000
b110000010010 Q
#31870000
0*
#31875000
b11 =
b10 I
1*
#31876000
b110000010011 Q
#31880000
0*
#31885000
b11 I
17
b100 =
1*
#31886000
b110000010100 Q
#31890000
0*
#31895000
07
b101 =
b100 I
1*
#31896000
b110000010101 Q
#31900000
0*
#31905000
b101 I
b110 =
1*
#31906000
b110000010110 Q
#31910000
0*
#31915000
b111 =
b110 I
1*
#31916000
b110000010111 Q
#31920000
0*
#31925000
b111 I
b1000 =
1*
#31926000
b110000011000 Q
#31930000
0*
#31935000
18
b1001 =
b1000 I
1*
#31936000
b110000011001 Q
#31940000
0*
#31945000
1E
b1001 I
b10 >
08
b0 =
b11111011 B
1*
#31946000
b110000011010 Q
#31950000
0*
#31955000
b1 =
b10 J
0E
b0 I
1*
#31956000
b110000011011 Q
#31960000
0*
#31965000
b1 I
b10 =
1*
#31966000
b110000011100 Q
#31970000
0*
#31975000
b11 =
b10 I
1*
#31976000
b110000011101 Q
#31980000
0*
#31985000
b11 I
17
b100 =
1*
#31986000
b110000011110 Q
#31990000
0*
#31995000
07
b101 =
b100 I
1*
#31996000
b110000011111 Q
#32000000
0*
#32005000
b101 I
b110 =
1*
#32006000
b110000100000 Q
#32010000
0*
#32015000
b111 =
b110 I
1*
#32016000
b110000100001 Q
#32020000
0*
#32025000
b111 I
b1000 =
1*
#32026000
b110000100010 Q
#32030000
0*
#32035000
18
b1001 =
b1000 I
1*
#32036000
b110000100011 Q
#32040000
0*
#32045000
1E
b1001 I
b11 >
08
b0 =
b11111111 B
1*
#32046000
b110000100100 Q
#32050000
0*
#32055000
b1 =
b11 J
0E
b0 I
1*
#32056000
b110000100101 Q
#32060000
0*
#32065000
b1 I
0!
b10 =
1*
#32066000
b110000100110 Q
#32070000
0*
#32075000
b11 =
0@
b10 I
1*
#32076000
b110000100111 Q
#32080000
0*
#32085000
b11 I
06
0A
17
b100 =
1*
#32086000
b110000101000 Q
#32090000
0*
#32095000
07
b101 =
b100 I
1*
#32096000
b110000101001 Q
#32100000
0*
#32105000
b101 I
b110 =
1*
#32106000
b110000101010 Q
#32110000
0*
#32115000
b111 =
b110 I
1*
#32116000
b110000101011 Q
#32120000
0*
#32125000
b111 I
b1000 =
1*
#32126000
b110000101100 Q
#32130000
0*
#32135000
18
b1001 =
b1000 I
1*
#32136000
b110000101101 Q
#32140000
0*
#32145000
1E
b1001 I
b100 >
08
b0 =
b11110111 B
1*
#32146000
b110000101110 Q
#32150000
0*
#32155000
b1 =
b100 J
0E
b0 I
1*
#32156000
b110000101111 Q
#32160000
0*
#32165000
b1 I
b10 =
1*
#32166000
b110000110000 Q
#32170000
0*
#32175000
b11 =
b10 I
1*
#32176000
b110000110001 Q
#32180000
0*
#32185000
b11 I
17
b100 =
1*
#32186000
b110000110010 Q
#32190000
0*
#32195000
07
b101 =
b100 I
1*
#32196000
b110000110011 Q
#32200000
0*
#32205000
b101 I
b110 =
1*
#32206000
b110000110100 Q
#32210000
0*
#32215000
b111 =
b110 I
1*
#32216000
b110000110101 Q
#32220000
0*
#32225000
b111 I
b1000 =
1*
#32226000
b110000110110 Q
#32230000
0*
#32235000
18
b1001 =
b1000 I
1*
#32236000
b110000110111 Q
#32240000
0*
#32245000
1E
b1001 I
b101 >
08
b0 =
b11100111 B
1*
#32246000
b110000111000 Q
#32250000
0*
#32255000
b1 =
b101 J
0E
b0 I
1*
#32256000
b110000111001 Q
#32260000
0*
#32265000
b1 I
1!
b10 =
1*
#32266000
b110000111010 Q
#32270000
0*
#32275000
b11 =
1@
b10 I
1*
#32276000
b110000111011 Q
#32280000
0*
#32285000
b11 I
16
1A
17
b100 =
1*
#32286000
b110000111100 Q
#32290000
0*
#32295000
07
b101 =
b100 I
1*
#32296000
b110000111101 Q
#32300000
0*
#32305000
b101 I
b110 =
1*
#32306000
b110000111110 Q
#32310000
0*
#32315000
b111 =
b110 I
1*
#32316000
b110000111111 Q
#32320000
0*
#32325000
b111 I
b1000 =
1*
#32326000
b110001000000 Q
#32330000
0*
#32335000
18
b1001 =
b1000 I
1*
#32336000
b110001000001 Q
#32340000
0*
#32345000
1E
b1001 I
b110 >
08
b0 =
1*
#32346000
b110001000010 Q
#32350000
0*
#32355000
b1 =
b110 J
0E
b0 I
1*
#32356000
b110001000011 Q
#32360000
0*
#32365000
b1 I
b10 =
1*
#32366000
b110001000100 Q
#32370000
0*
#32375000
b11 =
b10 I
1*
#32376000
b110001000101 Q
#32380000
0*
#32385000
b11 I
17
b100 =
1*
#32386000
b110001000110 Q
#32390000
0*
#32395000
07
b101 =
b100 I
1*
#32396000
b110001000111 Q
#32400000
0*
#32405000
b101 I
b110 =
1*
#32406000
b110001001000 Q
#32410000
0*
#32415000
b111 =
b110 I
1*
#32416000
b110001001001 Q
#32420000
0*
#32425000
b111 I
b1000 =
1*
#32426000
b110001001010 Q
#32430000
0*
#32435000
18
b1001 =
b1000 I
1*
#32436000
b110001001011 Q
#32440000
0*
#32445000
1E
b1001 I
b111 >
08
b0 =
1*
#32446000
b110001001100 Q
#32450000
0*
#32455000
b1 =
b111 J
0E
b0 I
1*
#32456000
b110001001101 Q
#32460000
0*
#32465000
b1 I
0!
b10 =
1*
#32466000
b110001001110 Q
#32470000
0*
#32475000
b11 =
0@
b10 I
1*
#32476000
b110001001111 Q
#32480000
0*
#32485000
b11 I
06
0A
17
b100 =
1*
#32486000
b110001010000 Q
#32490000
0*
#32495000
07
b101 =
b100 I
1*
#32496000
b110001010001 Q
#32500000
0*
#32505000
b101 I
b110 =
1*
#32506000
b110001010010 Q
#32510000
0*
#32515000
b111 =
b110 I
1*
#32516000
b110001010011 Q
#32520000
0*
#32525000
b111 I
b1000 =
1*
#32526000
b110001010100 Q
#32530000
0*
#32535000
18
b1001 =
b1000 I
1*
#32536000
b110001010101 Q
#32540000
0*
#32545000
1E
b1001 I
b11 C
08
b0 =
b1100111 B
1*
#32546000
b110001010110 Q
#32550000
0*
#32555000
b1 =
b11 K
0E
b0 I
1*
#32556000
b110001010111 Q
#32560000
0*
#32565000
b1 I
1!
b10 =
1*
#32566000
b110001011000 Q
#32570000
0*
#32575000
b11 =
1@
b10 I
1*
#32576000
b110001011001 Q
#32580000
0*
#32585000
b11 I
16
1A
17
b100 =
1*
#32586000
b110001011010 Q
#32590000
0*
#32595000
07
b101 =
b100 I
1*
#32596000
b110001011011 Q
#32600000
0*
#32605000
b101 I
b110 =
1*
#32606000
b110001011100 Q
#32610000
0*
#32615000
b111 =
b110 I
1*
#32616000
b110001011101 Q
#32620000
0*
#32625000
b111 I
b1000 =
1*
#32626000
b110001011110 Q
#32630000
0*
#32635000
18
b1001 =
b1000 I
1*
#32636000
b110001011111 Q
#32640000
0*
#32645000
1E
b1001 I
b0 C
0'
1$
b1100111 &
b1100111 3
b1100111 ?
08
b0 =
1*
#32646000
b100000 1
b110001100000 Q
#32650000
0*
#32655000
0$
b0 K
0#
1"
0E
b0 I
1*
#32660000
0*
#32665000
0"
1*
#32666000
1-
b1110100 ,
b1110100 2
b1110100 D
b1110100 P
b11000 0
#32670000
0*
#32675000
1#
b1 K
b1110100 L
1*
#32676000
0-
#32680000
0*
#32685000
b1 I
0!
1*
#32686000
b110001100001 Q
#32690000
0*
#32695000
0@
b10 I
1*
#32696000
b110001100010 Q
#32700000
0*
#32705000
b11 I
06
0A
1*
#32706000
b110001100011 Q
#32710000
0*
#32715000
1'
b1 C
b100 I
1*
#32716000
b110001100100 Q
#32720000
0*
#32725000
b101 I
b1 =
1*
#32726000
b110001100101 Q
#32730000
0*
#32735000
b10 =
b110 I
1*
#32736000
b110001100110 Q
#32740000
0*
#32745000
b111 I
b11 =
1*
#32746000
b110001100111 Q
#32750000
0*
#32755000
17
b100 =
b1000 I
1*
#32756000
b110001101000 Q
#32760000
0*
#32765000
1E
b1001 I
b10 C
b0 >
07
b0 =
1*
#32766000
b110001101001 Q
#32770000
0*
#32775000
b1 =
b10 K
b0 J
0E
b0 I
1*
#32776000
b110001101010 Q
#32780000
0*
#32785000
b1 I
b10 =
1*
#32786000
b110001101011 Q
#32790000
0*
#32795000
b11 =
b10 I
1*
#32796000
b110001101100 Q
#32800000
0*
#32805000
b11 I
17
b100 =
1*
#32806000
b110001101101 Q
#32810000
0*
#32815000
07
b101 =
b100 I
1*
#32816000
b110001101110 Q
#32820000
0*
#32825000
b101 I
b110 =
1*
#32826000
b110001101111 Q
#32830000
0*
#32835000
b111 =
b110 I
1*
#32836000
b110001110000 Q
#32840000
0*
#32845000
b111 I
b1000 =
1*
#32846000
b110001110001 Q
#32850000
0*
#32855000
18
b1001 =
b1000 I
1*
#32856000
b110001110010 Q
#32860000
0*
#32865000
1E
b1001 I
b1 >
08
b0 =
b1100110 B
1*
#32866000
b110001110011 Q
#32870000
0*
#32875000
b1 =
b1 J
0E
b0 I
1*
#32876000
b110001110100 Q
#32880000
0*
#32885000
b1 I
b10 =
1*
#32886000
b110001110101 Q
#32890000
0*
#32895000
b11 =
b10 I
1*
#32896000
b110001110110 Q
#32900000
0*
#32905000
b11 I
17
b100 =
1*
#32906000
b110001110111 Q
#32910000
0*
#32915000
07
b101 =
b100 I
1*
#32916000
b110001111000 Q
#32920000
0*
#32925000
b101 I
b110 =
1*
#32926000
b110001111001 Q
#32930000
0*
#32935000
b111 =
b110 I
1*
#32936000
b110001111010 Q
#32940000
0*
#32945000
b111 I
b1000 =
1*
#32946000
b110001111011 Q
#32950000
0*
#32955000
18
b1001 =
b1000 I
1*
#32956000
b110001111100 Q
#32960000
0*
#32965000
1E
b1001 I
b10 >
08
b0 =
b1100100 B
1*
#32966000
b110001111101 Q
#32970000
0*
#32975000
b1 =
b10 J
0E
b0 I
1*
#32976000
b110001111110 Q
#32980000
0*
#32985000
b1 I
1!
b10 =
1*
#32986000
b110001111111 Q
#32990000
0*
#32995000
b11 =
1@
b10 I
1*
#32996000
b110010000000 Q
#33000000
0*
#33005000
b11 I
16
1A
17
b100 =
1*
#33006000
b110010000001 Q
#33010000
0*
#33015000
07
b101 =
b100 I
1*
#33016000
b110010000010 Q
#33020000
0*
#33025000
b101 I
b110 =
1*
#33026000
b110010000011 Q
#33030000
0*
#33035000
b111 =
b110 I
1*
#33036000
b110010000100 Q
#33040000
0*
#33045000
b111 I
b1000 =
1*
#33046000
b110010000101 Q
#33050000
0*
#33055000
18
b1001 =
b1000 I
1*
#33056000
b110010000110 Q
#33060000
0*
#33065000
1E
b1001 I
b11 >
08
b0 =
1*
#33066000
b110010000111 Q
#33070000
0*
#33075000
b1 =
b11 J
0E
b0 I
1*
#33076000
b110010001000 Q
#33080000
0*
#33085000
b1 I
0!
b10 =
1*
#33086000
b110010001001 Q
#33090000
0*
#33095000
b11 =
0@
b10 I
1*
#33096000
b110010001010 Q
#33100000
0*
#33105000
b11 I
06
0A
17
b100 =
1*
#33106000
b110010001011 Q
#33110000
0*
#33115000
07
b101 =
b100 I
1*
#33116000
b110010001100 Q
#33120000
0*
#33125000
b101 I
b110 =
1*
#33126000
b110010001101 Q
#33130000
0*
#33135000
b111 =
b110 I
1*
#33136000
b110010001110 Q
#33140000
0*
#33145000
b111 I
b1000 =
1*
#33146000
b110010001111 Q
#33150000
0*
#33155000
18
b1001 =
b1000 I
1*
#33156000
b110010010000 Q
#33160000
0*
#33165000
1E
b1001 I
b100 >
08
b0 =
1*
#33166000
b110010010001 Q
#33170000
0*
#33175000
b1 =
b100 J
0E
b0 I
1*
#33176000
b110010010010 Q
#33180000
0*
#33185000
b1 I
1!
b10 =
1*
#33186000
b110010010011 Q
#33190000
0*
#33195000
b11 =
1@
b10 I
1*
#33196000
b110010010100 Q
#33200000
0*
#33205000
b11 I
16
1A
17
b100 =
1*
#33206000
b110010010101 Q
#33210000
0*
#33215000
07
b101 =
b100 I
1*
#33216000
b110010010110 Q
#33220000
0*
#33225000
b101 I
b110 =
1*
#33226000
b110010010111 Q
#33230000
0*
#33235000
b111 =
b110 I
1*
#33236000
b110010011000 Q
#33240000
0*
#33245000
b111 I
b1000 =
1*
#33246000
b110010011001 Q
#33250000
0*
#33255000
18
b1001 =
b1000 I
1*
#33256000
b110010011010 Q
#33260000
0*
#33265000
1E
b1001 I
b101 >
08
b0 =
b1110100 B
1*
#33266000
b110010011011 Q
#33270000
0*
#33275000
b1 =
b101 J
0E
b0 I
1*
#33276000
b110010011100 Q
#33280000
0*
#33285000
b1 I
b10 =
1*
#33286000
b110010011101 Q
#33290000
0*
#33295000
b11 =
b10 I
1*
#33296000
b110010011110 Q
#33300000
0*
#33305000
b11 I
17
b100 =
1*
#33306000
b110010011111 Q
#33310000
0*
#33315000
07
b101 =
b100 I
1*
#33316000
b110010100000 Q
#33320000
0*
#33325000
b101 I
b110 =
1*
#33326000
b110010100001 Q
#33330000
0*
#33335000
b111 =
b110 I
1*
#33336000
b110010100010 Q
#33340000
0*
#33345000
b111 I
b1000 =
1*
#33346000
b110010100011 Q
#33350000
0*
#33355000
18
b1001 =
b1000 I
1*
#33356000
b110010100100 Q
#33360000
0*
#33365000
1E
b1001 I
b110 >
08
b0 =
1*
#33366000
b110010100101 Q
#33370000
0*
#33375000
b1 =
b110 J
0E
b0 I
1*
#33376000
b110010100110 Q
#33380000
0*
#33385000
b1 I
b10 =
1*
#33386000
b110010100111 Q
#33390000
0*
#33395000
b11 =
b10 I
1*
#33396000
b110010101000 Q
#33400000
0*
#33405000
b11 I
17
b100 =
1*
#33406000
b110010101001 Q
#33410000
0*
#33415000
07
b101 =
b100 I
1*
#33416000
b110010101010 Q
#33420000
0*
#33425000
b101 I
b110 =
1*
#33426000
b110010101011 Q
#33430000
0*
#33435000
b111 =
b110 I
1*
#33436000
b110010101100 Q
#33440000
0*
#33445000
b111 I
b1000 =
1*
#33446000
b110010101101 Q
#33450000
0*
#33455000
18
b1001 =
b1000 I
1*
#33456000
b110010101110 Q
#33460000
0*
#33465000
1E
b1001 I
b111 >
08
b0 =
1*
#33466000
b110010101111 Q
#33470000
0*
#33475000
b1 =
b111 J
0E
b0 I
1*
#33476000
b110010110000 Q
#33480000
0*
#33485000
b1 I
0!
b10 =
1*
#33486000
b110010110001 Q
#33490000
0*
#33495000
b11 =
0@
b10 I
1*
#33496000
b110010110010 Q
#33500000
0*
#33505000
b11 I
06
0A
17
b100 =
1*
#33506000
b110010110011 Q
#33510000
0*
#33515000
07
b101 =
b100 I
1*
#33516000
b110010110100 Q
#33520000
0*
#33525000
b101 I
b110 =
1*
#33526000
b110010110101 Q
#33530000
0*
#33535000
b111 =
b110 I
1*
#33536000
b110010110110 Q
#33540000
0*
#33545000
b111 I
b1000 =
1*
#33546000
b110010110111 Q
#33550000
0*
#33555000
18
b1001 =
b1000 I
1*
#33556000
b110010111000 Q
#33560000
0*
#33565000
1E
b1001 I
b11 C
08
b0 =
1*
#33566000
b110010111001 Q
#33570000
0*
#33575000
b1 =
b11 K
0E
b0 I
1*
#33576000
b110010111010 Q
#33580000
0*
#33585000
b1 I
1!
b10 =
1*
#33586000
b110010111011 Q
#33590000
0*
#33595000
b11 =
1@
b10 I
1*
#33596000
b110010111100 Q
#33600000
0*
#33605000
b11 I
16
1A
17
b100 =
1*
#33606000
b110010111101 Q
#33610000
0*
#33615000
07
b101 =
b100 I
1*
#33616000
b110010111110 Q
#33620000
0*
#33625000
b101 I
b110 =
1*
#33626000
b110010111111 Q
#33630000
0*
#33635000
b111 =
b110 I
1*
#33636000
b110011000000 Q
#33640000
0*
#33645000
b111 I
b1000 =
1*
#33646000
b110011000001 Q
#33650000
0*
#33655000
18
b1001 =
b1000 I
1*
#33656000
b110011000010 Q
#33660000
0*
#33665000
1E
b1001 I
b0 C
0'
1$
b1110100 &
b1110100 3
b1110100 ?
08
b0 =
1*
#33666000
b100001 1
b110011000011 Q
#33670000
0*
#33675000
0$
b0 K
0#
1"
0E
b0 I
1*
#33680000
0*
#33685000
0"
1*
#33686000
1-
b1100010 ,
b1100010 2
b1100010 D
b1100010 P
b11001 0
#33690000
0*
#33695000
1#
b1 K
b1100010 L
1*
#33696000
0-
#33700000
0*
#33705000
b1 I
0!
1*
#33706000
b110011000100 Q
#33710000
0*
#33715000
0@
b10 I
1*
#33716000
b110011000101 Q
#33720000
0*
#33725000
b11 I
06
0A
1*
#33726000
b110011000110 Q
#33730000
0*
#33735000
1'
b1 C
b100 I
1*
#33736000
b110011000111 Q
#33740000
0*
#33745000
b101 I
b1 =
1*
#33746000
b110011001000 Q
#33750000
0*
#33755000
b10 =
b110 I
1*
#33756000
b110011001001 Q
#33760000
0*
#33765000
b111 I
b11 =
1*
#33766000
b110011001010 Q
#33770000
0*
#33775000
17
b100 =
b1000 I
1*
#33776000
b110011001011 Q
#33780000
0*
#33785000
1E
b1001 I
b10 C
b0 >
07
b0 =
1*
#33786000
b110011001100 Q
#33790000
0*
#33795000
b1 =
b10 K
b0 J
0E
b0 I
1*
#33796000
b110011001101 Q
#33800000
0*
#33805000
b1 I
b10 =
1*
#33806000
b110011001110 Q
#33810000
0*
#33815000
b11 =
b10 I
1*
#33816000
b110011001111 Q
#33820000
0*
#33825000
b11 I
17
b100 =
1*
#33826000
b110011010000 Q
#33830000
0*
#33835000
07
b101 =
b100 I
1*
#33836000
b110011010001 Q
#33840000
0*
#33845000
b101 I
b110 =
1*
#33846000
b110011010010 Q
#33850000
0*
#33855000
b111 =
b110 I
1*
#33856000
b110011010011 Q
#33860000
0*
#33865000
b111 I
b1000 =
1*
#33866000
b110011010100 Q
#33870000
0*
#33875000
18
b1001 =
b1000 I
1*
#33876000
b110011010101 Q
#33880000
0*
#33885000
1E
b1001 I
b1 >
08
b0 =
1*
#33886000
b110011010110 Q
#33890000
0*
#33895000
b1 =
b1 J
0E
b0 I
1*
#33896000
b110011010111 Q
#33900000
0*
#33905000
b1 I
1!
b10 =
1*
#33906000
b110011011000 Q
#33910000
0*
#33915000
b11 =
1@
b10 I
1*
#33916000
b110011011001 Q
#33920000
0*
#33925000
b11 I
16
1A
17
b100 =
1*
#33926000
b110011011010 Q
#33930000
0*
#33935000
07
b101 =
b100 I
1*
#33936000
b110011011011 Q
#33940000
0*
#33945000
b101 I
b110 =
1*
#33946000
b110011011100 Q
#33950000
0*
#33955000
b111 =
b110 I
1*
#33956000
b110011011101 Q
#33960000
0*
#33965000
b111 I
b1000 =
1*
#33966000
b110011011110 Q
#33970000
0*
#33975000
18
b1001 =
b1000 I
1*
#33976000
b110011011111 Q
#33980000
0*
#33985000
1E
b1001 I
b10 >
08
b0 =
b1110110 B
1*
#33986000
b110011100000 Q
#33990000
0*
#33995000
b1 =
b10 J
0E
b0 I
1*
#33996000
b110011100001 Q
#34000000
0*
#34005000
b1 I
0!
b10 =
1*
#34006000
b110011100010 Q
#34010000
0*
#34015000
b11 =
0@
b10 I
1*
#34016000
b110011100011 Q
#34020000
0*
#34025000
b11 I
06
0A
17
b100 =
1*
#34026000
b110011100100 Q
#34030000
0*
#34035000
07
b101 =
b100 I
1*
#34036000
b110011100101 Q
#34040000
0*
#34045000
b101 I
b110 =
1*
#34046000
b110011100110 Q
#34050000
0*
#34055000
b111 =
b110 I
1*
#34056000
b110011100111 Q
#34060000
0*
#34065000
b111 I
b1000 =
1*
#34066000
b110011101000 Q
#34070000
0*
#34075000
18
b1001 =
b1000 I
1*
#34076000
b110011101001 Q
#34080000
0*
#34085000
1E
b1001 I
b11 >
08
b0 =
b1110010 B
1*
#34086000
b110011101010 Q
#34090000
0*
#34095000
b1 =
b11 J
0E
b0 I
1*
#34096000
b110011101011 Q
#34100000
0*
#34105000
b1 I
b10 =
1*
#34106000
b110011101100 Q
#34110000
0*
#34115000
b11 =
b10 I
1*
#34116000
b110011101101 Q
#34120000
0*
#34125000
b11 I
17
b100 =
1*
#34126000
b110011101110 Q
#34130000
0*
#34135000
07
b101 =
b100 I
1*
#34136000
b110011101111 Q
#34140000
0*
#34145000
b101 I
b110 =
1*
#34146000
b110011110000 Q
#34150000
0*
#34155000
b111 =
b110 I
1*
#34156000
b110011110001 Q
#34160000
0*
#34165000
b111 I
b1000 =
1*
#34166000
b110011110010 Q
#34170000
0*
#34175000
18
b1001 =
b1000 I
1*
#34176000
b110011110011 Q
#34180000
0*
#34185000
1E
b1001 I
b100 >
08
b0 =
1*
#34186000
b110011110100 Q
#34190000
0*
#34195000
b1 =
b100 J
0E
b0 I
1*
#34196000
b110011110101 Q
#34200000
0*
#34205000
b1 I
b10 =
1*
#34206000
b110011110110 Q
#34210000
0*
#34215000
b11 =
b10 I
1*
#34216000
b110011110111 Q
#34220000
0*
#34225000
b11 I
17
b100 =
1*
#34226000
b110011111000 Q
#34230000
0*
#34235000
07
b101 =
b100 I
1*
#34236000
b110011111001 Q
#34240000
0*
#34245000
b101 I
b110 =
1*
#34246000
b110011111010 Q
#34250000
0*
#34255000
b111 =
b110 I
1*
#34256000
b110011111011 Q
#34260000
0*
#34265000
b111 I
b1000 =
1*
#34266000
b110011111100 Q
#34270000
0*
#34275000
18
b1001 =
b1000 I
1*
#34276000
b110011111101 Q
#34280000
0*
#34285000
1E
b1001 I
b101 >
08
b0 =
b1100010 B
1*
#34286000
b110011111110 Q
#34290000
0*
#34295000
b1 =
b101 J
0E
b0 I
1*
#34296000
b110011111111 Q
#34300000
0*
#34305000
b1 I
1!
b10 =
1*
#34306000
b110100000000 Q
#34310000
0*
#34315000
b11 =
1@
b10 I
1*
#34316000
b110100000001 Q
#34320000
0*
#34325000
b11 I
16
1A
17
b100 =
1*
#34326000
b110100000010 Q
#34330000
0*
#34335000
07
b101 =
b100 I
1*
#34336000
b110100000011 Q
#34340000
0*
#34345000
b101 I
b110 =
1*
#34346000
b110100000100 Q
#34350000
0*
#34355000
b111 =
b110 I
1*
#34356000
b110100000101 Q
#34360000
0*
#34365000
b111 I
b1000 =
1*
#34366000
b110100000110 Q
#34370000
0*
#34375000
18
b1001 =
b1000 I
1*
#34376000
b110100000111 Q
#34380000
0*
#34385000
1E
b1001 I
b110 >
08
b0 =
1*
#34386000
b110100001000 Q
#34390000
0*
#34395000
b1 =
b110 J
0E
b0 I
1*
#34396000
b110100001001 Q
#34400000
0*
#34405000
b1 I
b10 =
1*
#34406000
b110100001010 Q
#34410000
0*
#34415000
b11 =
b10 I
1*
#34416000
b110100001011 Q
#34420000
0*
#34425000
b11 I
17
b100 =
1*
#34426000
b110100001100 Q
#34430000
0*
#34435000
07
b101 =
b100 I
1*
#34436000
b110100001101 Q
#34440000
0*
#34445000
b101 I
b110 =
1*
#34446000
b110100001110 Q
#34450000
0*
#34455000
b111 =
b110 I
1*
#34456000
b110100001111 Q
#34460000
0*
#34465000
b111 I
b1000 =
1*
#34466000
b110100010000 Q
#34470000
0*
#34475000
18
b1001 =
b1000 I
1*
#34476000
b110100010001 Q
#34480000
0*
#34485000
1E
b1001 I
b111 >
08
b0 =
1*
#34486000
b110100010010 Q
#34490000
0*
#34495000
b1 =
b111 J
0E
b0 I
1*
#34496000
b110100010011 Q
#34500000
0*
#34505000
b1 I
0!
b10 =
1*
#34506000
b110100010100 Q
#34510000
0*
#34515000
b11 =
0@
b10 I
1*
#34516000
b110100010101 Q
#34520000
0*
#34525000
b11 I
06
0A
17
b100 =
1*
#34526000
b110100010110 Q
#34530000
0*
#34535000
07
b101 =
b100 I
1*
#34536000
b110100010111 Q
#34540000
0*
#34545000
b101 I
b110 =
1*
#34546000
b110100011000 Q
#34550000
0*
#34555000
b111 =
b110 I
1*
#34556000
b110100011001 Q
#34560000
0*
#34565000
b111 I
b1000 =
1*
#34566000
b110100011010 Q
#34570000
0*
#34575000
18
b1001 =
b1000 I
1*
#34576000
b110100011011 Q
#34580000
0*
#34585000
1E
b1001 I
b11 C
08
b0 =
1*
#34586000
b110100011100 Q
#34590000
0*
#34595000
b1 =
b11 K
0E
b0 I
1*
#34596000
b110100011101 Q
#34600000
0*
#34605000
b1 I
1!
b10 =
1*
#34606000
b110100011110 Q
#34610000
0*
#34615000
b11 =
1@
b10 I
1*
#34616000
b110100011111 Q
#34620000
0*
#34625000
b11 I
16
1A
17
b100 =
1*
#34626000
b110100100000 Q
#34630000
0*
#34635000
07
b101 =
b100 I
1*
#34636000
b110100100001 Q
#34640000
0*
#34645000
b101 I
b110 =
1*
#34646000
b110100100010 Q
#34650000
0*
#34655000
b111 =
b110 I
1*
#34656000
b110100100011 Q
#34660000
0*
#34665000
b111 I
b1000 =
1*
#34666000
b110100100100 Q
#34670000
0*
#34675000
18
b1001 =
b1000 I
1*
#34676000
b110100100101 Q
#34680000
0*
#34685000
1E
b1001 I
b0 C
0'
1$
b1100010 &
b1100010 3
b1100010 ?
08
b0 =
1*
#34686000
b100010 1
b110100100110 Q
#34690000
0*
#34695000
0$
b0 K
0#
1"
0E
b0 I
1*
#34700000
0*
#34705000
0"
1*
#34706000
1-
b10101110 ,
b10101110 2
b10101110 D
b10101110 P
b11010 0
#34710000
0*
#34715000
1#
b1 K
b10101110 L
1*
#34716000
0-
#34720000
0*
#34725000
b1 I
0!
1*
#34726000
b110100100111 Q
#34730000
0*
#34735000
0@
b10 I
1*
#34736000
b110100101000 Q
#34740000
0*
#34745000
b11 I
06
0A
1*
#34746000
b110100101001 Q
#34750000
0*
#34755000
1'
b1 C
b100 I
1*
#34756000
b110100101010 Q
#34760000
0*
#34765000
b101 I
b1 =
1*
#34766000
b110100101011 Q
#34770000
0*
#34775000
b10 =
b110 I
1*
#34776000
b110100101100 Q
#34780000
0*
#34785000
b111 I
b11 =
1*
#34786000
b110100101101 Q
#34790000
0*
#34795000
17
b100 =
b1000 I
1*
#34796000
b110100101110 Q
#34800000
0*
#34805000
1E
b1001 I
b10 C
b0 >
07
b0 =
1*
#34806000
b110100101111 Q
#34810000
0*
#34815000
b1 =
b10 K
b0 J
0E
b0 I
1*
#34816000
b110100110000 Q
#34820000
0*
#34825000
b1 I
b10 =
1*
#34826000
b110100110001 Q
#34830000
0*
#34835000
b11 =
b10 I
1*
#34836000
b110100110010 Q
#34840000
0*
#34845000
b11 I
17
b100 =
1*
#34846000
b110100110011 Q
#34850000
0*
#34855000
07
b101 =
b100 I
1*
#34856000
b110100110100 Q
#34860000
0*
#34865000
b101 I
b110 =
1*
#34866000
b110100110101 Q
#34870000
0*
#34875000
b111 =
b110 I
1*
#34876000
b110100110110 Q
#34880000
0*
#34885000
b111 I
b1000 =
1*
#34886000
b110100110111 Q
#34890000
0*
#34895000
18
b1001 =
b1000 I
1*
#34896000
b110100111000 Q
#34900000
0*
#34905000
1E
b1001 I
b1 >
08
b0 =
1*
#34906000
b110100111001 Q
#34910000
0*
#34915000
b1 =
b1 J
0E
b0 I
1*
#34916000
b110100111010 Q
#34920000
0*
#34925000
b1 I
1!
b10 =
1*
#34926000
b110100111011 Q
#34930000
0*
#34935000
b11 =
1@
b10 I
1*
#34936000
b110100111100 Q
#34940000
0*
#34945000
b11 I
16
1A
17
b100 =
1*
#34946000
b110100111101 Q
#34950000
0*
#34955000
07
b101 =
b100 I
1*
#34956000
b110100111110 Q
#34960000
0*
#34965000
b101 I
b110 =
1*
#34966000
b110100111111 Q
#34970000
0*
#34975000
b111 =
b110 I
1*
#34976000
b110101000000 Q
#34980000
0*
#34985000
b111 I
b1000 =
1*
#34986000
b110101000001 Q
#34990000
0*
#34995000
18
b1001 =
b1000 I
1*
#34996000
b110101000010 Q
#35000000
0*
#35005000
1E
b1001 I
b10 >
08
b0 =
1*
#35006000
b110101000011 Q
#35010000
0*
#35015000
b1 =
b10 J
0E
b0 I
1*
#35016000
b110101000100 Q
#35020000
0*
#35025000
b1 I
b10 =
1*
#35026000
b110101000101 Q
#35030000
0*
#35035000
b11 =
b10 I
1*
#35036000
b110101000110 Q
#35040000
0*
#35045000
b11 I
17
b100 =
1*
#35046000
b110101000111 Q
#35050000
0*
#35055000
07
b101 =
b100 I
1*
#35056000
b110101001000 Q
#35060000
0*
#35065000
b101 I
b110 =
1*
#35066000
b110101001001 Q
#35070000
0*
#35075000
b111 =
b110 I
1*
#35076000
b110101001010 Q
#35080000
0*
#35085000
b111 I
b1000 =
1*
#35086000
b110101001011 Q
#35090000
0*
#35095000
18
b1001 =
b1000 I
1*
#35096000
b110101001100 Q
#35100000
0*
#35105000
1E
b1001 I
b11 >
08
b0 =
b1100110 B
1*
#35106000
b110101001101 Q
#35110000
0*
#35115000
b1 =
b11 J
0E
b0 I
1*
#35116000
b110101001110 Q
#35120000
0*
#35125000
b1 I
b10 =
1*
#35126000
b110101001111 Q
#35130000
0*
#35135000
b11 =
b10 I
1*
#35136000
b110101010000 Q
#35140000
0*
#35145000
b11 I
17
b100 =
1*
#35146000
b110101010001 Q
#35150000
0*
#35155000
07
b101 =
b100 I
1*
#35156000
b110101010010 Q
#35160000
0*
#35165000
b101 I
b110 =
1*
#35166000
b110101010011 Q
#35170000
0*
#35175000
b111 =
b110 I
1*
#35176000
b110101010100 Q
#35180000
0*
#35185000
b111 I
b1000 =
1*
#35186000
b110101010101 Q
#35190000
0*
#35195000
18
b1001 =
b1000 I
1*
#35196000
b110101010110 Q
#35200000
0*
#35205000
1E
b1001 I
b100 >
08
b0 =
b1101110 B
1*
#35206000
b110101010111 Q
#35210000
0*
#35215000
b1 =
b100 J
0E
b0 I
1*
#35216000
b110101011000 Q
#35220000
0*
#35225000
b1 I
0!
b10 =
1*
#35226000
b110101011001 Q
#35230000
0*
#35235000
b11 =
0@
b10 I
1*
#35236000
b110101011010 Q
#35240000
0*
#35245000
b11 I
06
0A
17
b100 =
1*
#35246000
b110101011011 Q
#35250000
0*
#35255000
07
b101 =
b100 I
1*
#35256000
b110101011100 Q
#35260000
0*
#35265000
b101 I
b110 =
1*
#35266000
b110101011101 Q
#35270000
0*
#35275000
b111 =
b110 I
1*
#35276000
b110101011110 Q
#35280000
0*
#35285000
b111 I
b1000 =
1*
#35286000
b110101011111 Q
#35290000
0*
#35295000
18
b1001 =
b1000 I
1*
#35296000
b110101100000 Q
#35300000
0*
#35305000
1E
b1001 I
b101 >
08
b0 =
1*
#35306000
b110101100001 Q
#35310000
0*
#35315000
b1 =
b101 J
0E
b0 I
1*
#35316000
b110101100010 Q
#35320000
0*
#35325000
b1 I
1!
b10 =
1*
#35326000
b110101100011 Q
#35330000
0*
#35335000
b11 =
1@
b10 I
1*
#35336000
b110101100100 Q
#35340000
0*
#35345000
b11 I
16
1A
17
b100 =
1*
#35346000
b110101100101 Q
#35350000
0*
#35355000
07
b101 =
b100 I
1*
#35356000
b110101100110 Q
#35360000
0*
#35365000
b101 I
b110 =
1*
#35366000
b110101100111 Q
#35370000
0*
#35375000
b111 =
b110 I
1*
#35376000
b110101101000 Q
#35380000
0*
#35385000
b111 I
b1000 =
1*
#35386000
b110101101001 Q
#35390000
0*
#35395000
18
b1001 =
b1000 I
1*
#35396000
b110101101010 Q
#35400000
0*
#35405000
1E
b1001 I
b110 >
08
b0 =
1*
#35406000
b110101101011 Q
#35410000
0*
#35415000
b1 =
b110 J
0E
b0 I
1*
#35416000
b110101101100 Q
#35420000
0*
#35425000
b1 I
0!
b10 =
1*
#35426000
b110101101101 Q
#35430000
0*
#35435000
b11 =
0@
b10 I
1*
#35436000
b110101101110 Q
#35440000
0*
#35445000
b11 I
06
0A
17
b100 =
1*
#35446000
b110101101111 Q
#35450000
0*
#35455000
07
b101 =
b100 I
1*
#35456000
b110101110000 Q
#35460000
0*
#35465000
b101 I
b110 =
1*
#35466000
b110101110001 Q
#35470000
0*
#35475000
b111 =
b110 I
1*
#35476000
b110101110010 Q
#35480000
0*
#35485000
b111 I
b1000 =
1*
#35486000
b110101110011 Q
#35490000
0*
#35495000
18
b1001 =
b1000 I
1*
#35496000
b110101110100 Q
#35500000
0*
#35505000
1E
b1001 I
b111 >
08
b0 =
b101110 B
1*
#35506000
b110101110101 Q
#35510000
0*
#35515000
b1 =
b111 J
0E
b0 I
1*
#35516000
b110101110110 Q
#35520000
0*
#35525000
b1 I
1!
b10 =
1*
#35526000
b110101110111 Q
#35530000
0*
#35535000
b11 =
1@
b10 I
1*
#35536000
b110101111000 Q
#35540000
0*
#35545000
b11 I
16
1A
17
b100 =
1*
#35546000
b110101111001 Q
#35550000
0*
#35555000
07
b101 =
b100 I
1*
#35556000
b110101111010 Q
#35560000
0*
#35565000
b101 I
b110 =
1*
#35566000
b110101111011 Q
#35570000
0*
#35575000
b111 =
b110 I
1*
#35576000
b110101111100 Q
#35580000
0*
#35585000
b111 I
b1000 =
1*
#35586000
b110101111101 Q
#35590000
0*
#35595000
18
b1001 =
b1000 I
1*
#35596000
b110101111110 Q
#35600000
0*
#35605000
1E
b1001 I
b11 C
08
b0 =
b10101110 B
1*
#35606000
b110101111111 Q
#35610000
0*
#35615000
b1 =
b11 K
0E
b0 I
1*
#35616000
b110110000000 Q
#35620000
0*
#35625000
b1 I
b10 =
1*
#35626000
b110110000001 Q
#35630000
0*
#35635000
b11 =
b10 I
1*
#35636000
b110110000010 Q
#35640000
0*
#35645000
b11 I
17
b100 =
1*
#35646000
b110110000011 Q
#35650000
0*
#35655000
07
b101 =
b100 I
1*
#35656000
b110110000100 Q
#35660000
0*
#35665000
b101 I
b110 =
1*
#35666000
b110110000101 Q
#35670000
0*
#35675000
b111 =
b110 I
1*
#35676000
b110110000110 Q
#35680000
0*
#35685000
b111 I
b1000 =
1*
#35686000
b110110000111 Q
#35690000
0*
#35695000
18
b1001 =
b1000 I
1*
#35696000
b110110001000 Q
#35700000
0*
#35705000
1E
b1001 I
b0 C
0'
1$
b10101110 &
b10101110 3
b10101110 ?
08
b0 =
1*
#35706000
b100011 1
b110110001001 Q
#35710000
0*
#35715000
0$
b0 K
0#
1"
0E
b0 I
1*
#35720000
0*
#35725000
0"
1*
#35726000
1-
b1011110 ,
b1011110 2
b1011110 D
b1011110 P
b11011 0
#35730000
0*
#35735000
1#
b1 K
b1011110 L
1*
#35736000
0-
#35740000
0*
#35745000
b1 I
0!
1*
#35746000
b110110001010 Q
#35750000
0*
#35755000
0@
b10 I
1*
#35756000
b110110001011 Q
#35760000
0*
#35765000
b11 I
06
0A
1*
#35766000
b110110001100 Q
#35770000
0*
#35775000
1'
b1 C
b100 I
1*
#35776000
b110110001101 Q
#35780000
0*
#35785000
b101 I
b1 =
1*
#35786000
b110110001110 Q
#35790000
0*
#35795000
b10 =
b110 I
1*
#35796000
b110110001111 Q
#35800000
0*
#35805000
b111 I
b11 =
1*
#35806000
b110110010000 Q
#35810000
0*
#35815000
17
b100 =
b1000 I
1*
#35816000
b110110010001 Q
#35820000
0*
#35825000
1E
b1001 I
b10 C
b0 >
07
b0 =
1*
#35826000
b110110010010 Q
#35830000
0*
#35835000
b1 =
b10 K
b0 J
0E
b0 I
1*
#35836000
b110110010011 Q
#35840000
0*
#35845000
b1 I
b10 =
1*
#35846000
b110110010100 Q
#35850000
0*
#35855000
b11 =
b10 I
1*
#35856000
b110110010101 Q
#35860000
0*
#35865000
b11 I
17
b100 =
1*
#35866000
b110110010110 Q
#35870000
0*
#35875000
07
b101 =
b100 I
1*
#35876000
b110110010111 Q
#35880000
0*
#35885000
b101 I
b110 =
1*
#35886000
b110110011000 Q
#35890000
0*
#35895000
b111 =
b110 I
1*
#35896000
b110110011001 Q
#35900000
0*
#35905000
b111 I
b1000 =
1*
#35906000
b110110011010 Q
#35910000
0*
#35915000
18
b1001 =
b1000 I
1*
#35916000
b110110011011 Q
#35920000
0*
#35925000
1E
b1001 I
b1 >
08
b0 =
1*
#35926000
b110110011100 Q
#35930000
0*
#35935000
b1 =
b1 J
0E
b0 I
1*
#35936000
b110110011101 Q
#35940000
0*
#35945000
b1 I
1!
b10 =
1*
#35946000
b110110011110 Q
#35950000
0*
#35955000
b11 =
1@
b10 I
1*
#35956000
b110110011111 Q
#35960000
0*
#35965000
b11 I
16
1A
17
b100 =
1*
#35966000
b110110100000 Q
#35970000
0*
#35975000
07
b101 =
b100 I
1*
#35976000
b110110100001 Q
#35980000
0*
#35985000
b101 I
b110 =
1*
#35986000
b110110100010 Q
#35990000
0*
#35995000
b111 =
b110 I
1*
#35996000
b110110100011 Q
#36000000
0*
#36005000
b111 I
b1000 =
1*
#36006000
b110110100100 Q
#36010000
0*
#36015000
18
b1001 =
b1000 I
1*
#36016000
b110110100101 Q
#36020000
0*
#36025000
1E
b1001 I
b10 >
08
b0 =
1*
#36026000
b110110100110 Q
#36030000
0*
#36035000
b1 =
b10 J
0E
b0 I
1*
#36036000
b110110100111 Q
#36040000
0*
#36045000
b1 I
b10 =
1*
#36046000
b110110101000 Q
#36050000
0*
#36055000
b11 =
b10 I
1*
#36056000
b110110101001 Q
#36060000
0*
#36065000
b11 I
17
b100 =
1*
#36066000
b110110101010 Q
#36070000
0*
#36075000
07
b101 =
b100 I
1*
#36076000
b110110101011 Q
#36080000
0*
#36085000
b101 I
b110 =
1*
#36086000
b110110101100 Q
#36090000
0*
#36095000
b111 =
b110 I
1*
#36096000
b110110101101 Q
#36100000
0*
#36105000
b111 I
b1000 =
1*
#36106000
b110110101110 Q
#36110000
0*
#36115000
18
b1001 =
b1000 I
1*
#36116000
b110110101111 Q
#36120000
0*
#36125000
1E
b1001 I
b11 >
08
b0 =
1*
#36126000
b110110110000 Q
#36130000
0*
#36135000
b1 =
b11 J
0E
b0 I
1*
#36136000
b110110110001 Q
#36140000
0*
#36145000
b1 I
b10 =
1*
#36146000
b110110110010 Q
#36150000
0*
#36155000
b11 =
b10 I
1*
#36156000
b110110110011 Q
#36160000
0*
#36165000
b11 I
17
b100 =
1*
#36166000
b110110110100 Q
#36170000
0*
#36175000
07
b101 =
b100 I
1*
#36176000
b110110110101 Q
#36180000
0*
#36185000
b101 I
b110 =
1*
#36186000
b110110110110 Q
#36190000
0*
#36195000
b111 =
b110 I
1*
#36196000
b110110110111 Q
#36200000
0*
#36205000
b111 I
b1000 =
1*
#36206000
b110110111000 Q
#36210000
0*
#36215000
18
b1001 =
b1000 I
1*
#36216000
b110110111001 Q
#36220000
0*
#36225000
1E
b1001 I
b100 >
08
b0 =
1*
#36226000
b110110111010 Q
#36230000
0*
#36235000
b1 =
b100 J
0E
b0 I
1*
#36236000
b110110111011 Q
#36240000
0*
#36245000
b1 I
b10 =
1*
#36246000
b110110111100 Q
#36250000
0*
#36255000
b11 =
b10 I
1*
#36256000
b110110111101 Q
#36260000
0*
#36265000
b11 I
17
b100 =
1*
#36266000
b110110111110 Q
#36270000
0*
#36275000
07
b101 =
b100 I
1*
#36276000
b110110111111 Q
#36280000
0*
#36285000
b101 I
b110 =
1*
#36286000
b110111000000 Q
#36290000
0*
#36295000
b111 =
b110 I
1*
#36296000
b110111000001 Q
#36300000
0*
#36305000
b111 I
b1000 =
1*
#36306000
b110111000010 Q
#36310000
0*
#36315000
18
b1001 =
b1000 I
1*
#36316000
b110111000011 Q
#36320000
0*
#36325000
1E
b1001 I
b101 >
08
b0 =
b10111110 B
1*
#36326000
b110111000100 Q
#36330000
0*
#36335000
b1 =
b101 J
0E
b0 I
1*
#36336000
b110111000101 Q
#36340000
0*
#36345000
b1 I
0!
b10 =
1*
#36346000
b110111000110 Q
#36350000
0*
#36355000
b11 =
0@
b10 I
1*
#36356000
b110111000111 Q
#36360000
0*
#36365000
b11 I
06
0A
17
b100 =
1*
#36366000
b110111001000 Q
#36370000
0*
#36375000
07
b101 =
b100 I
1*
#36376000
b110111001001 Q
#36380000
0*
#36385000
b101 I
b110 =
1*
#36386000
b110111001010 Q
#36390000
0*
#36395000
b111 =
b110 I
1*
#36396000
b110111001011 Q
#36400000
0*
#36405000
b111 I
b1000 =
1*
#36406000
b110111001100 Q
#36410000
0*
#36415000
18
b1001 =
b1000 I
1*
#36416000
b110111001101 Q
#36420000
0*
#36425000
1E
b1001 I
b110 >
08
b0 =
b10011110 B
1*
#36426000
b110111001110 Q
#36430000
0*
#36435000
b1 =
b110 J
0E
b0 I
1*
#36436000
b110111001111 Q
#36440000
0*
#36445000
b1 I
1!
b10 =
1*
#36446000
b110111010000 Q
#36450000
0*
#36455000
b11 =
1@
b10 I
1*
#36456000
b110111010001 Q
#36460000
0*
#36465000
b11 I
16
1A
17
b100 =
1*
#36466000
b110111010010 Q
#36470000
0*
#36475000
07
b101 =
b100 I
1*
#36476000
b110111010011 Q
#36480000
0*
#36485000
b101 I
b110 =
1*
#36486000
b110111010100 Q
#36490000
0*
#36495000
b111 =
b110 I
1*
#36496000
b110111010101 Q
#36500000
0*
#36505000
b111 I
b1000 =
1*
#36506000
b110111010110 Q
#36510000
0*
#36515000
18
b1001 =
b1000 I
1*
#36516000
b110111010111 Q
#36520000
0*
#36525000
1E
b1001 I
b111 >
08
b0 =
b11011110 B
1*
#36526000
b110111011000 Q
#36530000
0*
#36535000
b1 =
b111 J
0E
b0 I
1*
#36536000
b110111011001 Q
#36540000
0*
#36545000
b1 I
0!
b10 =
1*
#36546000
b110111011010 Q
#36550000
0*
#36555000
b11 =
0@
b10 I
1*
#36556000
b110111011011 Q
#36560000
0*
#36565000
b11 I
06
0A
17
b100 =
1*
#36566000
b110111011100 Q
#36570000
0*
#36575000
07
b101 =
b100 I
1*
#36576000
b110111011101 Q
#36580000
0*
#36585000
b101 I
b110 =
1*
#36586000
b110111011110 Q
#36590000
0*
#36595000
b111 =
b110 I
1*
#36596000
b110111011111 Q
#36600000
0*
#36605000
b111 I
b1000 =
1*
#36606000
b110111100000 Q
#36610000
0*
#36615000
18
b1001 =
b1000 I
1*
#36616000
b110111100001 Q
#36620000
0*
#36625000
1E
b1001 I
b11 C
08
b0 =
b1011110 B
1*
#36626000
b110111100010 Q
#36630000
0*
#36635000
b1 =
b11 K
0E
b0 I
1*
#36636000
b110111100011 Q
#36640000
0*
#36645000
b1 I
1!
b10 =
1*
#36646000
b110111100100 Q
#36650000
0*
#36655000
b11 =
1@
b10 I
1*
#36656000
b110111100101 Q
#36660000
0*
#36665000
b11 I
16
1A
17
b100 =
1*
#36666000
b110111100110 Q
#36670000
0*
#36675000
07
b101 =
b100 I
1*
#36676000
b110111100111 Q
#36680000
0*
#36685000
b101 I
b110 =
1*
#36686000
b110111101000 Q
#36690000
0*
#36695000
b111 =
b110 I
1*
#36696000
b110111101001 Q
#36700000
0*
#36705000
b111 I
b1000 =
1*
#36706000
b110111101010 Q
#36710000
0*
#36715000
18
b1001 =
b1000 I
1*
#36716000
b110111101011 Q
#36720000
0*
#36725000
1E
b1001 I
b0 C
0'
1$
b1011110 &
b1011110 3
b1011110 ?
08
b0 =
1*
#36726000
b100100 1
b110111101100 Q
#36730000
0*
#36735000
0$
b0 K
0#
1"
0E
b0 I
1*
#36740000
0*
#36745000
0"
1*
#36746000
1-
b10110 ,
b10110 2
b10110 D
b10110 P
b11100 0
#36750000
0*
#36755000
1#
b1 K
b10110 L
1*
#36756000
0-
#36760000
0*
#36765000
b1 I
0!
1*
#36766000
b110111101101 Q
#36770000
0*
#36775000
0@
b10 I
1*
#36776000
b110111101110 Q
#36780000
0*
#36785000
b11 I
06
0A
1*
#36786000
b110111101111 Q
#36790000
0*
#36795000
1'
b1 C
b100 I
1*
#36796000
b110111110000 Q
#36800000
0*
#36805000
b101 I
b1 =
1*
#36806000
b110111110001 Q
#36810000
0*
#36815000
b10 =
b110 I
1*
#36816000
b110111110010 Q
#36820000
0*
#36825000
b111 I
b11 =
1*
#36826000
b110111110011 Q
#36830000
0*
#36835000
17
b100 =
b1000 I
1*
#36836000
b110111110100 Q
#36840000
0*
#36845000
1E
b1001 I
b10 C
b0 >
07
b0 =
1*
#36846000
b110111110101 Q
#36850000
0*
#36855000
b1 =
b10 K
b0 J
0E
b0 I
1*
#36856000
b110111110110 Q
#36860000
0*
#36865000
b1 I
b10 =
1*
#36866000
b110111110111 Q
#36870000
0*
#36875000
b11 =
b10 I
1*
#36876000
b110111111000 Q
#36880000
0*
#36885000
b11 I
17
b100 =
1*
#36886000
b110111111001 Q
#36890000
0*
#36895000
07
b101 =
b100 I
1*
#36896000
b110111111010 Q
#36900000
0*
#36905000
b101 I
b110 =
1*
#36906000
b110111111011 Q
#36910000
0*
#36915000
b111 =
b110 I
1*
#36916000
b110111111100 Q
#36920000
0*
#36925000
b111 I
b1000 =
1*
#36926000
b110111111101 Q
#36930000
0*
#36935000
18
b1001 =
b1000 I
1*
#36936000
b110111111110 Q
#36940000
0*
#36945000
1E
b1001 I
b1 >
08
b0 =
1*
#36946000
b110111111111 Q
#36950000
0*
#36955000
b1 =
b1 J
0E
b0 I
1*
#36956000
b111000000000 Q
#36960000
0*
#36965000
b1 I
1!
b10 =
1*
#36966000
b111000000001 Q
#36970000
0*
#36975000
b11 =
1@
b10 I
1*
#36976000
b111000000010 Q
#36980000
0*
#36985000
b11 I
16
1A
17
b100 =
1*
#36986000
b111000000011 Q
#36990000
0*
#36995000
07
b101 =
b100 I
1*
#36996000
b111000000100 Q
#37000000
0*
#37005000
b101 I
b110 =
1*
#37006000
b111000000101 Q
#37010000
0*
#37015000
b111 =
b110 I
1*
#37016000
b111000000110 Q
#37020000
0*
#37025000
b111 I
b1000 =
1*
#37026000
b111000000111 Q
#37030000
0*
#37035000
18
b1001 =
b1000 I
1*
#37036000
b111000001000 Q
#37040000
0*
#37045000
1E
b1001 I
b10 >
08
b0 =
1*
#37046000
b111000001001 Q
#37050000
0*
#37055000
b1 =
b10 J
0E
b0 I
1*
#37056000
b111000001010 Q
#37060000
0*
#37065000
b1 I
b10 =
1*
#37066000
b111000001011 Q
#37070000
0*
#37075000
b11 =
b10 I
1*
#37076000
b111000001100 Q
#37080000
0*
#37085000
b11 I
17
b100 =
1*
#37086000
b111000001101 Q
#37090000
0*
#37095000
07
b101 =
b100 I
1*
#37096000
b111000001110 Q
#37100000
0*
#37105000
b101 I
b110 =
1*
#37106000
b111000001111 Q
#37110000
0*
#37115000
b111 =
b110 I
1*
#37116000
b111000010000 Q
#37120000
0*
#37125000
b111 I
b1000 =
1*
#37126000
b111000010001 Q
#37130000
0*
#37135000
18
b1001 =
b1000 I
1*
#37136000
b111000010010 Q
#37140000
0*
#37145000
1E
b1001 I
b11 >
08
b0 =
1*
#37146000
b111000010011 Q
#37150000
0*
#37155000
b1 =
b11 J
0E
b0 I
1*
#37156000
b111000010100 Q
#37160000
0*
#37165000
b1 I
0!
b10 =
1*
#37166000
b111000010101 Q
#37170000
0*
#37175000
b11 =
0@
b10 I
1*
#37176000
b111000010110 Q
#37180000
0*
#37185000
b11 I
06
0A
17
b100 =
1*
#37186000
b111000010111 Q
#37190000
0*
#37195000
07
b101 =
b100 I
1*
#37196000
b111000011000 Q
#37200000
0*
#37205000
b101 I
b110 =
1*
#37206000
b111000011001 Q
#37210000
0*
#37215000
b111 =
b110 I
1*
#37216000
b111000011010 Q
#37220000
0*
#37225000
b111 I
b1000 =
1*
#37226000
b111000011011 Q
#37230000
0*
#37235000
18
b1001 =
b1000 I
1*
#37236000
b111000011100 Q
#37240000
0*
#37245000
1E
b1001 I
b100 >
08
b0 =
b1010110 B
1*
#37246000
b111000011101 Q
#37250000
0*
#37255000
b1 =
b100 J
0E
b0 I
1*
#37256000
b111000011110 Q
#37260000
0*
#37265000
b1 I
1!
b10 =
1*
#37266000
b111000011111 Q
#37270000
0*
#37275000
b11 =
1@
b10 I
1*
#37276000
b111000100000 Q
#37280000
0*
#37285000
b11 I
16
1A
17
b100 =
1*
#37286000
b111000100001 Q
#37290000
0*
#37295000
07
b101 =
b100 I
1*
#37296000
b111000100010 Q
#37300000
0*
#37305000
b101 I
b110 =
1*
#37306000
b111000100011 Q
#37310000
0*
#37315000
b111 =
b110 I
1*
#37316000
b111000100100 Q
#37320000
0*
#37325000
b111 I
b1000 =
1*
#37326000
b111000100101 Q
#37330000
0*
#37335000
18
b1001 =
b1000 I
1*
#37336000
b111000100110 Q
#37340000
0*
#37345000
1E
b1001 I
b101 >
08
b0 =
1*
#37346000
b111000100111 Q
#37350000
0*
#37355000
b1 =
b101 J
0E
b0 I
1*
#37356000
b111000101000 Q
#37360000
0*
#37365000
b1 I
0!
b10 =
1*
#37366000
b111000101001 Q
#37370000
0*
#37375000
b11 =
0@
b10 I
1*
#37376000
b111000101010 Q
#37380000
0*
#37385000
b11 I
06
0A
17
b100 =
1*
#37386000
b111000101011 Q
#37390000
0*
#37395000
07
b101 =
b100 I
1*
#37396000
b111000101100 Q
#37400000
0*
#37405000
b101 I
b110 =
1*
#37406000
b111000101101 Q
#37410000
0*
#37415000
b111 =
b110 I
1*
#37416000
b111000101110 Q
#37420000
0*
#37425000
b111 I
b1000 =
1*
#37426000
b111000101111 Q
#37430000
0*
#37435000
18
b1001 =
b1000 I
1*
#37436000
b111000110000 Q
#37440000
0*
#37445000
1E
b1001 I
b110 >
08
b0 =
1*
#37446000
b111000110001 Q
#37450000
0*
#37455000
b1 =
b110 J
0E
b0 I
1*
#37456000
b111000110010 Q
#37460000
0*
#37465000
b1 I
b10 =
1*
#37466000
b111000110011 Q
#37470000
0*
#37475000
b11 =
b10 I
1*
#37476000
b111000110100 Q
#37480000
0*
#37485000
b11 I
17
b100 =
1*
#37486000
b111000110101 Q
#37490000
0*
#37495000
07
b101 =
b100 I
1*
#37496000
b111000110110 Q
#37500000
0*
#37505000
b101 I
b110 =
1*
#37506000
b111000110111 Q
#37510000
0*
#37515000
b111 =
b110 I
1*
#37516000
b111000111000 Q
#37520000
0*
#37525000
b111 I
b1000 =
1*
#37526000
b111000111001 Q
#37530000
0*
#37535000
18
b1001 =
b1000 I
1*
#37536000
b111000111010 Q
#37540000
0*
#37545000
1E
b1001 I
b111 >
08
b0 =
b10110 B
1*
#37546000
b111000111011 Q
#37550000
0*
#37555000
b1 =
b111 J
0E
b0 I
1*
#37556000
b111000111100 Q
#37560000
0*
#37565000
b1 I
b10 =
1*
#37566000
b111000111101 Q
#37570000
0*
#37575000
b11 =
b10 I
1*
#37576000
b111000111110 Q
#37580000
0*
#37585000
b11 I
17
b100 =
1*
#37586000
b111000111111 Q
#37590000
0*
#37595000
07
b101 =
b100 I
1*
#37596000
b111001000000 Q
#37600000
0*
#37605000
b101 I
b110 =
1*
#37606000
b111001000001 Q
#37610000
0*
#37615000
b111 =
b110 I
1*
#37616000
b111001000010 Q
#37620000
0*
#37625000
b111 I
b1000 =
1*
#37626000
b111001000011 Q
#37630000
0*
#37635000
18
b1001 =
b1000 I
1*
#37636000
b111001000100 Q
#37640000
0*
#37645000
1E
b1001 I
b11 C
08
b0 =
1*
#37646000
b111001000101 Q
#37650000
0*
#37655000
b1 =
b11 K
0E
b0 I
1*
#37656000
b111001000110 Q
#37660000
0*
#37665000
b1 I
1!
b10 =
1*
#37666000
b111001000111 Q
#37670000
0*
#37675000
b11 =
1@
b10 I
1*
#37676000
b111001001000 Q
#37680000
0*
#37685000
b11 I
16
1A
17
b100 =
1*
#37686000
b111001001001 Q
#37690000
0*
#37695000
07
b101 =
b100 I
1*
#37696000
b111001001010 Q
#37700000
0*
#37705000
b101 I
b110 =
1*
#37706000
b111001001011 Q
#37710000
0*
#37715000
b111 =
b110 I
1*
#37716000
b111001001100 Q
#37720000
0*
#37725000
b111 I
b1000 =
1*
#37726000
b111001001101 Q
#37730000
0*
#37735000
18
b1001 =
b1000 I
1*
#37736000
b111001001110 Q
#37740000
0*
#37745000
1E
b1001 I
b0 C
0'
1$
b10110 &
b10110 3
b10110 ?
08
b0 =
1*
#37746000
b100101 1
b111001001111 Q
#37750000
0*
#37755000
0$
b0 K
0#
1"
0E
b0 I
1*
#37760000
0*
#37765000
0"
1*
#37766000
1-
b110010 ,
b110010 2
b110010 D
b110010 P
b11101 0
#37770000
0*
#37775000
1#
b1 K
b110010 L
1*
#37776000
0-
#37780000
0*
#37785000
b1 I
0!
1*
#37786000
b111001010000 Q
#37790000
0*
#37795000
0@
b10 I
1*
#37796000
b111001010001 Q
#37800000
0*
#37805000
b11 I
06
0A
1*
#37806000
b111001010010 Q
#37810000
0*
#37815000
1'
b1 C
b100 I
1*
#37816000
b111001010011 Q
#37820000
0*
#37825000
b101 I
b1 =
1*
#37826000
b111001010100 Q
#37830000
0*
#37835000
b10 =
b110 I
1*
#37836000
b111001010101 Q
#37840000
0*
#37845000
b111 I
b11 =
1*
#37846000
b111001010110 Q
#37850000
0*
#37855000
17
b100 =
b1000 I
1*
#37856000
b111001010111 Q
#37860000
0*
#37865000
1E
b1001 I
b10 C
b0 >
07
b0 =
1*
#37866000
b111001011000 Q
#37870000
0*
#37875000
b1 =
b10 K
b0 J
0E
b0 I
1*
#37876000
b111001011001 Q
#37880000
0*
#37885000
b1 I
b10 =
1*
#37886000
b111001011010 Q
#37890000
0*
#37895000
b11 =
b10 I
1*
#37896000
b111001011011 Q
#37900000
0*
#37905000
b11 I
17
b100 =
1*
#37906000
b111001011100 Q
#37910000
0*
#37915000
07
b101 =
b100 I
1*
#37916000
b111001011101 Q
#37920000
0*
#37925000
b101 I
b110 =
1*
#37926000
b111001011110 Q
#37930000
0*
#37935000
b111 =
b110 I
1*
#37936000
b111001011111 Q
#37940000
0*
#37945000
b111 I
b1000 =
1*
#37946000
b111001100000 Q
#37950000
0*
#37955000
18
b1001 =
b1000 I
1*
#37956000
b111001100001 Q
#37960000
0*
#37965000
1E
b1001 I
b1 >
08
b0 =
1*
#37966000
b111001100010 Q
#37970000
0*
#37975000
b1 =
b1 J
0E
b0 I
1*
#37976000
b111001100011 Q
#37980000
0*
#37985000
b1 I
1!
b10 =
1*
#37986000
b111001100100 Q
#37990000
0*
#37995000
b11 =
1@
b10 I
1*
#37996000
b111001100101 Q
#38000000
0*
#38005000
b11 I
16
1A
17
b100 =
1*
#38006000
b111001100110 Q
#38010000
0*
#38015000
07
b101 =
b100 I
1*
#38016000
b111001100111 Q
#38020000
0*
#38025000
b101 I
b110 =
1*
#38026000
b111001101000 Q
#38030000
0*
#38035000
b111 =
b110 I
1*
#38036000
b111001101001 Q
#38040000
0*
#38045000
b111 I
b1000 =
1*
#38046000
b111001101010 Q
#38050000
0*
#38055000
18
b1001 =
b1000 I
1*
#38056000
b111001101011 Q
#38060000
0*
#38065000
1E
b1001 I
b10 >
08
b0 =
1*
#38066000
b111001101100 Q
#38070000
0*
#38075000
b1 =
b10 J
0E
b0 I
1*
#38076000
b111001101101 Q
#38080000
0*
#38085000
b1 I
0!
b10 =
1*
#38086000
b111001101110 Q
#38090000
0*
#38095000
b11 =
0@
b10 I
1*
#38096000
b111001101111 Q
#38100000
0*
#38105000
b11 I
06
0A
17
b100 =
1*
#38106000
b111001110000 Q
#38110000
0*
#38115000
07
b101 =
b100 I
1*
#38116000
b111001110001 Q
#38120000
0*
#38125000
b101 I
b110 =
1*
#38126000
b111001110010 Q
#38130000
0*
#38135000
b111 =
b110 I
1*
#38136000
b111001110011 Q
#38140000
0*
#38145000
b111 I
b1000 =
1*
#38146000
b111001110100 Q
#38150000
0*
#38155000
18
b1001 =
b1000 I
1*
#38156000
b111001110101 Q
#38160000
0*
#38165000
1E
b1001 I
b11 >
08
b0 =
b10010 B
1*
#38166000
b111001110110 Q
#38170000
0*
#38175000
b1 =
b11 J
0E
b0 I
1*
#38176000
b111001110111 Q
#38180000
0*
#38185000
b1 I
b10 =
1*
#38186000
b111001111000 Q
#38190000
0*
#38195000
b11 =
b10 I
1*
#38196000
b111001111001 Q
#38200000
0*
#38205000
b11 I
17
b100 =
1*
#38206000
b111001111010 Q
#38210000
0*
#38215000
07
b101 =
b100 I
1*
#38216000
b111001111011 Q
#38220000
0*
#38225000
b101 I
b110 =
1*
#38226000
b111001111100 Q
#38230000
0*
#38235000
b111 =
b110 I
1*
#38236000
b111001111101 Q
#38240000
0*
#38245000
b111 I
b1000 =
1*
#38246000
b111001111110 Q
#38250000
0*
#38255000
18
b1001 =
b1000 I
1*
#38256000
b111001111111 Q
#38260000
0*
#38265000
1E
b1001 I
b100 >
08
b0 =
1*
#38266000
b111010000000 Q
#38270000
0*
#38275000
b1 =
b100 J
0E
b0 I
1*
#38276000
b111010000001 Q
#38280000
0*
#38285000
b1 I
1!
b10 =
1*
#38286000
b111010000010 Q
#38290000
0*
#38295000
b11 =
1@
b10 I
1*
#38296000
b111010000011 Q
#38300000
0*
#38305000
b11 I
16
1A
17
b100 =
1*
#38306000
b111010000100 Q
#38310000
0*
#38315000
07
b101 =
b100 I
1*
#38316000
b111010000101 Q
#38320000
0*
#38325000
b101 I
b110 =
1*
#38326000
b111010000110 Q
#38330000
0*
#38335000
b111 =
b110 I
1*
#38336000
b111010000111 Q
#38340000
0*
#38345000
b111 I
b1000 =
1*
#38346000
b111010001000 Q
#38350000
0*
#38355000
18
b1001 =
b1000 I
1*
#38356000
b111010001001 Q
#38360000
0*
#38365000
1E
b1001 I
b101 >
08
b0 =
1*
#38366000
b111010001010 Q
#38370000
0*
#38375000
b1 =
b101 J
0E
b0 I
1*
#38376000
b111010001011 Q
#38380000
0*
#38385000
b1 I
b10 =
1*
#38386000
b111010001100 Q
#38390000
0*
#38395000
b11 =
b10 I
1*
#38396000
b111010001101 Q
#38400000
0*
#38405000
b11 I
17
b100 =
1*
#38406000
b111010001110 Q
#38410000
0*
#38415000
07
b101 =
b100 I
1*
#38416000
b111010001111 Q
#38420000
0*
#38425000
b101 I
b110 =
1*
#38426000
b111010010000 Q
#38430000
0*
#38435000
b111 =
b110 I
1*
#38436000
b111010010001 Q
#38440000
0*
#38445000
b111 I
b1000 =
1*
#38446000
b111010010010 Q
#38450000
0*
#38455000
18
b1001 =
b1000 I
1*
#38456000
b111010010011 Q
#38460000
0*
#38465000
1E
b1001 I
b110 >
08
b0 =
b110010 B
1*
#38466000
b111010010100 Q
#38470000
0*
#38475000
b1 =
b110 J
0E
b0 I
1*
#38476000
b111010010101 Q
#38480000
0*
#38485000
b1 I
0!
b10 =
1*
#38486000
b111010010110 Q
#38490000
0*
#38495000
b11 =
0@
b10 I
1*
#38496000
b111010010111 Q
#38500000
0*
#38505000
b11 I
06
0A
17
b100 =
1*
#38506000
b111010011000 Q
#38510000
0*
#38515000
07
b101 =
b100 I
1*
#38516000
b111010011001 Q
#38520000
0*
#38525000
b101 I
b110 =
1*
#38526000
b111010011010 Q
#38530000
0*
#38535000
b111 =
b110 I
1*
#38536000
b111010011011 Q
#38540000
0*
#38545000
b111 I
b1000 =
1*
#38546000
b111010011100 Q
#38550000
0*
#38555000
18
b1001 =
b1000 I
1*
#38556000
b111010011101 Q
#38560000
0*
#38565000
1E
b1001 I
b111 >
08
b0 =
1*
#38566000
b111010011110 Q
#38570000
0*
#38575000
b1 =
b111 J
0E
b0 I
1*
#38576000
b111010011111 Q
#38580000
0*
#38585000
b1 I
b10 =
1*
#38586000
b111010100000 Q
#38590000
0*
#38595000
b11 =
b10 I
1*
#38596000
b111010100001 Q
#38600000
0*
#38605000
b11 I
17
b100 =
1*
#38606000
b111010100010 Q
#38610000
0*
#38615000
07
b101 =
b100 I
1*
#38616000
b111010100011 Q
#38620000
0*
#38625000
b101 I
b110 =
1*
#38626000
b111010100100 Q
#38630000
0*
#38635000
b111 =
b110 I
1*
#38636000
b111010100101 Q
#38640000
0*
#38645000
b111 I
b1000 =
1*
#38646000
b111010100110 Q
#38650000
0*
#38655000
18
b1001 =
b1000 I
1*
#38656000
b111010100111 Q
#38660000
0*
#38665000
1E
b1001 I
b11 C
08
b0 =
1*
#38666000
b111010101000 Q
#38670000
0*
#38675000
b1 =
b11 K
0E
b0 I
1*
#38676000
b111010101001 Q
#38680000
0*
#38685000
b1 I
1!
b10 =
1*
#38686000
b111010101010 Q
#38690000
0*
#38695000
b11 =
1@
b10 I
1*
#38696000
b111010101011 Q
#38700000
0*
#38705000
b11 I
16
1A
17
b100 =
1*
#38706000
b111010101100 Q
#38710000
0*
#38715000
07
b101 =
b100 I
1*
#38716000
b111010101101 Q
#38720000
0*
#38725000
b101 I
b110 =
1*
#38726000
b111010101110 Q
#38730000
0*
#38735000
b111 =
b110 I
1*
#38736000
b111010101111 Q
#38740000
0*
#38745000
b111 I
b1000 =
1*
#38746000
b111010110000 Q
#38750000
0*
#38755000
18
b1001 =
b1000 I
1*
#38756000
b111010110001 Q
#38760000
0*
#38765000
1E
b1001 I
b0 C
0'
1$
b110010 &
b110010 3
b110010 ?
08
b0 =
1*
#38766000
b100110 1
b111010110010 Q
#38770000
0*
#38775000
0$
b0 K
0#
1"
0E
b0 I
1*
#38780000
0*
#38785000
0"
1*
#38786000
1-
b110001 ,
b110001 2
b110001 D
b110001 P
b11110 0
#38790000
0*
#38795000
1#
b1 K
b110001 L
1*
#38796000
0-
#38800000
0*
#38805000
b1 I
0!
1*
#38806000
b111010110011 Q
#38810000
0*
#38815000
0@
b10 I
1*
#38816000
b111010110100 Q
#38820000
0*
#38825000
b11 I
06
0A
1*
#38826000
b111010110101 Q
#38830000
0*
#38835000
1'
b1 C
b100 I
1*
#38836000
b111010110110 Q
#38840000
0*
#38845000
b101 I
b1 =
1*
#38846000
b111010110111 Q
#38850000
0*
#38855000
b10 =
b110 I
1*
#38856000
b111010111000 Q
#38860000
0*
#38865000
b111 I
b11 =
1*
#38866000
b111010111001 Q
#38870000
0*
#38875000
17
b100 =
b1000 I
1*
#38876000
b111010111010 Q
#38880000
0*
#38885000
1E
b1001 I
b10 C
b0 >
07
b0 =
1*
#38886000
b111010111011 Q
#38890000
0*
#38895000
b1 =
b10 K
b0 J
0E
b0 I
1*
#38896000
b111010111100 Q
#38900000
0*
#38905000
b1 I
1!
b10 =
1*
#38906000
b111010111101 Q
#38910000
0*
#38915000
b11 =
1@
b10 I
1*
#38916000
b111010111110 Q
#38920000
0*
#38925000
b11 I
16
1A
17
b100 =
1*
#38926000
b111010111111 Q
#38930000
0*
#38935000
07
b101 =
b100 I
1*
#38936000
b111011000000 Q
#38940000
0*
#38945000
b101 I
b110 =
1*
#38946000
b111011000001 Q
#38950000
0*
#38955000
b111 =
b110 I
1*
#38956000
b111011000010 Q
#38960000
0*
#38965000
b111 I
b1000 =
1*
#38966000
b111011000011 Q
#38970000
0*
#38975000
18
b1001 =
b1000 I
1*
#38976000
b111011000100 Q
#38980000
0*
#38985000
1E
b1001 I
b1 >
08
b0 =
b110011 B
1*
#38986000
b111011000101 Q
#38990000
0*
#38995000
b1 =
b1 J
0E
b0 I
1*
#38996000
b111011000110 Q
#39000000
0*
#39005000
b1 I
0!
b10 =
1*
#39006000
b111011000111 Q
#39010000
0*
#39015000
b11 =
0@
b10 I
1*
#39016000
b111011001000 Q
#39020000
0*
#39025000
b11 I
06
0A
17
b100 =
1*
#39026000
b111011001001 Q
#39030000
0*
#39035000
07
b101 =
b100 I
1*
#39036000
b111011001010 Q
#39040000
0*
#39045000
b101 I
b110 =
1*
#39046000
b111011001011 Q
#39050000
0*
#39055000
b111 =
b110 I
1*
#39056000
b111011001100 Q
#39060000
0*
#39065000
b111 I
b1000 =
1*
#39066000
b111011001101 Q
#39070000
0*
#39075000
18
b1001 =
b1000 I
1*
#39076000
b111011001110 Q
#39080000
0*
#39085000
1E
b1001 I
b10 >
08
b0 =
b110001 B
1*
#39086000
b111011001111 Q
#39090000
0*
#39095000
b1 =
b10 J
0E
b0 I
1*
#39096000
b111011010000 Q
#39100000
0*
#39105000
b1 I
b10 =
1*
#39106000
b111011010001 Q
#39110000
0*
#39115000
b11 =
b10 I
1*
#39116000
b111011010010 Q
#39120000
0*
#39125000
b11 I
17
b100 =
1*
#39126000
b111011010011 Q
#39130000
0*
#39135000
07
b101 =
b100 I
1*
#39136000
b111011010100 Q
#39140000
0*
#39145000
b101 I
b110 =
1*
#39146000
b111011010101 Q
#39150000
0*
#39155000
b111 =
b110 I
1*
#39156000
b111011010110 Q
#39160000
0*
#39165000
b111 I
b1000 =
1*
#39166000
b111011010111 Q
#39170000
0*
#39175000
18
b1001 =
b1000 I
1*
#39176000
b111011011000 Q
#39180000
0*
#39185000
1E
b1001 I
b11 >
08
b0 =
1*
#39186000
b111011011001 Q
#39190000
0*
#39195000
b1 =
b11 J
0E
b0 I
1*
#39196000
b111011011010 Q
#39200000
0*
#39205000
b1 I
b10 =
1*
#39206000
b111011011011 Q
#39210000
0*
#39215000
b11 =
b10 I
1*
#39216000
b111011011100 Q
#39220000
0*
#39225000
b11 I
17
b100 =
1*
#39226000
b111011011101 Q
#39230000
0*
#39235000
07
b101 =
b100 I
1*
#39236000
b111011011110 Q
#39240000
0*
#39245000
b101 I
b110 =
1*
#39246000
b111011011111 Q
#39250000
0*
#39255000
b111 =
b110 I
1*
#39256000
b111011100000 Q
#39260000
0*
#39265000
b111 I
b1000 =
1*
#39266000
b111011100001 Q
#39270000
0*
#39275000
18
b1001 =
b1000 I
1*
#39276000
b111011100010 Q
#39280000
0*
#39285000
1E
b1001 I
b100 >
08
b0 =
1*
#39286000
b111011100011 Q
#39290000
0*
#39295000
b1 =
b100 J
0E
b0 I
1*
#39296000
b111011100100 Q
#39300000
0*
#39305000
b1 I
1!
b10 =
1*
#39306000
b111011100101 Q
#39310000
0*
#39315000
b11 =
1@
b10 I
1*
#39316000
b111011100110 Q
#39320000
0*
#39325000
b11 I
16
1A
17
b100 =
1*
#39326000
b111011100111 Q
#39330000
0*
#39335000
07
b101 =
b100 I
1*
#39336000
b111011101000 Q
#39340000
0*
#39345000
b101 I
b110 =
1*
#39346000
b111011101001 Q
#39350000
0*
#39355000
b111 =
b110 I
1*
#39356000
b111011101010 Q
#39360000
0*
#39365000
b111 I
b1000 =
1*
#39366000
b111011101011 Q
#39370000
0*
#39375000
18
b1001 =
b1000 I
1*
#39376000
b111011101100 Q
#39380000
0*
#39385000
1E
b1001 I
b101 >
08
b0 =
1*
#39386000
b111011101101 Q
#39390000
0*
#39395000
b1 =
b101 J
0E
b0 I
1*
#39396000
b111011101110 Q
#39400000
0*
#39405000
b1 I
b10 =
1*
#39406000
b111011101111 Q
#39410000
0*
#39415000
b11 =
b10 I
1*
#39416000
b111011110000 Q
#39420000
0*
#39425000
b11 I
17
b100 =
1*
#39426000
b111011110001 Q
#39430000
0*
#39435000
07
b101 =
b100 I
1*
#39436000
b111011110010 Q
#39440000
0*
#39445000
b101 I
b110 =
1*
#39446000
b111011110011 Q
#39450000
0*
#39455000
b111 =
b110 I
1*
#39456000
b111011110100 Q
#39460000
0*
#39465000
b111 I
b1000 =
1*
#39466000
b111011110101 Q
#39470000
0*
#39475000
18
b1001 =
b1000 I
1*
#39476000
b111011110110 Q
#39480000
0*
#39485000
1E
b1001 I
b110 >
08
b0 =
1*
#39486000
b111011110111 Q
#39490000
0*
#39495000
b1 =
b110 J
0E
b0 I
1*
#39496000
b111011111000 Q
#39500000
0*
#39505000
b1 I
0!
b10 =
1*
#39506000
b111011111001 Q
#39510000
0*
#39515000
b11 =
0@
b10 I
1*
#39516000
b111011111010 Q
#39520000
0*
#39525000
b11 I
06
0A
17
b100 =
1*
#39526000
b111011111011 Q
#39530000
0*
#39535000
07
b101 =
b100 I
1*
#39536000
b111011111100 Q
#39540000
0*
#39545000
b101 I
b110 =
1*
#39546000
b111011111101 Q
#39550000
0*
#39555000
b111 =
b110 I
1*
#39556000
b111011111110 Q
#39560000
0*
#39565000
b111 I
b1000 =
1*
#39566000
b111011111111 Q
#39570000
0*
#39575000
18
b1001 =
b1000 I
1*
#39576000
b111100000000 Q
#39580000
0*
#39585000
1E
b1001 I
b111 >
08
b0 =
1*
#39586000
b111100000001 Q
#39590000
0*
#39595000
b1 =
b111 J
0E
b0 I
1*
#39596000
b111100000010 Q
#39600000
0*
#39605000
b1 I
b10 =
1*
#39606000
b111100000011 Q
#39610000
0*
#39615000
b11 =
b10 I
1*
#39616000
b111100000100 Q
#39620000
0*
#39625000
b11 I
17
b100 =
1*
#39626000
b111100000101 Q
#39630000
0*
#39635000
07
b101 =
b100 I
1*
#39636000
b111100000110 Q
#39640000
0*
#39645000
b101 I
b110 =
1*
#39646000
b111100000111 Q
#39650000
0*
#39655000
b111 =
b110 I
1*
#39656000
b111100001000 Q
#39660000
0*
#39665000
b111 I
b1000 =
1*
#39666000
b111100001001 Q
#39670000
0*
#39675000
18
b1001 =
b1000 I
1*
#39676000
b111100001010 Q
#39680000
0*
#39685000
1E
b1001 I
b11 C
08
b0 =
1*
#39686000
b111100001011 Q
#39690000
0*
#39695000
b1 =
b11 K
0E
b0 I
1*
#39696000
b111100001100 Q
#39700000
0*
#39705000
b1 I
1!
b10 =
1*
#39706000
b111100001101 Q
#39710000
0*
#39715000
b11 =
1@
b10 I
1*
#39716000
b111100001110 Q
#39720000
0*
#39725000
b11 I
16
1A
17
b100 =
1*
#39726000
b111100001111 Q
#39730000
0*
#39735000
07
b101 =
b100 I
1*
#39736000
b111100010000 Q
#39740000
0*
#39745000
b101 I
b110 =
1*
#39746000
b111100010001 Q
#39750000
0*
#39755000
b111 =
b110 I
1*
#39756000
b111100010010 Q
#39760000
0*
#39765000
b111 I
b1000 =
1*
#39766000
b111100010011 Q
#39770000
0*
#39775000
18
b1001 =
b1000 I
1*
#39776000
b111100010100 Q
#39780000
0*
#39785000
1E
b1001 I
b0 C
0'
1$
b110001 &
b110001 3
b110001 ?
08
b0 =
1*
#39786000
b100111 1
b111100010101 Q
#39790000
0*
#39795000
0$
b0 K
0#
1"
0E
b0 I
1*
#39800000
0*
#39805000
0"
1*
#39806000
1-
b10000101 ,
b10000101 2
b10000101 D
b10000101 P
b11111 0
#39810000
0*
#39815000
1#
b1 K
b10000101 L
1*
#39816000
0-
#39820000
0*
#39825000
b1 I
0!
1*
#39826000
b111100010110 Q
#39830000
0*
#39835000
0@
b10 I
1*
#39836000
b111100010111 Q
#39840000
0*
#39845000
b11 I
06
0A
1*
#39846000
b111100011000 Q
#39850000
0*
#39855000
1'
b1 C
b100 I
1*
#39856000
b111100011001 Q
#39860000
0*
#39865000
b101 I
b1 =
1*
#39866000
b111100011010 Q
#39870000
0*
#39875000
b10 =
b110 I
1*
#39876000
b111100011011 Q
#39880000
0*
#39885000
b111 I
b11 =
1*
#39886000
b111100011100 Q
#39890000
0*
#39895000
17
b100 =
b1000 I
1*
#39896000
b111100011101 Q
#39900000
0*
#39905000
1E
b1001 I
b10 C
b0 >
07
b0 =
1*
#39906000
b111100011110 Q
#39910000
0*
#39915000
b1 =
b10 K
b0 J
0E
b0 I
1*
#39916000
b111100011111 Q
#39920000
0*
#39925000
b1 I
1!
b10 =
1*
#39926000
b111100100000 Q
#39930000
0*
#39935000
b11 =
1@
b10 I
1*
#39936000
b111100100001 Q
#39940000
0*
#39945000
b11 I
16
1A
17
b100 =
1*
#39946000
b111100100010 Q
#39950000
0*
#39955000
07
b101 =
b100 I
1*
#39956000
b111100100011 Q
#39960000
0*
#39965000
b101 I
b110 =
1*
#39966000
b111100100100 Q
#39970000
0*
#39975000
b111 =
b110 I
1*
#39976000
b111100100101 Q
#39980000
0*
#39985000
b111 I
b1000 =
1*
#39986000
b111100100110 Q
#39990000
0*
#39995000
18
b1001 =
b1000 I
1*
#39996000
b111100100111 Q
#40000000
0*
#40005000
1E
b1001 I
b1 >
08
b0 =
1*
#40006000
b111100101000 Q
#40010000
0*
#40015000
b1 =
b1 J
0E
b0 I
1*
#40016000
b111100101001 Q
#40020000
0*
#40025000
b1 I
0!
b10 =
1*
#40026000
b111100101010 Q
#40030000
0*
#40035000
b11 =
0@
b10 I
1*
#40036000
b111100101011 Q
#40040000
0*
#40045000
b11 I
06
0A
17
b100 =
1*
#40046000
b111100101100 Q
#40050000
0*
#40055000
07
b101 =
b100 I
1*
#40056000
b111100101101 Q
#40060000
0*
#40065000
b101 I
b110 =
1*
#40066000
b111100101110 Q
#40070000
0*
#40075000
b111 =
b110 I
1*
#40076000
b111100101111 Q
#40080000
0*
#40085000
b111 I
b1000 =
1*
#40086000
b111100110000 Q
#40090000
0*
#40095000
18
b1001 =
b1000 I
1*
#40096000
b111100110001 Q
#40100000
0*
#40105000
1E
b1001 I
b10 >
08
b0 =
1*
#40106000
b111100110010 Q
#40110000
0*
#40115000
b1 =
b10 J
0E
b0 I
1*
#40116000
b111100110011 Q
#40120000
0*
#40125000
b1 I
1!
b10 =
1*
#40126000
b111100110100 Q
#40130000
0*
#40135000
b11 =
1@
b10 I
1*
#40136000
b111100110101 Q
#40140000
0*
#40145000
b11 I
16
1A
17
b100 =
1*
#40146000
b111100110110 Q
#40150000
0*
#40155000
07
b101 =
b100 I
1*
#40156000
b111100110111 Q
#40160000
0*
#40165000
b101 I
b110 =
1*
#40166000
b111100111000 Q
#40170000
0*
#40175000
b111 =
b110 I
1*
#40176000
b111100111001 Q
#40180000
0*
#40185000
b111 I
b1000 =
1*
#40186000
b111100111010 Q
#40190000
0*
#40195000
18
b1001 =
b1000 I
1*
#40196000
b111100111011 Q
#40200000
0*
#40205000
1E
b1001 I
b11 >
08
b0 =
b110101 B
1*
#40206000
b111100111100 Q
#40210000
0*
#40215000
b1 =
b11 J
0E
b0 I
1*
#40216000
b111100111101 Q
#40220000
0*
#40225000
b1 I
0!
b10 =
1*
#40226000
b111100111110 Q
#40230000
0*
#40235000
b11 =
0@
b10 I
1*
#40236000
b111100111111 Q
#40240000
0*
#40245000
b11 I
06
0A
17
b100 =
1*
#40246000
b111101000000 Q
#40250000
0*
#40255000
07
b101 =
b100 I
1*
#40256000
b111101000001 Q
#40260000
0*
#40265000
b101 I
b110 =
1*
#40266000
b111101000010 Q
#40270000
0*
#40275000
b111 =
b110 I
1*
#40276000
b111101000011 Q
#40280000
0*
#40285000
b111 I
b1000 =
1*
#40286000
b111101000100 Q
#40290000
0*
#40295000
18
b1001 =
b1000 I
1*
#40296000
b111101000101 Q
#40300000
0*
#40305000
1E
b1001 I
b100 >
08
b0 =
1*
#40306000
b111101000110 Q
#40310000
0*
#40315000
b1 =
b100 J
0E
b0 I
1*
#40316000
b111101000111 Q
#40320000
0*
#40325000
b1 I
b10 =
1*
#40326000
b111101001000 Q
#40330000
0*
#40335000
b11 =
b10 I
1*
#40336000
b111101001001 Q
#40340000
0*
#40345000
b11 I
17
b100 =
1*
#40346000
b111101001010 Q
#40350000
0*
#40355000
07
b101 =
b100 I
1*
#40356000
b111101001011 Q
#40360000
0*
#40365000
b101 I
b110 =
1*
#40366000
b111101001100 Q
#40370000
0*
#40375000
b111 =
b110 I
1*
#40376000
b111101001101 Q
#40380000
0*
#40385000
b111 I
b1000 =
1*
#40386000
b111101001110 Q
#40390000
0*
#40395000
18
b1001 =
b1000 I
1*
#40396000
b111101001111 Q
#40400000
0*
#40405000
1E
b1001 I
b101 >
08
b0 =
b100101 B
1*
#40406000
b111101010000 Q
#40410000
0*
#40415000
b1 =
b101 J
0E
b0 I
1*
#40416000
b111101010001 Q
#40420000
0*
#40425000
b1 I
b10 =
1*
#40426000
b111101010010 Q
#40430000
0*
#40435000
b11 =
b10 I
1*
#40436000
b111101010011 Q
#40440000
0*
#40445000
b11 I
17
b100 =
1*
#40446000
b111101010100 Q
#40450000
0*
#40455000
07
b101 =
b100 I
1*
#40456000
b111101010101 Q
#40460000
0*
#40465000
b101 I
b110 =
1*
#40466000
b111101010110 Q
#40470000
0*
#40475000
b111 =
b110 I
1*
#40476000
b111101010111 Q
#40480000
0*
#40485000
b111 I
b1000 =
1*
#40486000
b111101011000 Q
#40490000
0*
#40495000
18
b1001 =
b1000 I
1*
#40496000
b111101011001 Q
#40500000
0*
#40505000
1E
b1001 I
b110 >
08
b0 =
b101 B
1*
#40506000
b111101011010 Q
#40510000
0*
#40515000
b1 =
b110 J
0E
b0 I
1*
#40516000
b111101011011 Q
#40520000
0*
#40525000
b1 I
b10 =
1*
#40526000
b111101011100 Q
#40530000
0*
#40535000
b11 =
b10 I
1*
#40536000
b111101011101 Q
#40540000
0*
#40545000
b11 I
17
b100 =
1*
#40546000
b111101011110 Q
#40550000
0*
#40555000
07
b101 =
b100 I
1*
#40556000
b111101011111 Q
#40560000
0*
#40565000
b101 I
b110 =
1*
#40566000
b111101100000 Q
#40570000
0*
#40575000
b111 =
b110 I
1*
#40576000
b111101100001 Q
#40580000
0*
#40585000
b111 I
b1000 =
1*
#40586000
b111101100010 Q
#40590000
0*
#40595000
18
b1001 =
b1000 I
1*
#40596000
b111101100011 Q
#40600000
0*
#40605000
1E
b1001 I
b111 >
08
b0 =
1*
#40606000
b111101100100 Q
#40610000
0*
#40615000
b1 =
b111 J
0E
b0 I
1*
#40616000
b111101100101 Q
#40620000
0*
#40625000
b1 I
1!
b10 =
1*
#40626000
b111101100110 Q
#40630000
0*
#40635000
b11 =
1@
b10 I
1*
#40636000
b111101100111 Q
#40640000
0*
#40645000
b11 I
16
1A
17
b100 =
1*
#40646000
b111101101000 Q
#40650000
0*
#40655000
07
b101 =
b100 I
1*
#40656000
b111101101001 Q
#40660000
0*
#40665000
b101 I
b110 =
1*
#40666000
b111101101010 Q
#40670000
0*
#40675000
b111 =
b110 I
1*
#40676000
b111101101011 Q
#40680000
0*
#40685000
b111 I
b1000 =
1*
#40686000
b111101101100 Q
#40690000
0*
#40695000
18
b1001 =
b1000 I
1*
#40696000
b111101101101 Q
#40700000
0*
#40705000
1E
b1001 I
b11 C
08
b0 =
b10000101 B
1*
#40706000
b111101101110 Q
#40710000
0*
#40715000
b1 =
b11 K
0E
b0 I
1*
#40716000
b111101101111 Q
#40720000
0*
#40725000
b1 I
b10 =
1*
#40726000
b111101110000 Q
#40730000
0*
#40735000
b11 =
b10 I
1*
#40736000
b111101110001 Q
#40740000
0*
#40745000
b11 I
17
b100 =
1*
#40746000
b111101110010 Q
#40750000
0*
#40755000
07
b101 =
b100 I
1*
#40756000
b111101110011 Q
#40760000
0*
#40765000
b101 I
b110 =
1*
#40766000
b111101110100 Q
#40770000
0*
#40775000
b111 =
b110 I
1*
#40776000
b111101110101 Q
#40780000
0*
#40785000
b111 I
b1000 =
1*
#40786000
b111101110110 Q
#40790000
0*
#40795000
18
b1001 =
b1000 I
1*
#40796000
b111101110111 Q
#40800000
0*
#40805000
1E
b1001 I
b0 C
0'
1$
b10000101 &
b10000101 3
b10000101 ?
08
b0 =
1*
#40806000
b101000 1
b111101111000 Q
#40810000
0*
#40815000
0$
b0 K
0#
1"
0E
b0 I
1*
#40820000
0*
#40825000
0"
1*
#40826000
1-
b1000000 ,
b1000000 2
b1000000 D
b1000000 P
b100000 0
#40830000
0*
#40835000
1#
b1 K
b1000000 L
1*
#40836000
0-
#40840000
0*
#40845000
b1 I
0!
1*
#40846000
b111101111001 Q
#40850000
0*
#40855000
0@
b10 I
1*
#40856000
b111101111010 Q
#40860000
0*
#40865000
b11 I
06
0A
1*
#40866000
b111101111011 Q
#40870000
0*
#40875000
1'
b1 C
b100 I
1*
#40876000
b111101111100 Q
#40880000
0*
#40885000
b101 I
b1 =
1*
#40886000
b111101111101 Q
#40890000
0*
#40895000
b10 =
b110 I
1*
#40896000
b111101111110 Q
#40900000
0*
#40905000
b111 I
b11 =
1*
#40906000
b111101111111 Q
#40910000
0*
#40915000
17
b100 =
b1000 I
1*
#40916000
b111110000000 Q
#40920000
0*
#40925000
1E
b1001 I
b10 C
b0 >
07
b0 =
1*
#40926000
b111110000001 Q
#40930000
0*
#40935000
b1 =
b10 K
b0 J
0E
b0 I
1*
#40936000
b111110000010 Q
#40940000
0*
#40945000
b1 I
b10 =
1*
#40946000
b111110000011 Q
#40950000
0*
#40955000
b11 =
b10 I
1*
#40956000
b111110000100 Q
#40960000
0*
#40965000
b11 I
17
b100 =
1*
#40966000
b111110000101 Q
#40970000
0*
#40975000
07
b101 =
b100 I
1*
#40976000
b111110000110 Q
#40980000
0*
#40985000
b101 I
b110 =
1*
#40986000
b111110000111 Q
#40990000
0*
#40995000
b111 =
b110 I
1*
#40996000
b111110001000 Q
#41000000
0*
#41005000
b111 I
b1000 =
1*
#41006000
b111110001001 Q
#41010000
0*
#41015000
18
b1001 =
b1000 I
1*
#41016000
b111110001010 Q
#41020000
0*
#41025000
1E
b1001 I
b1 >
08
b0 =
b10000100 B
1*
#41026000
b111110001011 Q
#41030000
0*
#41035000
b1 =
b1 J
0E
b0 I
1*
#41036000
b111110001100 Q
#41040000
0*
#41045000
b1 I
b10 =
1*
#41046000
b111110001101 Q
#41050000
0*
#41055000
b11 =
b10 I
1*
#41056000
b111110001110 Q
#41060000
0*
#41065000
b11 I
17
b100 =
1*
#41066000
b111110001111 Q
#41070000
0*
#41075000
07
b101 =
b100 I
1*
#41076000
b111110010000 Q
#41080000
0*
#41085000
b101 I
b110 =
1*
#41086000
b111110010001 Q
#41090000
0*
#41095000
b111 =
b110 I
1*
#41096000
b111110010010 Q
#41100000
0*
#41105000
b111 I
b1000 =
1*
#41106000
b111110010011 Q
#41110000
0*
#41115000
18
b1001 =
b1000 I
1*
#41116000
b111110010100 Q
#41120000
0*
#41125000
1E
b1001 I
b10 >
08
b0 =
1*
#41126000
b111110010101 Q
#41130000
0*
#41135000
b1 =
b10 J
0E
b0 I
1*
#41136000
b111110010110 Q
#41140000
0*
#41145000
b1 I
b10 =
1*
#41146000
b111110010111 Q
#41150000
0*
#41155000
b11 =
b10 I
1*
#41156000
b111110011000 Q
#41160000
0*
#41165000
b11 I
17
b100 =
1*
#41166000
b111110011001 Q
#41170000
0*
#41175000
07
b101 =
b100 I
1*
#41176000
b111110011010 Q
#41180000
0*
#41185000
b101 I
b110 =
1*
#41186000
b111110011011 Q
#41190000
0*
#41195000
b111 =
b110 I
1*
#41196000
b111110011100 Q
#41200000
0*
#41205000
b111 I
b1000 =
1*
#41206000
b111110011101 Q
#41210000
0*
#41215000
18
b1001 =
b1000 I
1*
#41216000
b111110011110 Q
#41220000
0*
#41225000
1E
b1001 I
b11 >
08
b0 =
b10000000 B
1*
#41226000
b111110011111 Q
#41230000
0*
#41235000
b1 =
b11 J
0E
b0 I
1*
#41236000
b111110100000 Q
#41240000
0*
#41245000
b1 I
b10 =
1*
#41246000
b111110100001 Q
#41250000
0*
#41255000
b11 =
b10 I
1*
#41256000
b111110100010 Q
#41260000
0*
#41265000
b11 I
17
b100 =
1*
#41266000
b111110100011 Q
#41270000
0*
#41275000
07
b101 =
b100 I
1*
#41276000
b111110100100 Q
#41280000
0*
#41285000
b101 I
b110 =
1*
#41286000
b111110100101 Q
#41290000
0*
#41295000
b111 =
b110 I
1*
#41296000
b111110100110 Q
#41300000
0*
#41305000
b111 I
b1000 =
1*
#41306000
b111110100111 Q
#41310000
0*
#41315000
18
b1001 =
b1000 I
1*
#41316000
b111110101000 Q
#41320000
0*
#41325000
1E
b1001 I
b100 >
08
b0 =
1*
#41326000
b111110101001 Q
#41330000
0*
#41335000
b1 =
b100 J
0E
b0 I
1*
#41336000
b111110101010 Q
#41340000
0*
#41345000
b1 I
b10 =
1*
#41346000
b111110101011 Q
#41350000
0*
#41355000
b11 =
b10 I
1*
#41356000
b111110101100 Q
#41360000
0*
#41365000
b11 I
17
b100 =
1*
#41366000
b111110101101 Q
#41370000
0*
#41375000
07
b101 =
b100 I
1*
#41376000
b111110101110 Q
#41380000
0*
#41385000
b101 I
b110 =
1*
#41386000
b111110101111 Q
#41390000
0*
#41395000
b111 =
b110 I
1*
#41396000
b111110110000 Q
#41400000
0*
#41405000
b111 I
b1000 =
1*
#41406000
b111110110001 Q
#41410000
0*
#41415000
18
b1001 =
b1000 I
1*
#41416000
b111110110010 Q
#41420000
0*
#41425000
1E
b1001 I
b101 >
08
b0 =
1*
#41426000
b111110110011 Q
#41430000
0*
#41435000
b1 =
b101 J
0E
b0 I
1*
#41436000
b111110110100 Q
#41440000
0*
#41445000
b1 I
b10 =
1*
#41446000
b111110110101 Q
#41450000
0*
#41455000
b11 =
b10 I
1*
#41456000
b111110110110 Q
#41460000
0*
#41465000
b11 I
17
b100 =
1*
#41466000
b111110110111 Q
#41470000
0*
#41475000
07
b101 =
b100 I
1*
#41476000
b111110111000 Q
#41480000
0*
#41485000
b101 I
b110 =
1*
#41486000
b111110111001 Q
#41490000
0*
#41495000
b111 =
b110 I
1*
#41496000
b111110111010 Q
#41500000
0*
#41505000
b111 I
b1000 =
1*
#41506000
b111110111011 Q
#41510000
0*
#41515000
18
b1001 =
b1000 I
1*
#41516000
b111110111100 Q
#41520000
0*
#41525000
1E
b1001 I
b110 >
08
b0 =
1*
#41526000
b111110111101 Q
#41530000
0*
#41535000
b1 =
b110 J
0E
b0 I
1*
#41536000
b111110111110 Q
#41540000
0*
#41545000
b1 I
1!
b10 =
1*
#41546000
b111110111111 Q
#41550000
0*
#41555000
b11 =
1@
b10 I
1*
#41556000
b111111000000 Q
#41560000
0*
#41565000
b11 I
16
1A
17
b100 =
1*
#41566000
b111111000001 Q
#41570000
0*
#41575000
07
b101 =
b100 I
1*
#41576000
b111111000010 Q
#41580000
0*
#41585000
b101 I
b110 =
1*
#41586000
b111111000011 Q
#41590000
0*
#41595000
b111 =
b110 I
1*
#41596000
b111111000100 Q
#41600000
0*
#41605000
b111 I
b1000 =
1*
#41606000
b111111000101 Q
#41610000
0*
#41615000
18
b1001 =
b1000 I
1*
#41616000
b111111000110 Q
#41620000
0*
#41625000
1E
b1001 I
b111 >
08
b0 =
b11000000 B
1*
#41626000
b111111000111 Q
#41630000
0*
#41635000
b1 =
b111 J
0E
b0 I
1*
#41636000
b111111001000 Q
#41640000
0*
#41645000
b1 I
0!
b10 =
1*
#41646000
b111111001001 Q
#41650000
0*
#41655000
b11 =
0@
b10 I
1*
#41656000
b111111001010 Q
#41660000
0*
#41665000
b11 I
06
0A
17
b100 =
1*
#41666000
b111111001011 Q
#41670000
0*
#41675000
07
b101 =
b100 I
1*
#41676000
b111111001100 Q
#41680000
0*
#41685000
b101 I
b110 =
1*
#41686000
b111111001101 Q
#41690000
0*
#41695000
b111 =
b110 I
1*
#41696000
b111111001110 Q
#41700000
0*
#41705000
b111 I
b1000 =
1*
#41706000
b111111001111 Q
#41710000
0*
#41715000
18
b1001 =
b1000 I
1*
#41716000
b111111010000 Q
#41720000
0*
#41725000
1E
b1001 I
b11 C
08
b0 =
b1000000 B
1*
#41726000
b111111010001 Q
#41730000
0*
#41735000
b1 =
b11 K
0E
b0 I
1*
#41736000
b111111010010 Q
#41740000
0*
#41745000
b1 I
1!
b10 =
1*
#41746000
b111111010011 Q
#41750000
0*
#41755000
b11 =
1@
b10 I
1*
#41756000
b111111010100 Q
#41760000
0*
#41765000
b11 I
16
1A
17
b100 =
1*
#41766000
b111111010101 Q
#41770000
0*
#41775000
07
b101 =
b100 I
1*
#41776000
b111111010110 Q
#41780000
0*
#41785000
b101 I
b110 =
1*
#41786000
b111111010111 Q
#41790000
0*
#41795000
b111 =
b110 I
1*
#41796000
b111111011000 Q
#41800000
0*
#41805000
b111 I
b1000 =
1*
#41806000
b111111011001 Q
#41810000
0*
#41815000
18
b1001 =
b1000 I
1*
#41816000
b111111011010 Q
#41820000
0*
#41825000
1E
b1001 I
b0 C
0'
1$
b1000000 &
b1000000 3
b1000000 ?
08
b0 =
1*
#41826000
b101001 1
b111111011011 Q
#41830000
0*
#41835000
0$
b0 K
0#
1"
0E
b0 I
1*
#41840000
0*
#41845000
0"
1*
#41846000
1-
b10010000 ,
b10010000 2
b10010000 D
b10010000 P
b100001 0
#41850000
0*
#41855000
1#
b1 K
b10010000 L
1*
#41856000
0-
#41860000
0*
#41865000
b1 I
0!
1*
#41866000
b111111011100 Q
#41870000
0*
#41875000
0@
b10 I
1*
#41876000
b111111011101 Q
#41880000
0*
#41885000
b11 I
06
0A
1*
#41886000
b111111011110 Q
#41890000
0*
#41895000
1'
b1 C
b100 I
1*
#41896000
b111111011111 Q
#41900000
0*
#41905000
b101 I
b1 =
1*
#41906000
b111111100000 Q
#41910000
0*
#41915000
b10 =
b110 I
1*
#41916000
b111111100001 Q
#41920000
0*
#41925000
b111 I
b11 =
1*
#41926000
b111111100010 Q
#41930000
0*
#41935000
17
b100 =
b1000 I
1*
#41936000
b111111100011 Q
#41940000
0*
#41945000
1E
b1001 I
b10 C
b0 >
07
b0 =
1*
#41946000
b111111100100 Q
#41950000
0*
#41955000
b1 =
b10 K
b0 J
0E
b0 I
1*
#41956000
b111111100101 Q
#41960000
0*
#41965000
b1 I
b10 =
1*
#41966000
b111111100110 Q
#41970000
0*
#41975000
b11 =
b10 I
1*
#41976000
b111111100111 Q
#41980000
0*
#41985000
b11 I
17
b100 =
1*
#41986000
b111111101000 Q
#41990000
0*
#41995000
07
b101 =
b100 I
1*
#41996000
b111111101001 Q
#42000000
0*
#42005000
b101 I
b110 =
1*
#42006000
b111111101010 Q
#42010000
0*
#42015000
b111 =
b110 I
1*
#42016000
b111111101011 Q
#42020000
0*
#42025000
b111 I
b1000 =
1*
#42026000
b111111101100 Q
#42030000
0*
#42035000
18
b1001 =
b1000 I
1*
#42036000
b111111101101 Q
#42040000
0*
#42045000
1E
b1001 I
b1 >
08
b0 =
1*
#42046000
b111111101110 Q
#42050000
0*
#42055000
b1 =
b1 J
0E
b0 I
1*
#42056000
b111111101111 Q
#42060000
0*
#42065000
b1 I
b10 =
1*
#42066000
b111111110000 Q
#42070000
0*
#42075000
b11 =
b10 I
1*
#42076000
b111111110001 Q
#42080000
0*
#42085000
b11 I
17
b100 =
1*
#42086000
b111111110010 Q
#42090000
0*
#42095000
07
b101 =
b100 I
1*
#42096000
b111111110011 Q
#42100000
0*
#42105000
b101 I
b110 =
1*
#42106000
b111111110100 Q
#42110000
0*
#42115000
b111 =
b110 I
1*
#42116000
b111111110101 Q
#42120000
0*
#42125000
b111 I
b1000 =
1*
#42126000
b111111110110 Q
#42130000
0*
#42135000
18
b1001 =
b1000 I
1*
#42136000
b111111110111 Q
#42140000
0*
#42145000
1E
b1001 I
b10 >
08
b0 =
1*
#42146000
b111111111000 Q
#42150000
0*
#42155000
b1 =
b10 J
0E
b0 I
1*
#42156000
b111111111001 Q
#42160000
0*
#42165000
b1 I
b10 =
1*
#42166000
b111111111010 Q
#42170000
0*
#42175000
b11 =
b10 I
1*
#42176000
b111111111011 Q
#42180000
0*
#42185000
b11 I
17
b100 =
1*
#42186000
b111111111100 Q
#42190000
0*
#42195000
07
b101 =
b100 I
1*
#42196000
b111111111101 Q
#42200000
0*
#42205000
b101 I
b110 =
1*
#42206000
b111111111110 Q
#42210000
0*
#42215000
b111 =
b110 I
1*
#42216000
b111111111111 Q
#42220000
0*
#42225000
b111 I
b1000 =
1*
#42226000
b1000000000000 Q
#42230000
0*
#42235000
18
b1001 =
b1000 I
1*
#42236000
b1000000000001 Q
#42240000
0*
#42245000
1E
b1001 I
b11 >
08
b0 =
1*
#42246000
b1000000000010 Q
#42250000
0*
#42255000
b1 =
b11 J
0E
b0 I
1*
#42256000
b1000000000011 Q
#42260000
0*
#42265000
b1 I
b10 =
1*
#42266000
b1000000000100 Q
#42270000
0*
#42275000
b11 =
b10 I
1*
#42276000
b1000000000101 Q
#42280000
0*
#42285000
b11 I
17
b100 =
1*
#42286000
b1000000000110 Q
#42290000
0*
#42295000
07
b101 =
b100 I
1*
#42296000
b1000000000111 Q
#42300000
0*
#42305000
b101 I
b110 =
1*
#42306000
b1000000001000 Q
#42310000
0*
#42315000
b111 =
b110 I
1*
#42316000
b1000000001001 Q
#42320000
0*
#42325000
b111 I
b1000 =
1*
#42326000
b1000000001010 Q
#42330000
0*
#42335000
18
b1001 =
b1000 I
1*
#42336000
b1000000001011 Q
#42340000
0*
#42345000
1E
b1001 I
b100 >
08
b0 =
1*
#42346000
b1000000001100 Q
#42350000
0*
#42355000
b1 =
b100 J
0E
b0 I
1*
#42356000
b1000000001101 Q
#42360000
0*
#42365000
b1 I
1!
b10 =
1*
#42366000
b1000000001110 Q
#42370000
0*
#42375000
b11 =
1@
b10 I
1*
#42376000
b1000000001111 Q
#42380000
0*
#42385000
b11 I
16
1A
17
b100 =
1*
#42386000
b1000000010000 Q
#42390000
0*
#42395000
07
b101 =
b100 I
1*
#42396000
b1000000010001 Q
#42400000
0*
#42405000
b101 I
b110 =
1*
#42406000
b1000000010010 Q
#42410000
0*
#42415000
b111 =
b110 I
1*
#42416000
b1000000010011 Q
#42420000
0*
#42425000
b111 I
b1000 =
1*
#42426000
b1000000010100 Q
#42430000
0*
#42435000
18
b1001 =
b1000 I
1*
#42436000
b1000000010101 Q
#42440000
0*
#42445000
1E
b1001 I
b101 >
08
b0 =
b1010000 B
1*
#42446000
b1000000010110 Q
#42450000
0*
#42455000
b1 =
b101 J
0E
b0 I
1*
#42456000
b1000000010111 Q
#42460000
0*
#42465000
b1 I
0!
b10 =
1*
#42466000
b1000000011000 Q
#42470000
0*
#42475000
b11 =
0@
b10 I
1*
#42476000
b1000000011001 Q
#42480000
0*
#42485000
b11 I
06
0A
17
b100 =
1*
#42486000
b1000000011010 Q
#42490000
0*
#42495000
07
b101 =
b100 I
1*
#42496000
b1000000011011 Q
#42500000
0*
#42505000
b101 I
b110 =
1*
#42506000
b1000000011100 Q
#42510000
0*
#42515000
b111 =
b110 I
1*
#42516000
b1000000011101 Q
#42520000
0*
#42525000
b111 I
b1000 =
1*
#42526000
b1000000011110 Q
#42530000
0*
#42535000
18
b1001 =
b1000 I
1*
#42536000
b1000000011111 Q
#42540000
0*
#42545000
1E
b1001 I
b110 >
08
b0 =
1*
#42546000
b1000000100000 Q
#42550000
0*
#42555000
b1 =
b110 J
0E
b0 I
1*
#42556000
b1000000100001 Q
#42560000
0*
#42565000
b1 I
b10 =
1*
#42566000
b1000000100010 Q
#42570000
0*
#42575000
b11 =
b10 I
1*
#42576000
b1000000100011 Q
#42580000
0*
#42585000
b11 I
17
b100 =
1*
#42586000
b1000000100100 Q
#42590000
0*
#42595000
07
b101 =
b100 I
1*
#42596000
b1000000100101 Q
#42600000
0*
#42605000
b101 I
b110 =
1*
#42606000
b1000000100110 Q
#42610000
0*
#42615000
b111 =
b110 I
1*
#42616000
b1000000100111 Q
#42620000
0*
#42625000
b111 I
b1000 =
1*
#42626000
b1000000101000 Q
#42630000
0*
#42635000
18
b1001 =
b1000 I
1*
#42636000
b1000000101001 Q
#42640000
0*
#42645000
1E
b1001 I
b111 >
08
b0 =
b10000 B
1*
#42646000
b1000000101010 Q
#42650000
0*
#42655000
b1 =
b111 J
0E
b0 I
1*
#42656000
b1000000101011 Q
#42660000
0*
#42665000
b1 I
1!
b10 =
1*
#42666000
b1000000101100 Q
#42670000
0*
#42675000
b11 =
1@
b10 I
1*
#42676000
b1000000101101 Q
#42680000
0*
#42685000
b11 I
16
1A
17
b100 =
1*
#42686000
b1000000101110 Q
#42690000
0*
#42695000
07
b101 =
b100 I
1*
#42696000
b1000000101111 Q
#42700000
0*
#42705000
b101 I
b110 =
1*
#42706000
b1000000110000 Q
#42710000
0*
#42715000
b111 =
b110 I
1*
#42716000
b1000000110001 Q
#42720000
0*
#42725000
b111 I
b1000 =
1*
#42726000
b1000000110010 Q
#42730000
0*
#42735000
18
b1001 =
b1000 I
1*
#42736000
b1000000110011 Q
#42740000
0*
#42745000
1E
b1001 I
b11 C
08
b0 =
b10010000 B
1*
#42746000
b1000000110100 Q
#42750000
0*
#42755000
b1 =
b11 K
0E
b0 I
1*
#42756000
b1000000110101 Q
#42760000
0*
#42765000
b1 I
b10 =
1*
#42766000
b1000000110110 Q
#42770000
0*
#42775000
b11 =
b10 I
1*
#42776000
b1000000110111 Q
#42780000
0*
#42785000
b11 I
17
b100 =
1*
#42786000
b1000000111000 Q
#42790000
0*
#42795000
07
b101 =
b100 I
1*
#42796000
b1000000111001 Q
#42800000
0*
#42805000
b101 I
b110 =
1*
#42806000
b1000000111010 Q
#42810000
0*
#42815000
b111 =
b110 I
1*
#42816000
b1000000111011 Q
#42820000
0*
#42825000
b111 I
b1000 =
1*
#42826000
b1000000111100 Q
#42830000
0*
#42835000
18
b1001 =
b1000 I
1*
#42836000
b1000000111101 Q
#42840000
0*
#42845000
1E
b1001 I
b0 C
0'
1$
b10010000 &
b10010000 3
b10010000 ?
08
b0 =
1*
#42846000
b101010 1
b1000000111110 Q
#42850000
0*
#42855000
0$
b0 K
0#
1"
0E
b0 I
1*
#42860000
0*
#42865000
0"
1*
#42866000
1-
b11010101 ,
b11010101 2
b11010101 D
b11010101 P
b100010 0
#42870000
0*
#42875000
1#
b1 K
b11010101 L
1*
#42876000
0-
#42880000
0*
#42885000
b1 I
0!
1*
#42886000
b1000000111111 Q
#42890000
0*
#42895000
0@
b10 I
1*
#42896000
b1000001000000 Q
#42900000
0*
#42905000
b11 I
06
0A
1*
#42906000
b1000001000001 Q
#42910000
0*
#42915000
1'
b1 C
b100 I
1*
#42916000
b1000001000010 Q
#42920000
0*
#42925000
b101 I
b1 =
1*
#42926000
b1000001000011 Q
#42930000
0*
#42935000
b10 =
b110 I
1*
#42936000
b1000001000100 Q
#42940000
0*
#42945000
b111 I
b11 =
1*
#42946000
b1000001000101 Q
#42950000
0*
#42955000
17
b100 =
b1000 I
1*
#42956000
b1000001000110 Q
#42960000
0*
#42965000
1E
b1001 I
b10 C
b0 >
07
b0 =
1*
#42966000
b1000001000111 Q
#42970000
0*
#42975000
b1 =
b10 K
b0 J
0E
b0 I
1*
#42976000
b1000001001000 Q
#42980000
0*
#42985000
b1 I
1!
b10 =
1*
#42986000
b1000001001001 Q
#42990000
0*
#42995000
b11 =
1@
b10 I
1*
#42996000
b1000001001010 Q
#43000000
0*
#43005000
b11 I
16
1A
17
b100 =
1*
#43006000
b1000001001011 Q
#43010000
0*
#43015000
07
b101 =
b100 I
1*
#43016000
b1000001001100 Q
#43020000
0*
#43025000
b101 I
b110 =
1*
#43026000
b1000001001101 Q
#43030000
0*
#43035000
b111 =
b110 I
1*
#43036000
b1000001001110 Q
#43040000
0*
#43045000
b111 I
b1000 =
1*
#43046000
b1000001001111 Q
#43050000
0*
#43055000
18
b1001 =
b1000 I
1*
#43056000
b1000001010000 Q
#43060000
0*
#43065000
1E
b1001 I
b1 >
08
b0 =
b10010001 B
1*
#43066000
b1000001010001 Q
#43070000
0*
#43075000
b1 =
b1 J
0E
b0 I
1*
#43076000
b1000001010010 Q
#43080000
0*
#43085000
b1 I
0!
b10 =
1*
#43086000
b1000001010011 Q
#43090000
0*
#43095000
b11 =
0@
b10 I
1*
#43096000
b1000001010100 Q
#43100000
0*
#43105000
b11 I
06
0A
17
b100 =
1*
#43106000
b1000001010101 Q
#43110000
0*
#43115000
07
b101 =
b100 I
1*
#43116000
b1000001010110 Q
#43120000
0*
#43125000
b101 I
b110 =
1*
#43126000
b1000001010111 Q
#43130000
0*
#43135000
b111 =
b110 I
1*
#43136000
b1000001011000 Q
#43140000
0*
#43145000
b111 I
b1000 =
1*
#43146000
b1000001011001 Q
#43150000
0*
#43155000
18
b1001 =
b1000 I
1*
#43156000
b1000001011010 Q
#43160000
0*
#43165000
1E
b1001 I
b10 >
08
b0 =
1*
#43166000
b1000001011011 Q
#43170000
0*
#43175000
b1 =
b10 J
0E
b0 I
1*
#43176000
b1000001011100 Q
#43180000
0*
#43185000
b1 I
1!
b10 =
1*
#43186000
b1000001011101 Q
#43190000
0*
#43195000
b11 =
1@
b10 I
1*
#43196000
b1000001011110 Q
#43200000
0*
#43205000
b11 I
16
1A
17
b100 =
1*
#43206000
b1000001011111 Q
#43210000
0*
#43215000
07
b101 =
b100 I
1*
#43216000
b1000001100000 Q
#43220000
0*
#43225000
b101 I
b110 =
1*
#43226000
b1000001100001 Q
#43230000
0*
#43235000
b111 =
b110 I
1*
#43236000
b1000001100010 Q
#43240000
0*
#43245000
b111 I
b1000 =
1*
#43246000
b1000001100011 Q
#43250000
0*
#43255000
18
b1001 =
b1000 I
1*
#43256000
b1000001100100 Q
#43260000
0*
#43265000
1E
b1001 I
b11 >
08
b0 =
b10010101 B
1*
#43266000
b1000001100101 Q
#43270000
0*
#43275000
b1 =
b11 J
0E
b0 I
1*
#43276000
b1000001100110 Q
#43280000
0*
#43285000
b1 I
0!
b10 =
1*
#43286000
b1000001100111 Q
#43290000
0*
#43295000
b11 =
0@
b10 I
1*
#43296000
b1000001101000 Q
#43300000
0*
#43305000
b11 I
06
0A
17
b100 =
1*
#43306000
b1000001101001 Q
#43310000
0*
#43315000
07
b101 =
b100 I
1*
#43316000
b1000001101010 Q
#43320000
0*
#43325000
b101 I
b110 =
1*
#43326000
b1000001101011 Q
#43330000
0*
#43335000
b111 =
b110 I
1*
#43336000
b1000001101100 Q
#43340000
0*
#43345000
b111 I
b1000 =
1*
#43346000
b1000001101101 Q
#43350000
0*
#43355000
18
b1001 =
b1000 I
1*
#43356000
b1000001101110 Q
#43360000
0*
#43365000
1E
b1001 I
b100 >
08
b0 =
1*
#43366000
b1000001101111 Q
#43370000
0*
#43375000
b1 =
b100 J
0E
b0 I
1*
#43376000
b1000001110000 Q
#43380000
0*
#43385000
b1 I
1!
b10 =
1*
#43386000
b1000001110001 Q
#43390000
0*
#43395000
b11 =
1@
b10 I
1*
#43396000
b1000001110010 Q
#43400000
0*
#43405000
b11 I
16
1A
17
b100 =
1*
#43406000
b1000001110011 Q
#43410000
0*
#43415000
07
b101 =
b100 I
1*
#43416000
b1000001110100 Q
#43420000
0*
#43425000
b101 I
b110 =
1*
#43426000
b1000001110101 Q
#43430000
0*
#43435000
b111 =
b110 I
1*
#43436000
b1000001110110 Q
#43440000
0*
#43445000
b111 I
b1000 =
1*
#43446000
b1000001110111 Q
#43450000
0*
#43455000
18
b1001 =
b1000 I
1*
#43456000
b1000001111000 Q
#43460000
0*
#43465000
1E
b1001 I
b101 >
08
b0 =
1*
#43466000
b1000001111001 Q
#43470000
0*
#43475000
b1 =
b101 J
0E
b0 I
1*
#43476000
b1000001111010 Q
#43480000
0*
#43485000
b1 I
0!
b10 =
1*
#43486000
b1000001111011 Q
#43490000
0*
#43495000
b11 =
0@
b10 I
1*
#43496000
b1000001111100 Q
#43500000
0*
#43505000
b11 I
06
0A
17
b100 =
1*
#43506000
b1000001111101 Q
#43510000
0*
#43515000
07
b101 =
b100 I
1*
#43516000
b1000001111110 Q
#43520000
0*
#43525000
b101 I
b110 =
1*
#43526000
b1000001111111 Q
#43530000
0*
#43535000
b111 =
b110 I
1*
#43536000
b1000010000000 Q
#43540000
0*
#43545000
b111 I
b1000 =
1*
#43546000
b1000010000001 Q
#43550000
0*
#43555000
18
b1001 =
b1000 I
1*
#43556000
b1000010000010 Q
#43560000
0*
#43565000
1E
b1001 I
b110 >
08
b0 =
1*
#43566000
b1000010000011 Q
#43570000
0*
#43575000
b1 =
b110 J
0E
b0 I
1*
#43576000
b1000010000100 Q
#43580000
0*
#43585000
b1 I
1!
b10 =
1*
#43586000
b1000010000101 Q
#43590000
0*
#43595000
b11 =
1@
b10 I
1*
#43596000
b1000010000110 Q
#43600000
0*
#43605000
b11 I
16
1A
17
b100 =
1*
#43606000
b1000010000111 Q
#43610000
0*
#43615000
07
b101 =
b100 I
1*
#43616000
b1000010001000 Q
#43620000
0*
#43625000
b101 I
b110 =
1*
#43626000
b1000010001001 Q
#43630000
0*
#43635000
b111 =
b110 I
1*
#43636000
b1000010001010 Q
#43640000
0*
#43645000
b111 I
b1000 =
1*
#43646000
b1000010001011 Q
#43650000
0*
#43655000
18
b1001 =
b1000 I
1*
#43656000
b1000010001100 Q
#43660000
0*
#43665000
1E
b1001 I
b111 >
08
b0 =
b11010101 B
1*
#43666000
b1000010001101 Q
#43670000
0*
#43675000
b1 =
b111 J
0E
b0 I
1*
#43676000
b1000010001110 Q
#43680000
0*
#43685000
b1 I
b10 =
1*
#43686000
b1000010001111 Q
#43690000
0*
#43695000
b11 =
b10 I
1*
#43696000
b1000010010000 Q
#43700000
0*
#43705000
b11 I
17
b100 =
1*
#43706000
b1000010010001 Q
#43710000
0*
#43715000
07
b101 =
b100 I
1*
#43716000
b1000010010010 Q
#43720000
0*
#43725000
b101 I
b110 =
1*
#43726000
b1000010010011 Q
#43730000
0*
#43735000
b111 =
b110 I
1*
#43736000
b1000010010100 Q
#43740000
0*
#43745000
b111 I
b1000 =
1*
#43746000
b1000010010101 Q
#43750000
0*
#43755000
18
b1001 =
b1000 I
1*
#43756000
b1000010010110 Q
#43760000
0*
#43765000
1E
b1001 I
b11 C
08
b0 =
1*
#43766000
b1000010010111 Q
#43770000
0*
#43775000
b1 =
b11 K
0E
b0 I
1*
#43776000
b1000010011000 Q
#43780000
0*
#43785000
b1 I
b10 =
1*
#43786000
b1000010011001 Q
#43790000
0*
#43795000
b11 =
b10 I
1*
#43796000
b1000010011010 Q
#43800000
0*
#43805000
b11 I
17
b100 =
1*
#43806000
b1000010011011 Q
#43810000
0*
#43815000
07
b101 =
b100 I
1*
#43816000
b1000010011100 Q
#43820000
0*
#43825000
b101 I
b110 =
1*
#43826000
b1000010011101 Q
#43830000
0*
#43835000
b111 =
b110 I
1*
#43836000
b1000010011110 Q
#43840000
0*
#43845000
b111 I
b1000 =
1*
#43846000
b1000010011111 Q
#43850000
0*
#43855000
18
b1001 =
b1000 I
1*
#43856000
b1000010100000 Q
#43860000
0*
#43865000
1E
b1001 I
b0 C
0'
1$
b11010101 &
b11010101 3
b11010101 ?
08
b0 =
1*
#43866000
b101011 1
b1000010100001 Q
#43870000
0*
#43875000
0$
b0 K
0#
1"
0E
b0 I
1*
#43880000
0*
#43885000
0"
1*
#43886000
1-
b1001110 ,
b1001110 2
b1001110 D
b1001110 P
b100011 0
#43890000
0*
#43895000
1#
b1 K
b1001110 L
1*
#43896000
0-
#43900000
0*
#43905000
b1 I
0!
1*
#43906000
b1000010100010 Q
#43910000
0*
#43915000
0@
b10 I
1*
#43916000
b1000010100011 Q
#43920000
0*
#43925000
b11 I
06
0A
1*
#43926000
b1000010100100 Q
#43930000
0*
#43935000
1'
b1 C
b100 I
1*
#43936000
b1000010100101 Q
#43940000
0*
#43945000
b101 I
b1 =
1*
#43946000
b1000010100110 Q
#43950000
0*
#43955000
b10 =
b110 I
1*
#43956000
b1000010100111 Q
#43960000
0*
#43965000
b111 I
b11 =
1*
#43966000
b1000010101000 Q
#43970000
0*
#43975000
17
b100 =
b1000 I
1*
#43976000
b1000010101001 Q
#43980000
0*
#43985000
1E
b1001 I
b10 C
b0 >
07
b0 =
1*
#43986000
b1000010101010 Q
#43990000
0*
#43995000
b1 =
b10 K
b0 J
0E
b0 I
1*
#43996000
b1000010101011 Q
#44000000
0*
#44005000
b1 I
b10 =
1*
#44006000
b1000010101100 Q
#44010000
0*
#44015000
b11 =
b10 I
1*
#44016000
b1000010101101 Q
#44020000
0*
#44025000
b11 I
17
b100 =
1*
#44026000
b1000010101110 Q
#44030000
0*
#44035000
07
b101 =
b100 I
1*
#44036000
b1000010101111 Q
#44040000
0*
#44045000
b101 I
b110 =
1*
#44046000
b1000010110000 Q
#44050000
0*
#44055000
b111 =
b110 I
1*
#44056000
b1000010110001 Q
#44060000
0*
#44065000
b111 I
b1000 =
1*
#44066000
b1000010110010 Q
#44070000
0*
#44075000
18
b1001 =
b1000 I
1*
#44076000
b1000010110011 Q
#44080000
0*
#44085000
1E
b1001 I
b1 >
08
b0 =
b11010100 B
1*
#44086000
b1000010110100 Q
#44090000
0*
#44095000
b1 =
b1 J
0E
b0 I
1*
#44096000
b1000010110101 Q
#44100000
0*
#44105000
b1 I
1!
b10 =
1*
#44106000
b1000010110110 Q
#44110000
0*
#44115000
b11 =
1@
b10 I
1*
#44116000
b1000010110111 Q
#44120000
0*
#44125000
b11 I
16
1A
17
b100 =
1*
#44126000
b1000010111000 Q
#44130000
0*
#44135000
07
b101 =
b100 I
1*
#44136000
b1000010111001 Q
#44140000
0*
#44145000
b101 I
b110 =
1*
#44146000
b1000010111010 Q
#44150000
0*
#44155000
b111 =
b110 I
1*
#44156000
b1000010111011 Q
#44160000
0*
#44165000
b111 I
b1000 =
1*
#44166000
b1000010111100 Q
#44170000
0*
#44175000
18
b1001 =
b1000 I
1*
#44176000
b1000010111101 Q
#44180000
0*
#44185000
1E
b1001 I
b10 >
08
b0 =
b11010110 B
1*
#44186000
b1000010111110 Q
#44190000
0*
#44195000
b1 =
b10 J
0E
b0 I
1*
#44196000
b1000010111111 Q
#44200000
0*
#44205000
b1 I
b10 =
1*
#44206000
b1000011000000 Q
#44210000
0*
#44215000
b11 =
b10 I
1*
#44216000
b1000011000001 Q
#44220000
0*
#44225000
b11 I
17
b100 =
1*
#44226000
b1000011000010 Q
#44230000
0*
#44235000
07
b101 =
b100 I
1*
#44236000
b1000011000011 Q
#44240000
0*
#44245000
b101 I
b110 =
1*
#44246000
b1000011000100 Q
#44250000
0*
#44255000
b111 =
b110 I
1*
#44256000
b1000011000101 Q
#44260000
0*
#44265000
b111 I
b1000 =
1*
#44266000
b1000011000110 Q
#44270000
0*
#44275000
18
b1001 =
b1000 I
1*
#44276000
b1000011000111 Q
#44280000
0*
#44285000
1E
b1001 I
b11 >
08
b0 =
1*
#44286000
b1000011001000 Q
#44290000
0*
#44295000
b1 =
b11 J
0E
b0 I
1*
#44296000
b1000011001001 Q
#44300000
0*
#44305000
b1 I
b10 =
1*
#44306000
b1000011001010 Q
#44310000
0*
#44315000
b11 =
b10 I
1*
#44316000
b1000011001011 Q
#44320000
0*
#44325000
b11 I
17
b100 =
1*
#44326000
b1000011001100 Q
#44330000
0*
#44335000
07
b101 =
b100 I
1*
#44336000
b1000011001101 Q
#44340000
0*
#44345000
b101 I
b110 =
1*
#44346000
b1000011001110 Q
#44350000
0*
#44355000
b111 =
b110 I
1*
#44356000
b1000011001111 Q
#44360000
0*
#44365000
b111 I
b1000 =
1*
#44366000
b1000011010000 Q
#44370000
0*
#44375000
18
b1001 =
b1000 I
1*
#44376000
b1000011010001 Q
#44380000
0*
#44385000
1E
b1001 I
b100 >
08
b0 =
b11011110 B
1*
#44386000
b1000011010010 Q
#44390000
0*
#44395000
b1 =
b100 J
0E
b0 I
1*
#44396000
b1000011010011 Q
#44400000
0*
#44405000
b1 I
0!
b10 =
1*
#44406000
b1000011010100 Q
#44410000
0*
#44415000
b11 =
0@
b10 I
1*
#44416000
b1000011010101 Q
#44420000
0*
#44425000
b11 I
06
0A
17
b100 =
1*
#44426000
b1000011010110 Q
#44430000
0*
#44435000
07
b101 =
b100 I
1*
#44436000
b1000011010111 Q
#44440000
0*
#44445000
b101 I
b110 =
1*
#44446000
b1000011011000 Q
#44450000
0*
#44455000
b111 =
b110 I
1*
#44456000
b1000011011001 Q
#44460000
0*
#44465000
b111 I
b1000 =
1*
#44466000
b1000011011010 Q
#44470000
0*
#44475000
18
b1001 =
b1000 I
1*
#44476000
b1000011011011 Q
#44480000
0*
#44485000
1E
b1001 I
b101 >
08
b0 =
b11001110 B
1*
#44486000
b1000011011100 Q
#44490000
0*
#44495000
b1 =
b101 J
0E
b0 I
1*
#44496000
b1000011011101 Q
#44500000
0*
#44505000
b1 I
b10 =
1*
#44506000
b1000011011110 Q
#44510000
0*
#44515000
b11 =
b10 I
1*
#44516000
b1000011011111 Q
#44520000
0*
#44525000
b11 I
17
b100 =
1*
#44526000
b1000011100000 Q
#44530000
0*
#44535000
07
b101 =
b100 I
1*
#44536000
b1000011100001 Q
#44540000
0*
#44545000
b101 I
b110 =
1*
#44546000
b1000011100010 Q
#44550000
0*
#44555000
b111 =
b110 I
1*
#44556000
b1000011100011 Q
#44560000
0*
#44565000
b111 I
b1000 =
1*
#44566000
b1000011100100 Q
#44570000
0*
#44575000
18
b1001 =
b1000 I
1*
#44576000
b1000011100101 Q
#44580000
0*
#44585000
1E
b1001 I
b110 >
08
b0 =
1*
#44586000
b1000011100110 Q
#44590000
0*
#44595000
b1 =
b110 J
0E
b0 I
1*
#44596000
b1000011100111 Q
#44600000
0*
#44605000
b1 I
1!
b10 =
1*
#44606000
b1000011101000 Q
#44610000
0*
#44615000
b11 =
1@
b10 I
1*
#44616000
b1000011101001 Q
#44620000
0*
#44625000
b11 I
16
1A
17
b100 =
1*
#44626000
b1000011101010 Q
#44630000
0*
#44635000
07
b101 =
b100 I
1*
#44636000
b1000011101011 Q
#44640000
0*
#44645000
b101 I
b110 =
1*
#44646000
b1000011101100 Q
#44650000
0*
#44655000
b111 =
b110 I
1*
#44656000
b1000011101101 Q
#44660000
0*
#44665000
b111 I
b1000 =
1*
#44666000
b1000011101110 Q
#44670000
0*
#44675000
18
b1001 =
b1000 I
1*
#44676000
b1000011101111 Q
#44680000
0*
#44685000
1E
b1001 I
b111 >
08
b0 =
1*
#44686000
b1000011110000 Q
#44690000
0*
#44695000
b1 =
b111 J
0E
b0 I
1*
#44696000
b1000011110001 Q
#44700000
0*
#44705000
b1 I
0!
b10 =
1*
#44706000
b1000011110010 Q
#44710000
0*
#44715000
b11 =
0@
b10 I
1*
#44716000
b1000011110011 Q
#44720000
0*
#44725000
b11 I
06
0A
17
b100 =
1*
#44726000
b1000011110100 Q
#44730000
0*
#44735000
07
b101 =
b100 I
1*
#44736000
b1000011110101 Q
#44740000
0*
#44745000
b101 I
b110 =
1*
#44746000
b1000011110110 Q
#44750000
0*
#44755000
b111 =
b110 I
1*
#44756000
b1000011110111 Q
#44760000
0*
#44765000
b111 I
b1000 =
1*
#44766000
b1000011111000 Q
#44770000
0*
#44775000
18
b1001 =
b1000 I
1*
#44776000
b1000011111001 Q
#44780000
0*
#44785000
1E
b1001 I
b11 C
08
b0 =
b1001110 B
1*
#44786000
b1000011111010 Q
#44790000
0*
#44795000
b1 =
b11 K
0E
b0 I
1*
#44796000
b1000011111011 Q
#44800000
0*
#44805000
b1 I
1!
b10 =
1*
#44806000
b1000011111100 Q
#44810000
0*
#44815000
b11 =
1@
b10 I
1*
#44816000
b1000011111101 Q
#44820000
0*
#44825000
b11 I
16
1A
17
b100 =
1*
#44826000
b1000011111110 Q
#44830000
0*
#44835000
07
b101 =
b100 I
1*
#44836000
b1000011111111 Q
#44840000
0*
#44845000
b101 I
b110 =
1*
#44846000
b1000100000000 Q
#44850000
0*
#44855000
b111 =
b110 I
1*
#44856000
b1000100000001 Q
#44860000
0*
#44865000
b111 I
b1000 =
1*
#44866000
b1000100000010 Q
#44870000
0*
#44875000
18
b1001 =
b1000 I
1*
#44876000
b1000100000011 Q
#44880000
0*
#44885000
1E
b1001 I
b0 C
0'
1$
b1001110 &
b1001110 3
b1001110 ?
08
b0 =
1*
#44886000
b101100 1
b1000100000100 Q
#44890000
0*
#44895000
0$
b0 K
0#
1"
0E
b0 I
1*
#44900000
0*
#44905000
0"
1*
#44906000
1-
b1001011 ,
b1001011 2
b1001011 D
b1001011 P
b100100 0
#44910000
0*
#44915000
1#
b1 K
b1001011 L
1*
#44916000
0-
#44920000
0*
#44925000
b1 I
0!
1*
#44926000
b1000100000101 Q
#44930000
0*
#44935000
0@
b10 I
1*
#44936000
b1000100000110 Q
#44940000
0*
#44945000
b11 I
06
0A
1*
#44946000
b1000100000111 Q
#44950000
0*
#44955000
1'
b1 C
b100 I
1*
#44956000
b1000100001000 Q
#44960000
0*
#44965000
b101 I
b1 =
1*
#44966000
b1000100001001 Q
#44970000
0*
#44975000
b10 =
b110 I
1*
#44976000
b1000100001010 Q
#44980000
0*
#44985000
b111 I
b11 =
1*
#44986000
b1000100001011 Q
#44990000
0*
#44995000
17
b100 =
b1000 I
1*
#44996000
b1000100001100 Q
#45000000
0*
#45005000
1E
b1001 I
b10 C
b0 >
07
b0 =
1*
#45006000
b1000100001101 Q
#45010000
0*
#45015000
b1 =
b10 K
b0 J
0E
b0 I
1*
#45016000
b1000100001110 Q
#45020000
0*
#45025000
b1 I
1!
b10 =
1*
#45026000
b1000100001111 Q
#45030000
0*
#45035000
b11 =
1@
b10 I
1*
#45036000
b1000100010000 Q
#45040000
0*
#45045000
b11 I
16
1A
17
b100 =
1*
#45046000
b1000100010001 Q
#45050000
0*
#45055000
07
b101 =
b100 I
1*
#45056000
b1000100010010 Q
#45060000
0*
#45065000
b101 I
b110 =
1*
#45066000
b1000100010011 Q
#45070000
0*
#45075000
b111 =
b110 I
1*
#45076000
b1000100010100 Q
#45080000
0*
#45085000
b111 I
b1000 =
1*
#45086000
b1000100010101 Q
#45090000
0*
#45095000
18
b1001 =
b1000 I
1*
#45096000
b1000100010110 Q
#45100000
0*
#45105000
1E
b1001 I
b1 >
08
b0 =
b1001111 B
1*
#45106000
b1000100010111 Q
#45110000
0*
#45115000
b1 =
b1 J
0E
b0 I
1*
#45116000
b1000100011000 Q
#45120000
0*
#45125000
b1 I
b10 =
1*
#45126000
b1000100011001 Q
#45130000
0*
#45135000
b11 =
b10 I
1*
#45136000
b1000100011010 Q
#45140000
0*
#45145000
b11 I
17
b100 =
1*
#45146000
b1000100011011 Q
#45150000
0*
#45155000
07
b101 =
b100 I
1*
#45156000
b1000100011100 Q
#45160000
0*
#45165000
b101 I
b110 =
1*
#45166000
b1000100011101 Q
#45170000
0*
#45175000
b111 =
b110 I
1*
#45176000
b1000100011110 Q
#45180000
0*
#45185000
b111 I
b1000 =
1*
#45186000
b1000100011111 Q
#45190000
0*
#45195000
18
b1001 =
b1000 I
1*
#45196000
b1000100100000 Q
#45200000
0*
#45205000
1E
b1001 I
b10 >
08
b0 =
1*
#45206000
b1000100100001 Q
#45210000
0*
#45215000
b1 =
b10 J
0E
b0 I
1*
#45216000
b1000100100010 Q
#45220000
0*
#45225000
b1 I
0!
b10 =
1*
#45226000
b1000100100011 Q
#45230000
0*
#45235000
b11 =
0@
b10 I
1*
#45236000
b1000100100100 Q
#45240000
0*
#45245000
b11 I
06
0A
17
b100 =
1*
#45246000
b1000100100101 Q
#45250000
0*
#45255000
07
b101 =
b100 I
1*
#45256000
b1000100100110 Q
#45260000
0*
#45265000
b101 I
b110 =
1*
#45266000
b1000100100111 Q
#45270000
0*
#45275000
b111 =
b110 I
1*
#45276000
b1000100101000 Q
#45280000
0*
#45285000
b111 I
b1000 =
1*
#45286000
b1000100101001 Q
#45290000
0*
#45295000
18
b1001 =
b1000 I
1*
#45296000
b1000100101010 Q
#45300000
0*
#45305000
1E
b1001 I
b11 >
08
b0 =
b1001011 B
1*
#45306000
b1000100101011 Q
#45310000
0*
#45315000
b1 =
b11 J
0E
b0 I
1*
#45316000
b1000100101100 Q
#45320000
0*
#45325000
b1 I
1!
b10 =
1*
#45326000
b1000100101101 Q
#45330000
0*
#45335000
b11 =
1@
b10 I
1*
#45336000
b1000100101110 Q
#45340000
0*
#45345000
b11 I
16
1A
17
b100 =
1*
#45346000
b1000100101111 Q
#45350000
0*
#45355000
07
b101 =
b100 I
1*
#45356000
b1000100110000 Q
#45360000
0*
#45365000
b101 I
b110 =
1*
#45366000
b1000100110001 Q
#45370000
0*
#45375000
b111 =
b110 I
1*
#45376000
b1000100110010 Q
#45380000
0*
#45385000
b111 I
b1000 =
1*
#45386000
b1000100110011 Q
#45390000
0*
#45395000
18
b1001 =
b1000 I
1*
#45396000
b1000100110100 Q
#45400000
0*
#45405000
1E
b1001 I
b100 >
08
b0 =
1*
#45406000
b1000100110101 Q
#45410000
0*
#45415000
b1 =
b100 J
0E
b0 I
1*
#45416000
b1000100110110 Q
#45420000
0*
#45425000
b1 I
0!
b10 =
1*
#45426000
b1000100110111 Q
#45430000
0*
#45435000
b11 =
0@
b10 I
1*
#45436000
b1000100111000 Q
#45440000
0*
#45445000
b11 I
06
0A
17
b100 =
1*
#45446000
b1000100111001 Q
#45450000
0*
#45455000
07
b101 =
b100 I
1*
#45456000
b1000100111010 Q
#45460000
0*
#45465000
b101 I
b110 =
1*
#45466000
b1000100111011 Q
#45470000
0*
#45475000
b111 =
b110 I
1*
#45476000
b1000100111100 Q
#45480000
0*
#45485000
b111 I
b1000 =
1*
#45486000
b1000100111101 Q
#45490000
0*
#45495000
18
b1001 =
b1000 I
1*
#45496000
b1000100111110 Q
#45500000
0*
#45505000
1E
b1001 I
b101 >
08
b0 =
1*
#45506000
b1000100111111 Q
#45510000
0*
#45515000
b1 =
b101 J
0E
b0 I
1*
#45516000
b1000101000000 Q
#45520000
0*
#45525000
b1 I
b10 =
1*
#45526000
b1000101000001 Q
#45530000
0*
#45535000
b11 =
b10 I
1*
#45536000
b1000101000010 Q
#45540000
0*
#45545000
b11 I
17
b100 =
1*
#45546000
b1000101000011 Q
#45550000
0*
#45555000
07
b101 =
b100 I
1*
#45556000
b1000101000100 Q
#45560000
0*
#45565000
b101 I
b110 =
1*
#45566000
b1000101000101 Q
#45570000
0*
#45575000
b111 =
b110 I
1*
#45576000
b1000101000110 Q
#45580000
0*
#45585000
b111 I
b1000 =
1*
#45586000
b1000101000111 Q
#45590000
0*
#45595000
18
b1001 =
b1000 I
1*
#45596000
b1000101001000 Q
#45600000
0*
#45605000
1E
b1001 I
b110 >
08
b0 =
1*
#45606000
b1000101001001 Q
#45610000
0*
#45615000
b1 =
b110 J
0E
b0 I
1*
#45616000
b1000101001010 Q
#45620000
0*
#45625000
b1 I
1!
b10 =
1*
#45626000
b1000101001011 Q
#45630000
0*
#45635000
b11 =
1@
b10 I
1*
#45636000
b1000101001100 Q
#45640000
0*
#45645000
b11 I
16
1A
17
b100 =
1*
#45646000
b1000101001101 Q
#45650000
0*
#45655000
07
b101 =
b100 I
1*
#45656000
b1000101001110 Q
#45660000
0*
#45665000
b101 I
b110 =
1*
#45666000
b1000101001111 Q
#45670000
0*
#45675000
b111 =
b110 I
1*
#45676000
b1000101010000 Q
#45680000
0*
#45685000
b111 I
b1000 =
1*
#45686000
b1000101010001 Q
#45690000
0*
#45695000
18
b1001 =
b1000 I
1*
#45696000
b1000101010010 Q
#45700000
0*
#45705000
1E
b1001 I
b111 >
08
b0 =
1*
#45706000
b1000101010011 Q
#45710000
0*
#45715000
b1 =
b111 J
0E
b0 I
1*
#45716000
b1000101010100 Q
#45720000
0*
#45725000
b1 I
0!
b10 =
1*
#45726000
b1000101010101 Q
#45730000
0*
#45735000
b11 =
0@
b10 I
1*
#45736000
b1000101010110 Q
#45740000
0*
#45745000
b11 I
06
0A
17
b100 =
1*
#45746000
b1000101010111 Q
#45750000
0*
#45755000
07
b101 =
b100 I
1*
#45756000
b1000101011000 Q
#45760000
0*
#45765000
b101 I
b110 =
1*
#45766000
b1000101011001 Q
#45770000
0*
#45775000
b111 =
b110 I
1*
#45776000
b1000101011010 Q
#45780000
0*
#45785000
b111 I
b1000 =
1*
#45786000
b1000101011011 Q
#45790000
0*
#45795000
18
b1001 =
b1000 I
1*
#45796000
b1000101011100 Q
#45800000
0*
#45805000
1E
b1001 I
b11 C
08
b0 =
1*
#45806000
b1000101011101 Q
#45810000
0*
#45815000
b1 =
b11 K
0E
b0 I
1*
#45816000
b1000101011110 Q
#45820000
0*
#45825000
b1 I
1!
b10 =
1*
#45826000
b1000101011111 Q
#45830000
0*
#45835000
b11 =
1@
b10 I
1*
#45836000
b1000101100000 Q
#45840000
0*
#45845000
b11 I
16
1A
17
b100 =
1*
#45846000
b1000101100001 Q
#45850000
0*
#45855000
07
b101 =
b100 I
1*
#45856000
b1000101100010 Q
#45860000
0*
#45865000
b101 I
b110 =
1*
#45866000
b1000101100011 Q
#45870000
0*
#45875000
b111 =
b110 I
1*
#45876000
b1000101100100 Q
#45880000
0*
#45885000
b111 I
b1000 =
1*
#45886000
b1000101100101 Q
#45890000
0*
#45895000
18
b1001 =
b1000 I
1*
#45896000
b1000101100110 Q
#45900000
0*
#45905000
1E
b1001 I
b0 C
0'
1$
b1001011 &
b1001011 3
b1001011 ?
08
b0 =
1*
#45906000
b101101 1
b1000101100111 Q
#45910000
0*
#45915000
0$
b0 K
0#
1"
0E
b0 I
1*
#45920000
0*
#45925000
0"
1*
#45926000
1-
b1001 ,
b1001 2
b1001 D
b1001 P
b100101 0
#45930000
0*
#45935000
1#
b1 K
b1001 L
1*
#45936000
0-
#45940000
0*
#45945000
b1 I
0!
1*
#45946000
b1000101101000 Q
#45950000
0*
#45955000
0@
b10 I
1*
#45956000
b1000101101001 Q
#45960000
0*
#45965000
b11 I
06
0A
1*
#45966000
b1000101101010 Q
#45970000
0*
#45975000
1'
b1 C
b100 I
1*
#45976000
b1000101101011 Q
#45980000
0*
#45985000
b101 I
b1 =
1*
#45986000
b1000101101100 Q
#45990000
0*
#45995000
b10 =
b110 I
1*
#45996000
b1000101101101 Q
#46000000
0*
#46005000
b111 I
b11 =
1*
#46006000
b1000101101110 Q
#46010000
0*
#46015000
17
b100 =
b1000 I
1*
#46016000
b1000101101111 Q
#46020000
0*
#46025000
1E
b1001 I
b10 C
b0 >
07
b0 =
1*
#46026000
b1000101110000 Q
#46030000
0*
#46035000
b1 =
b10 K
b0 J
0E
b0 I
1*
#46036000
b1000101110001 Q
#46040000
0*
#46045000
b1 I
1!
b10 =
1*
#46046000
b1000101110010 Q
#46050000
0*
#46055000
b11 =
1@
b10 I
1*
#46056000
b1000101110011 Q
#46060000
0*
#46065000
b11 I
16
1A
17
b100 =
1*
#46066000
b1000101110100 Q
#46070000
0*
#46075000
07
b101 =
b100 I
1*
#46076000
b1000101110101 Q
#46080000
0*
#46085000
b101 I
b110 =
1*
#46086000
b1000101110110 Q
#46090000
0*
#46095000
b111 =
b110 I
1*
#46096000
b1000101110111 Q
#46100000
0*
#46105000
b111 I
b1000 =
1*
#46106000
b1000101111000 Q
#46110000
0*
#46115000
18
b1001 =
b1000 I
1*
#46116000
b1000101111001 Q
#46120000
0*
#46125000
1E
b1001 I
b1 >
08
b0 =
1*
#46126000
b1000101111010 Q
#46130000
0*
#46135000
b1 =
b1 J
0E
b0 I
1*
#46136000
b1000101111011 Q
#46140000
0*
#46145000
b1 I
0!
b10 =
1*
#46146000
b1000101111100 Q
#46150000
0*
#46155000
b11 =
0@
b10 I
1*
#46156000
b1000101111101 Q
#46160000
0*
#46165000
b11 I
06
0A
17
b100 =
1*
#46166000
b1000101111110 Q
#46170000
0*
#46175000
07
b101 =
b100 I
1*
#46176000
b1000101111111 Q
#46180000
0*
#46185000
b101 I
b110 =
1*
#46186000
b1000110000000 Q
#46190000
0*
#46195000
b111 =
b110 I
1*
#46196000
b1000110000001 Q
#46200000
0*
#46205000
b111 I
b1000 =
1*
#46206000
b1000110000010 Q
#46210000
0*
#46215000
18
b1001 =
b1000 I
1*
#46216000
b1000110000011 Q
#46220000
0*
#46225000
1E
b1001 I
b10 >
08
b0 =
b1001001 B
1*
#46226000
b1000110000100 Q
#46230000
0*
#46235000
b1 =
b10 J
0E
b0 I
1*
#46236000
b1000110000101 Q
#46240000
0*
#46245000
b1 I
b10 =
1*
#46246000
b1000110000110 Q
#46250000
0*
#46255000
b11 =
b10 I
1*
#46256000
b1000110000111 Q
#46260000
0*
#46265000
b11 I
17
b100 =
1*
#46266000
b1000110001000 Q
#46270000
0*
#46275000
07
b101 =
b100 I
1*
#46276000
b1000110001001 Q
#46280000
0*
#46285000
b101 I
b110 =
1*
#46286000
b1000110001010 Q
#46290000
0*
#46295000
b111 =
b110 I
1*
#46296000
b1000110001011 Q
#46300000
0*
#46305000
b111 I
b1000 =
1*
#46306000
b1000110001100 Q
#46310000
0*
#46315000
18
b1001 =
b1000 I
1*
#46316000
b1000110001101 Q
#46320000
0*
#46325000
1E
b1001 I
b11 >
08
b0 =
1*
#46326000
b1000110001110 Q
#46330000
0*
#46335000
b1 =
b11 J
0E
b0 I
1*
#46336000
b1000110001111 Q
#46340000
0*
#46345000
b1 I
1!
b10 =
1*
#46346000
b1000110010000 Q
#46350000
0*
#46355000
b11 =
1@
b10 I
1*
#46356000
b1000110010001 Q
#46360000
0*
#46365000
b11 I
16
1A
17
b100 =
1*
#46366000
b1000110010010 Q
#46370000
0*
#46375000
07
b101 =
b100 I
1*
#46376000
b1000110010011 Q
#46380000
0*
#46385000
b101 I
b110 =
1*
#46386000
b1000110010100 Q
#46390000
0*
#46395000
b111 =
b110 I
1*
#46396000
b1000110010101 Q
#46400000
0*
#46405000
b111 I
b1000 =
1*
#46406000
b1000110010110 Q
#46410000
0*
#46415000
18
b1001 =
b1000 I
1*
#46416000
b1000110010111 Q
#46420000
0*
#46425000
1E
b1001 I
b100 >
08
b0 =
1*
#46426000
b1000110011000 Q
#46430000
0*
#46435000
b1 =
b100 J
0E
b0 I
1*
#46436000
b1000110011001 Q
#46440000
0*
#46445000
b1 I
0!
b10 =
1*
#46446000
b1000110011010 Q
#46450000
0*
#46455000
b11 =
0@
b10 I
1*
#46456000
b1000110011011 Q
#46460000
0*
#46465000
b11 I
06
0A
17
b100 =
1*
#46466000
b1000110011100 Q
#46470000
0*
#46475000
07
b101 =
b100 I
1*
#46476000
b1000110011101 Q
#46480000
0*
#46485000
b101 I
b110 =
1*
#46486000
b1000110011110 Q
#46490000
0*
#46495000
b111 =
b110 I
1*
#46496000
b1000110011111 Q
#46500000
0*
#46505000
b111 I
b1000 =
1*
#46506000
b1000110100000 Q
#46510000
0*
#46515000
18
b1001 =
b1000 I
1*
#46516000
b1000110100001 Q
#46520000
0*
#46525000
1E
b1001 I
b101 >
08
b0 =
1*
#46526000
b1000110100010 Q
#46530000
0*
#46535000
b1 =
b101 J
0E
b0 I
1*
#46536000
b1000110100011 Q
#46540000
0*
#46545000
b1 I
b10 =
1*
#46546000
b1000110100100 Q
#46550000
0*
#46555000
b11 =
b10 I
1*
#46556000
b1000110100101 Q
#46560000
0*
#46565000
b11 I
17
b100 =
1*
#46566000
b1000110100110 Q
#46570000
0*
#46575000
07
b101 =
b100 I
1*
#46576000
b1000110100111 Q
#46580000
0*
#46585000
b101 I
b110 =
1*
#46586000
b1000110101000 Q
#46590000
0*
#46595000
b111 =
b110 I
1*
#46596000
b1000110101001 Q
#46600000
0*
#46605000
b111 I
b1000 =
1*
#46606000
b1000110101010 Q
#46610000
0*
#46615000
18
b1001 =
b1000 I
1*
#46616000
b1000110101011 Q
#46620000
0*
#46625000
1E
b1001 I
b110 >
08
b0 =
1*
#46626000
b1000110101100 Q
#46630000
0*
#46635000
b1 =
b110 J
0E
b0 I
1*
#46636000
b1000110101101 Q
#46640000
0*
#46645000
b1 I
b10 =
1*
#46646000
b1000110101110 Q
#46650000
0*
#46655000
b11 =
b10 I
1*
#46656000
b1000110101111 Q
#46660000
0*
#46665000
b11 I
17
b100 =
1*
#46666000
b1000110110000 Q
#46670000
0*
#46675000
07
b101 =
b100 I
1*
#46676000
b1000110110001 Q
#46680000
0*
#46685000
b101 I
b110 =
1*
#46686000
b1000110110010 Q
#46690000
0*
#46695000
b111 =
b110 I
1*
#46696000
b1000110110011 Q
#46700000
0*
#46705000
b111 I
b1000 =
1*
#46706000
b1000110110100 Q
#46710000
0*
#46715000
18
b1001 =
b1000 I
1*
#46716000
b1000110110101 Q
#46720000
0*
#46725000
1E
b1001 I
b111 >
08
b0 =
b1001 B
1*
#46726000
b1000110110110 Q
#46730000
0*
#46735000
b1 =
b111 J
0E
b0 I
1*
#46736000
b1000110110111 Q
#46740000
0*
#46745000
b1 I
b10 =
1*
#46746000
b1000110111000 Q
#46750000
0*
#46755000
b11 =
b10 I
1*
#46756000
b1000110111001 Q
#46760000
0*
#46765000
b11 I
17
b100 =
1*
#46766000
b1000110111010 Q
#46770000
0*
#46775000
07
b101 =
b100 I
1*
#46776000
b1000110111011 Q
#46780000
0*
#46785000
b101 I
b110 =
1*
#46786000
b1000110111100 Q
#46790000
0*
#46795000
b111 =
b110 I
1*
#46796000
b1000110111101 Q
#46800000
0*
#46805000
b111 I
b1000 =
1*
#46806000
b1000110111110 Q
#46810000
0*
#46815000
18
b1001 =
b1000 I
1*
#46816000
b1000110111111 Q
#46820000
0*
#46825000
1E
b1001 I
b11 C
08
b0 =
1*
#46826000
b1000111000000 Q
#46830000
0*
#46835000
b1 =
b11 K
0E
b0 I
1*
#46836000
b1000111000001 Q
#46840000
0*
#46845000
b1 I
1!
b10 =
1*
#46846000
b1000111000010 Q
#46850000
0*
#46855000
b11 =
1@
b10 I
1*
#46856000
b1000111000011 Q
#46860000
0*
#46865000
b11 I
16
1A
17
b100 =
1*
#46866000
b1000111000100 Q
#46870000
0*
#46875000
07
b101 =
b100 I
1*
#46876000
b1000111000101 Q
#46880000
0*
#46885000
b101 I
b110 =
1*
#46886000
b1000111000110 Q
#46890000
0*
#46895000
b111 =
b110 I
1*
#46896000
b1000111000111 Q
#46900000
0*
#46905000
b111 I
b1000 =
1*
#46906000
b1000111001000 Q
#46910000
0*
#46915000
18
b1001 =
b1000 I
1*
#46916000
b1000111001001 Q
#46920000
0*
#46925000
1E
b1001 I
b0 C
0'
1$
b1001 &
b1001 3
b1001 ?
08
b0 =
1*
#46926000
b101110 1
b1000111001010 Q
#46930000
0*
#46935000
0$
b0 K
0#
1"
0E
b0 I
1*
#46940000
0*
#46945000
0"
1*
#46946000
1-
b110 ,
b110 2
b110 D
b110 P
b100110 0
#46950000
0*
#46955000
1#
b1 K
b110 L
1*
#46956000
0-
#46960000
0*
#46965000
b1 I
0!
1*
#46966000
b1000111001011 Q
#46970000
0*
#46975000
0@
b10 I
1*
#46976000
b1000111001100 Q
#46980000
0*
#46985000
b11 I
06
0A
1*
#46986000
b1000111001101 Q
#46990000
0*
#46995000
1'
b1 C
b100 I
1*
#46996000
b1000111001110 Q
#47000000
0*
#47005000
b101 I
b1 =
1*
#47006000
b1000111001111 Q
#47010000
0*
#47015000
b10 =
b110 I
1*
#47016000
b1000111010000 Q
#47020000
0*
#47025000
b111 I
b11 =
1*
#47026000
b1000111010001 Q
#47030000
0*
#47035000
17
b100 =
b1000 I
1*
#47036000
b1000111010010 Q
#47040000
0*
#47045000
1E
b1001 I
b10 C
b0 >
07
b0 =
1*
#47046000
b1000111010011 Q
#47050000
0*
#47055000
b1 =
b10 K
b0 J
0E
b0 I
1*
#47056000
b1000111010100 Q
#47060000
0*
#47065000
b1 I
b10 =
1*
#47066000
b1000111010101 Q
#47070000
0*
#47075000
b11 =
b10 I
1*
#47076000
b1000111010110 Q
#47080000
0*
#47085000
b11 I
17
b100 =
1*
#47086000
b1000111010111 Q
#47090000
0*
#47095000
07
b101 =
b100 I
1*
#47096000
b1000111011000 Q
#47100000
0*
#47105000
b101 I
b110 =
1*
#47106000
b1000111011001 Q
#47110000
0*
#47115000
b111 =
b110 I
1*
#47116000
b1000111011010 Q
#47120000
0*
#47125000
b111 I
b1000 =
1*
#47126000
b1000111011011 Q
#47130000
0*
#47135000
18
b1001 =
b1000 I
1*
#47136000
b1000111011100 Q
#47140000
0*
#47145000
1E
b1001 I
b1 >
08
b0 =
b1000 B
1*
#47146000
b1000111011101 Q
#47150000
0*
#47155000
b1 =
b1 J
0E
b0 I
1*
#47156000
b1000111011110 Q
#47160000
0*
#47165000
b1 I
1!
b10 =
1*
#47166000
b1000111011111 Q
#47170000
0*
#47175000
b11 =
1@
b10 I
1*
#47176000
b1000111100000 Q
#47180000
0*
#47185000
b11 I
16
1A
17
b100 =
1*
#47186000
b1000111100001 Q
#47190000
0*
#47195000
07
b101 =
b100 I
1*
#47196000
b1000111100010 Q
#47200000
0*
#47205000
b101 I
b110 =
1*
#47206000
b1000111100011 Q
#47210000
0*
#47215000
b111 =
b110 I
1*
#47216000
b1000111100100 Q
#47220000
0*
#47225000
b111 I
b1000 =
1*
#47226000
b1000111100101 Q
#47230000
0*
#47235000
18
b1001 =
b1000 I
1*
#47236000
b1000111100110 Q
#47240000
0*
#47245000
1E
b1001 I
b10 >
08
b0 =
b1010 B
1*
#47246000
b1000111100111 Q
#47250000
0*
#47255000
b1 =
b10 J
0E
b0 I
1*
#47256000
b1000111101000 Q
#47260000
0*
#47265000
b1 I
b10 =
1*
#47266000
b1000111101001 Q
#47270000
0*
#47275000
b11 =
b10 I
1*
#47276000
b1000111101010 Q
#47280000
0*
#47285000
b11 I
17
b100 =
1*
#47286000
b1000111101011 Q
#47290000
0*
#47295000
07
b101 =
b100 I
1*
#47296000
b1000111101100 Q
#47300000
0*
#47305000
b101 I
b110 =
1*
#47306000
b1000111101101 Q
#47310000
0*
#47315000
b111 =
b110 I
1*
#47316000
b1000111101110 Q
#47320000
0*
#47325000
b111 I
b1000 =
1*
#47326000
b1000111101111 Q
#47330000
0*
#47335000
18
b1001 =
b1000 I
1*
#47336000
b1000111110000 Q
#47340000
0*
#47345000
1E
b1001 I
b11 >
08
b0 =
b1110 B
1*
#47346000
b1000111110001 Q
#47350000
0*
#47355000
b1 =
b11 J
0E
b0 I
1*
#47356000
b1000111110010 Q
#47360000
0*
#47365000
b1 I
0!
b10 =
1*
#47366000
b1000111110011 Q
#47370000
0*
#47375000
b11 =
0@
b10 I
1*
#47376000
b1000111110100 Q
#47380000
0*
#47385000
b11 I
06
0A
17
b100 =
1*
#47386000
b1000111110101 Q
#47390000
0*
#47395000
07
b101 =
b100 I
1*
#47396000
b1000111110110 Q
#47400000
0*
#47405000
b101 I
b110 =
1*
#47406000
b1000111110111 Q
#47410000
0*
#47415000
b111 =
b110 I
1*
#47416000
b1000111111000 Q
#47420000
0*
#47425000
b111 I
b1000 =
1*
#47426000
b1000111111001 Q
#47430000
0*
#47435000
18
b1001 =
b1000 I
1*
#47436000
b1000111111010 Q
#47440000
0*
#47445000
1E
b1001 I
b100 >
08
b0 =
b110 B
1*
#47446000
b1000111111011 Q
#47450000
0*
#47455000
b1 =
b100 J
0E
b0 I
1*
#47456000
b1000111111100 Q
#47460000
0*
#47465000
b1 I
b10 =
1*
#47466000
b1000111111101 Q
#47470000
0*
#47475000
b11 =
b10 I
1*
#47476000
b1000111111110 Q
#47480000
0*
#47485000
b11 I
17
b100 =
1*
#47486000
b1000111111111 Q
#47490000
0*
#47495000
07
b101 =
b100 I
1*
#47496000
b1001000000000 Q
#47500000
0*
#47505000
b101 I
b110 =
1*
#47506000
b1001000000001 Q
#47510000
0*
#47515000
b111 =
b110 I
1*
#47516000
b1001000000010 Q
#47520000
0*
#47525000
b111 I
b1000 =
1*
#47526000
b1001000000011 Q
#47530000
0*
#47535000
18
b1001 =
b1000 I
1*
#47536000
b1001000000100 Q
#47540000
0*
#47545000
1E
b1001 I
b101 >
08
b0 =
1*
#47546000
b1001000000101 Q
#47550000
0*
#47555000
b1 =
b101 J
0E
b0 I
1*
#47556000
b1001000000110 Q
#47560000
0*
#47565000
b1 I
b10 =
1*
#47566000
b1001000000111 Q
#47570000
0*
#47575000
b11 =
b10 I
1*
#47576000
b1001000001000 Q
#47580000
0*
#47585000
b11 I
17
b100 =
1*
#47586000
b1001000001001 Q
#47590000
0*
#47595000
07
b101 =
b100 I
1*
#47596000
b1001000001010 Q
#47600000
0*
#47605000
b101 I
b110 =
1*
#47606000
b1001000001011 Q
#47610000
0*
#47615000
b111 =
b110 I
1*
#47616000
b1001000001100 Q
#47620000
0*
#47625000
b111 I
b1000 =
1*
#47626000
b1001000001101 Q
#47630000
0*
#47635000
18
b1001 =
b1000 I
1*
#47636000
b1001000001110 Q
#47640000
0*
#47645000
1E
b1001 I
b110 >
08
b0 =
1*
#47646000
b1001000001111 Q
#47650000
0*
#47655000
b1 =
b110 J
0E
b0 I
1*
#47656000
b1001000010000 Q
#47660000
0*
#47665000
b1 I
b10 =
1*
#47666000
b1001000010001 Q
#47670000
0*
#47675000
b11 =
b10 I
1*
#47676000
b1001000010010 Q
#47680000
0*
#47685000
b11 I
17
b100 =
1*
#47686000
b1001000010011 Q
#47690000
0*
#47695000
07
b101 =
b100 I
1*
#47696000
b1001000010100 Q
#47700000
0*
#47705000
b101 I
b110 =
1*
#47706000
b1001000010101 Q
#47710000
0*
#47715000
b111 =
b110 I
1*
#47716000
b1001000010110 Q
#47720000
0*
#47725000
b111 I
b1000 =
1*
#47726000
b1001000010111 Q
#47730000
0*
#47735000
18
b1001 =
b1000 I
1*
#47736000
b1001000011000 Q
#47740000
0*
#47745000
1E
b1001 I
b111 >
08
b0 =
1*
#47746000
b1001000011001 Q
#47750000
0*
#47755000
b1 =
b111 J
0E
b0 I
1*
#47756000
b1001000011010 Q
#47760000
0*
#47765000
b1 I
b10 =
1*
#47766000
b1001000011011 Q
#47770000
0*
#47775000
b11 =
b10 I
1*
#47776000
b1001000011100 Q
#47780000
0*
#47785000
b11 I
17
b100 =
1*
#47786000
b1001000011101 Q
#47790000
0*
#47795000
07
b101 =
b100 I
1*
#47796000
b1001000011110 Q
#47800000
0*
#47805000
b101 I
b110 =
1*
#47806000
b1001000011111 Q
#47810000
0*
#47815000
b111 =
b110 I
1*
#47816000
b1001000100000 Q
#47820000
0*
#47825000
b111 I
b1000 =
1*
#47826000
b1001000100001 Q
#47830000
0*
#47835000
18
b1001 =
b1000 I
1*
#47836000
b1001000100010 Q
#47840000
0*
#47845000
1E
b1001 I
b11 C
08
b0 =
1*
#47846000
b1001000100011 Q
#47850000
0*
#47855000
b1 =
b11 K
0E
b0 I
1*
#47856000
b1001000100100 Q
#47860000
0*
#47865000
b1 I
1!
b10 =
1*
#47866000
b1001000100101 Q
#47870000
0*
#47875000
b11 =
1@
b10 I
1*
#47876000
b1001000100110 Q
#47880000
0*
#47885000
b11 I
16
1A
17
b100 =
1*
#47886000
b1001000100111 Q
#47890000
0*
#47895000
07
b101 =
b100 I
1*
#47896000
b1001000101000 Q
#47900000
0*
#47905000
b101 I
b110 =
1*
#47906000
b1001000101001 Q
#47910000
0*
#47915000
b111 =
b110 I
1*
#47916000
b1001000101010 Q
#47920000
0*
#47925000
b111 I
b1000 =
1*
#47926000
b1001000101011 Q
#47930000
0*
#47935000
18
b1001 =
b1000 I
1*
#47936000
b1001000101100 Q
#47940000
0*
#47945000
1E
b1001 I
b0 C
0'
1$
b110 &
b110 3
b110 ?
08
b0 =
1*
#47946000
b101111 1
b1001000101101 Q
#47950000
0*
#47955000
0$
b0 K
0#
1"
0E
b0 I
1*
#47960000
0*
#47965000
0"
1*
#47966000
1-
b101001 ,
b101001 2
b101001 D
b101001 P
b100111 0
#47970000
0*
#47975000
1#
b1 K
b101001 L
1*
#47976000
0-
#47980000
0*
#47985000
b1 I
0!
1*
#47986000
b1001000101110 Q
#47990000
0*
#47995000
0@
b10 I
1*
#47996000
b1001000101111 Q
#48000000
0*
#48005000
b11 I
06
0A
1*
#48006000
b1001000110000 Q
#48010000
0*
#48015000
1'
b1 C
b100 I
1*
#48016000
b1001000110001 Q
#48020000
0*
#48025000
b101 I
b1 =
1*
#48026000
b1001000110010 Q
#48030000
0*
#48035000
b10 =
b110 I
1*
#48036000
b1001000110011 Q
#48040000
0*
#48045000
b111 I
b11 =
1*
#48046000
b1001000110100 Q
#48050000
0*
#48055000
17
b100 =
b1000 I
1*
#48056000
b1001000110101 Q
#48060000
0*
#48065000
1E
b1001 I
b10 C
b0 >
07
b0 =
1*
#48066000
b1001000110110 Q
#48070000
0*
#48075000
b1 =
b10 K
b0 J
0E
b0 I
1*
#48076000
b1001000110111 Q
#48080000
0*
#48085000
b1 I
1!
b10 =
1*
#48086000
b1001000111000 Q
#48090000
0*
#48095000
b11 =
1@
b10 I
1*
#48096000
b1001000111001 Q
#48100000
0*
#48105000
b11 I
16
1A
17
b100 =
1*
#48106000
b1001000111010 Q
#48110000
0*
#48115000
07
b101 =
b100 I
1*
#48116000
b1001000111011 Q
#48120000
0*
#48125000
b101 I
b110 =
1*
#48126000
b1001000111100 Q
#48130000
0*
#48135000
b111 =
b110 I
1*
#48136000
b1001000111101 Q
#48140000
0*
#48145000
b111 I
b1000 =
1*
#48146000
b1001000111110 Q
#48150000
0*
#48155000
18
b1001 =
b1000 I
1*
#48156000
b1001000111111 Q
#48160000
0*
#48165000
1E
b1001 I
b1 >
08
b0 =
b111 B
1*
#48166000
b1001001000000 Q
#48170000
0*
#48175000
b1 =
b1 J
0E
b0 I
1*
#48176000
b1001001000001 Q
#48180000
0*
#48185000
b1 I
0!
b10 =
1*
#48186000
b1001001000010 Q
#48190000
0*
#48195000
b11 =
0@
b10 I
1*
#48196000
b1001001000011 Q
#48200000
0*
#48205000
b11 I
06
0A
17
b100 =
1*
#48206000
b1001001000100 Q
#48210000
0*
#48215000
07
b101 =
b100 I
1*
#48216000
b1001001000101 Q
#48220000
0*
#48225000
b101 I
b110 =
1*
#48226000
b1001001000110 Q
#48230000
0*
#48235000
b111 =
b110 I
1*
#48236000
b1001001000111 Q
#48240000
0*
#48245000
b111 I
b1000 =
1*
#48246000
b1001001001000 Q
#48250000
0*
#48255000
18
b1001 =
b1000 I
1*
#48256000
b1001001001001 Q
#48260000
0*
#48265000
1E
b1001 I
b10 >
08
b0 =
b101 B
1*
#48266000
b1001001001010 Q
#48270000
0*
#48275000
b1 =
b10 J
0E
b0 I
1*
#48276000
b1001001001011 Q
#48280000
0*
#48285000
b1 I
b10 =
1*
#48286000
b1001001001100 Q
#48290000
0*
#48295000
b11 =
b10 I
1*
#48296000
b1001001001101 Q
#48300000
0*
#48305000
b11 I
17
b100 =
1*
#48306000
b1001001001110 Q
#48310000
0*
#48315000
07
b101 =
b100 I
1*
#48316000
b1001001001111 Q
#48320000
0*
#48325000
b101 I
b110 =
1*
#48326000
b1001001010000 Q
#48330000
0*
#48335000
b111 =
b110 I
1*
#48336000
b1001001010001 Q
#48340000
0*
#48345000
b111 I
b1000 =
1*
#48346000
b1001001010010 Q
#48350000
0*
#48355000
18
b1001 =
b1000 I
1*
#48356000
b1001001010011 Q
#48360000
0*
#48365000
1E
b1001 I
b11 >
08
b0 =
b1 B
1*
#48366000
b1001001010100 Q
#48370000
0*
#48375000
b1 =
b11 J
0E
b0 I
1*
#48376000
b1001001010101 Q
#48380000
0*
#48385000
b1 I
1!
b10 =
1*
#48386000
b1001001010110 Q
#48390000
0*
#48395000
b11 =
1@
b10 I
1*
#48396000
b1001001010111 Q
#48400000
0*
#48405000
b11 I
16
1A
17
b100 =
1*
#48406000
b1001001011000 Q
#48410000
0*
#48415000
07
b101 =
b100 I
1*
#48416000
b1001001011001 Q
#48420000
0*
#48425000
b101 I
b110 =
1*
#48426000
b1001001011010 Q
#48430000
0*
#48435000
b111 =
b110 I
1*
#48436000
b1001001011011 Q
#48440000
0*
#48445000
b111 I
b1000 =
1*
#48446000
b1001001011100 Q
#48450000
0*
#48455000
18
b1001 =
b1000 I
1*
#48456000
b1001001011101 Q
#48460000
0*
#48465000
1E
b1001 I
b100 >
08
b0 =
b1001 B
1*
#48466000
b1001001011110 Q
#48470000
0*
#48475000
b1 =
b100 J
0E
b0 I
1*
#48476000
b1001001011111 Q
#48480000
0*
#48485000
b1 I
0!
b10 =
1*
#48486000
b1001001100000 Q
#48490000
0*
#48495000
b11 =
0@
b10 I
1*
#48496000
b1001001100001 Q
#48500000
0*
#48505000
b11 I
06
0A
17
b100 =
1*
#48506000
b1001001100010 Q
#48510000
0*
#48515000
07
b101 =
b100 I
1*
#48516000
b1001001100011 Q
#48520000
0*
#48525000
b101 I
b110 =
1*
#48526000
b1001001100100 Q
#48530000
0*
#48535000
b111 =
b110 I
1*
#48536000
b1001001100101 Q
#48540000
0*
#48545000
b111 I
b1000 =
1*
#48546000
b1001001100110 Q
#48550000
0*
#48555000
18
b1001 =
b1000 I
1*
#48556000
b1001001100111 Q
#48560000
0*
#48565000
1E
b1001 I
b101 >
08
b0 =
1*
#48566000
b1001001101000 Q
#48570000
0*
#48575000
b1 =
b101 J
0E
b0 I
1*
#48576000
b1001001101001 Q
#48580000
0*
#48585000
b1 I
1!
b10 =
1*
#48586000
b1001001101010 Q
#48590000
0*
#48595000
b11 =
1@
b10 I
1*
#48596000
b1001001101011 Q
#48600000
0*
#48605000
b11 I
16
1A
17
b100 =
1*
#48606000
b1001001101100 Q
#48610000
0*
#48615000
07
b101 =
b100 I
1*
#48616000
b1001001101101 Q
#48620000
0*
#48625000
b101 I
b110 =
1*
#48626000
b1001001101110 Q
#48630000
0*
#48635000
b111 =
b110 I
1*
#48636000
b1001001101111 Q
#48640000
0*
#48645000
b111 I
b1000 =
1*
#48646000
b1001001110000 Q
#48650000
0*
#48655000
18
b1001 =
b1000 I
1*
#48656000
b1001001110001 Q
#48660000
0*
#48665000
1E
b1001 I
b110 >
08
b0 =
b101001 B
1*
#48666000
b1001001110010 Q
#48670000
0*
#48675000
b1 =
b110 J
0E
b0 I
1*
#48676000
b1001001110011 Q
#48680000
0*
#48685000
b1 I
0!
b10 =
1*
#48686000
b1001001110100 Q
#48690000
0*
#48695000
b11 =
0@
b10 I
1*
#48696000
b1001001110101 Q
#48700000
0*
#48705000
b11 I
06
0A
17
b100 =
1*
#48706000
b1001001110110 Q
#48710000
0*
#48715000
07
b101 =
b100 I
1*
#48716000
b1001001110111 Q
#48720000
0*
#48725000
b101 I
b110 =
1*
#48726000
b1001001111000 Q
#48730000
0*
#48735000
b111 =
b110 I
1*
#48736000
b1001001111001 Q
#48740000
0*
#48745000
b111 I
b1000 =
1*
#48746000
b1001001111010 Q
#48750000
0*
#48755000
18
b1001 =
b1000 I
1*
#48756000
b1001001111011 Q
#48760000
0*
#48765000
1E
b1001 I
b111 >
08
b0 =
1*
#48766000
b1001001111100 Q
#48770000
0*
#48775000
b1 =
b111 J
0E
b0 I
1*
#48776000
b1001001111101 Q
#48780000
0*
#48785000
b1 I
b10 =
1*
#48786000
b1001001111110 Q
#48790000
0*
#48795000
b11 =
b10 I
1*
#48796000
b1001001111111 Q
#48800000
0*
#48805000
b11 I
17
b100 =
1*
#48806000
b1001010000000 Q
#48810000
0*
#48815000
07
b101 =
b100 I
1*
#48816000
b1001010000001 Q
#48820000
0*
#48825000
b101 I
b110 =
1*
#48826000
b1001010000010 Q
#48830000
0*
#48835000
b111 =
b110 I
1*
#48836000
b1001010000011 Q
#48840000
0*
#48845000
b111 I
b1000 =
1*
#48846000
b1001010000100 Q
#48850000
0*
#48855000
18
b1001 =
b1000 I
1*
#48856000
b1001010000101 Q
#48860000
0*
#48865000
1E
b1001 I
b11 C
08
b0 =
1*
#48866000
b1001010000110 Q
#48870000
0*
#48875000
b1 =
b11 K
0E
b0 I
1*
#48876000
b1001010000111 Q
#48880000
0*
#48885000
b1 I
1!
b10 =
1*
#48886000
b1001010001000 Q
#48890000
0*
#48895000
b11 =
1@
b10 I
1*
#48896000
b1001010001001 Q
#48900000
0*
#48905000
b11 I
16
1A
17
b100 =
1*
#48906000
b1001010001010 Q
#48910000
0*
#48915000
07
b101 =
b100 I
1*
#48916000
b1001010001011 Q
#48920000
0*
#48925000
b101 I
b110 =
1*
#48926000
b1001010001100 Q
#48930000
0*
#48935000
b111 =
b110 I
1*
#48936000
b1001010001101 Q
#48940000
0*
#48945000
b111 I
b1000 =
1*
#48946000
b1001010001110 Q
#48950000
0*
#48955000
18
b1001 =
b1000 I
1*
#48956000
b1001010001111 Q
#48960000
0*
#48965000
1E
b1001 I
b0 C
0'
1$
b101001 &
b101001 3
b101001 ?
08
b0 =
1*
#48966000
b110000 1
b1001010010000 Q
#48970000
0*
#48975000
0$
b0 K
0#
1"
0E
b0 I
1*
#48980000
0*
#48985000
0"
1*
#48986000
1-
b10110101 ,
b10110101 2
b10110101 D
b10110101 P
b101000 0
#48990000
0*
#48995000
1#
b1 K
b10110101 L
1*
#48996000
0-
#49000000
0*
#49005000
b1 I
0!
1*
#49006000
b1001010010001 Q
#49010000
0*
#49015000
0@
b10 I
1*
#49016000
b1001010010010 Q
#49020000
0*
#49025000
b11 I
06
0A
1*
#49026000
b1001010010011 Q
#49030000
0*
#49035000
1'
b1 C
b100 I
1*
#49036000
b1001010010100 Q
#49040000
0*
#49045000
b101 I
b1 =
1*
#49046000
b1001010010101 Q
#49050000
0*
#49055000
b10 =
b110 I
1*
#49056000
b1001010010110 Q
#49060000
0*
#49065000
b111 I
b11 =
1*
#49066000
b1001010010111 Q
#49070000
0*
#49075000
17
b100 =
b1000 I
1*
#49076000
b1001010011000 Q
#49080000
0*
#49085000
1E
b1001 I
b10 C
b0 >
07
b0 =
1*
#49086000
b1001010011001 Q
#49090000
0*
#49095000
b1 =
b10 K
b0 J
0E
b0 I
1*
#49096000
b1001010011010 Q
#49100000
0*
#49105000
b1 I
1!
b10 =
1*
#49106000
b1001010011011 Q
#49110000
0*
#49115000
b11 =
1@
b10 I
1*
#49116000
b1001010011100 Q
#49120000
0*
#49125000
b11 I
16
1A
17
b100 =
1*
#49126000
b1001010011101 Q
#49130000
0*
#49135000
07
b101 =
b100 I
1*
#49136000
b1001010011110 Q
#49140000
0*
#49145000
b101 I
b110 =
1*
#49146000
b1001010011111 Q
#49150000
0*
#49155000
b111 =
b110 I
1*
#49156000
b1001010100000 Q
#49160000
0*
#49165000
b111 I
b1000 =
1*
#49166000
b1001010100001 Q
#49170000
0*
#49175000
18
b1001 =
b1000 I
1*
#49176000
b1001010100010 Q
#49180000
0*
#49185000
1E
b1001 I
b1 >
08
b0 =
1*
#49186000
b1001010100011 Q
#49190000
0*
#49195000
b1 =
b1 J
0E
b0 I
1*
#49196000
b1001010100100 Q
#49200000
0*
#49205000
b1 I
0!
b10 =
1*
#49206000
b1001010100101 Q
#49210000
0*
#49215000
b11 =
0@
b10 I
1*
#49216000
b1001010100110 Q
#49220000
0*
#49225000
b11 I
06
0A
17
b100 =
1*
#49226000
b1001010100111 Q
#49230000
0*
#49235000
07
b101 =
b100 I
1*
#49236000
b1001010101000 Q
#49240000
0*
#49245000
b101 I
b110 =
1*
#49246000
b1001010101001 Q
#49250000
0*
#49255000
b111 =
b110 I
1*
#49256000
b1001010101010 Q
#49260000
0*
#49265000
b111 I
b1000 =
1*
#49266000
b1001010101011 Q
#49270000
0*
#49275000
18
b1001 =
b1000 I
1*
#49276000
b1001010101100 Q
#49280000
0*
#49285000
1E
b1001 I
b10 >
08
b0 =
1*
#49286000
b1001010101101 Q
#49290000
0*
#49295000
b1 =
b10 J
0E
b0 I
1*
#49296000
b1001010101110 Q
#49300000
0*
#49305000
b1 I
1!
b10 =
1*
#49306000
b1001010101111 Q
#49310000
0*
#49315000
b11 =
1@
b10 I
1*
#49316000
b1001010110000 Q
#49320000
0*
#49325000
b11 I
16
1A
17
b100 =
1*
#49326000
b1001010110001 Q
#49330000
0*
#49335000
07
b101 =
b100 I
1*
#49336000
b1001010110010 Q
#49340000
0*
#49345000
b101 I
b110 =
1*
#49346000
b1001010110011 Q
#49350000
0*
#49355000
b111 =
b110 I
1*
#49356000
b1001010110100 Q
#49360000
0*
#49365000
b111 I
b1000 =
1*
#49366000
b1001010110101 Q
#49370000
0*
#49375000
18
b1001 =
b1000 I
1*
#49376000
b1001010110110 Q
#49380000
0*
#49385000
1E
b1001 I
b11 >
08
b0 =
b101101 B
1*
#49386000
b1001010110111 Q
#49390000
0*
#49395000
b1 =
b11 J
0E
b0 I
1*
#49396000
b1001010111000 Q
#49400000
0*
#49405000
b1 I
0!
b10 =
1*
#49406000
b1001010111001 Q
#49410000
0*
#49415000
b11 =
0@
b10 I
1*
#49416000
b1001010111010 Q
#49420000
0*
#49425000
b11 I
06
0A
17
b100 =
1*
#49426000
b1001010111011 Q
#49430000
0*
#49435000
07
b101 =
b100 I
1*
#49436000
b1001010111100 Q
#49440000
0*
#49445000
b101 I
b110 =
1*
#49446000
b1001010111101 Q
#49450000
0*
#49455000
b111 =
b110 I
1*
#49456000
b1001010111110 Q
#49460000
0*
#49465000
b111 I
b1000 =
1*
#49466000
b1001010111111 Q
#49470000
0*
#49475000
18
b1001 =
b1000 I
1*
#49476000
b1001011000000 Q
#49480000
0*
#49485000
1E
b1001 I
b100 >
08
b0 =
b100101 B
1*
#49486000
b1001011000001 Q
#49490000
0*
#49495000
b1 =
b100 J
0E
b0 I
1*
#49496000
b1001011000010 Q
#49500000
0*
#49505000
b1 I
1!
b10 =
1*
#49506000
b1001011000011 Q
#49510000
0*
#49515000
b11 =
1@
b10 I
1*
#49516000
b1001011000100 Q
#49520000
0*
#49525000
b11 I
16
1A
17
b100 =
1*
#49526000
b1001011000101 Q
#49530000
0*
#49535000
07
b101 =
b100 I
1*
#49536000
b1001011000110 Q
#49540000
0*
#49545000
b101 I
b110 =
1*
#49546000
b1001011000111 Q
#49550000
0*
#49555000
b111 =
b110 I
1*
#49556000
b1001011001000 Q
#49560000
0*
#49565000
b111 I
b1000 =
1*
#49566000
b1001011001001 Q
#49570000
0*
#49575000
18
b1001 =
b1000 I
1*
#49576000
b1001011001010 Q
#49580000
0*
#49585000
1E
b1001 I
b101 >
08
b0 =
b110101 B
1*
#49586000
b1001011001011 Q
#49590000
0*
#49595000
b1 =
b101 J
0E
b0 I
1*
#49596000
b1001011001100 Q
#49600000
0*
#49605000
b1 I
b10 =
1*
#49606000
b1001011001101 Q
#49610000
0*
#49615000
b11 =
b10 I
1*
#49616000
b1001011001110 Q
#49620000
0*
#49625000
b11 I
17
b100 =
1*
#49626000
b1001011001111 Q
#49630000
0*
#49635000
07
b101 =
b100 I
1*
#49636000
b1001011010000 Q
#49640000
0*
#49645000
b101 I
b110 =
1*
#49646000
b1001011010001 Q
#49650000
0*
#49655000
b111 =
b110 I
1*
#49656000
b1001011010010 Q
#49660000
0*
#49665000
b111 I
b1000 =
1*
#49666000
b1001011010011 Q
#49670000
0*
#49675000
18
b1001 =
b1000 I
1*
#49676000
b1001011010100 Q
#49680000
0*
#49685000
1E
b1001 I
b110 >
08
b0 =
1*
#49686000
b1001011010101 Q
#49690000
0*
#49695000
b1 =
b110 J
0E
b0 I
1*
#49696000
b1001011010110 Q
#49700000
0*
#49705000
b1 I
0!
b10 =
1*
#49706000
b1001011010111 Q
#49710000
0*
#49715000
b11 =
0@
b10 I
1*
#49716000
b1001011011000 Q
#49720000
0*
#49725000
b11 I
06
0A
17
b100 =
1*
#49726000
b1001011011001 Q
#49730000
0*
#49735000
07
b101 =
b100 I
1*
#49736000
b1001011011010 Q
#49740000
0*
#49745000
b101 I
b110 =
1*
#49746000
b1001011011011 Q
#49750000
0*
#49755000
b111 =
b110 I
1*
#49756000
b1001011011100 Q
#49760000
0*
#49765000
b111 I
b1000 =
1*
#49766000
b1001011011101 Q
#49770000
0*
#49775000
18
b1001 =
b1000 I
1*
#49776000
b1001011011110 Q
#49780000
0*
#49785000
1E
b1001 I
b111 >
08
b0 =
1*
#49786000
b1001011011111 Q
#49790000
0*
#49795000
b1 =
b111 J
0E
b0 I
1*
#49796000
b1001011100000 Q
#49800000
0*
#49805000
b1 I
1!
b10 =
1*
#49806000
b1001011100001 Q
#49810000
0*
#49815000
b11 =
1@
b10 I
1*
#49816000
b1001011100010 Q
#49820000
0*
#49825000
b11 I
16
1A
17
b100 =
1*
#49826000
b1001011100011 Q
#49830000
0*
#49835000
07
b101 =
b100 I
1*
#49836000
b1001011100100 Q
#49840000
0*
#49845000
b101 I
b110 =
1*
#49846000
b1001011100101 Q
#49850000
0*
#49855000
b111 =
b110 I
1*
#49856000
b1001011100110 Q
#49860000
0*
#49865000
b111 I
b1000 =
1*
#49866000
b1001011100111 Q
#49870000
0*
#49875000
18
b1001 =
b1000 I
1*
#49876000
b1001011101000 Q
#49880000
0*
#49885000
1E
b1001 I
b11 C
08
b0 =
b10110101 B
1*
#49886000
b1001011101001 Q
#49890000
0*
#49895000
b1 =
b11 K
0E
b0 I
1*
#49896000
b1001011101010 Q
#49900000
0*
#49905000
b1 I
b10 =
1*
#49906000
b1001011101011 Q
#49910000
0*
#49915000
b11 =
b10 I
1*
#49916000
b1001011101100 Q
#49920000
0*
#49925000
b11 I
17
b100 =
1*
#49926000
b1001011101101 Q
#49930000
0*
#49935000
07
b101 =
b100 I
1*
#49936000
b1001011101110 Q
#49940000
0*
#49945000
b101 I
b110 =
1*
#49946000
b1001011101111 Q
#49950000
0*
#49955000
b111 =
b110 I
1*
#49956000
b1001011110000 Q
#49960000
0*
#49965000
b111 I
b1000 =
1*
#49966000
b1001011110001 Q
#49970000
0*
#49975000
18
b1001 =
b1000 I
1*
#49976000
b1001011110010 Q
#49980000
0*
#49985000
1E
b1001 I
b0 C
0'
1$
b10110101 &
b10110101 3
b10110101 ?
08
b0 =
1*
#49986000
b110001 1
b1001011110011 Q
#49990000
0*
#49995000
0$
b0 K
0#
1"
0E
b0 I
1*
#50000000
0*
#50005000
0"
1*
#50006000
1-
b1101010 ,
b1101010 2
b1101010 D
b1101010 P
b101001 0
#50010000
0*
#50015000
1#
b1 K
b1101010 L
1*
#50016000
0-
#50020000
0*
#50025000
b1 I
0!
1*
#50026000
b1001011110100 Q
#50030000
0*
#50035000
0@
b10 I
1*
#50036000
b1001011110101 Q
#50040000
0*
#50045000
b11 I
06
0A
1*
#50046000
b1001011110110 Q
#50050000
0*
#50055000
1'
b1 C
b100 I
1*
#50056000
b1001011110111 Q
#50060000
0*
#50065000
b101 I
b1 =
1*
#50066000
b1001011111000 Q
#50070000
0*
#50075000
b10 =
b110 I
1*
#50076000
b1001011111001 Q
#50080000
0*
#50085000
b111 I
b11 =
1*
#50086000
b1001011111010 Q
#50090000
0*
#50095000
17
b100 =
b1000 I
1*
#50096000
b1001011111011 Q
#50100000
0*
#50105000
1E
b1001 I
b10 C
b0 >
07
b0 =
1*
#50106000
b1001011111100 Q
#50110000
0*
#50115000
b1 =
b10 K
b0 J
0E
b0 I
1*
#50116000
b1001011111101 Q
#50120000
0*
#50125000
b1 I
b10 =
1*
#50126000
b1001011111110 Q
#50130000
0*
#50135000
b11 =
b10 I
1*
#50136000
b1001011111111 Q
#50140000
0*
#50145000
b11 I
17
b100 =
1*
#50146000
b1001100000000 Q
#50150000
0*
#50155000
07
b101 =
b100 I
1*
#50156000
b1001100000001 Q
#50160000
0*
#50165000
b101 I
b110 =
1*
#50166000
b1001100000010 Q
#50170000
0*
#50175000
b111 =
b110 I
1*
#50176000
b1001100000011 Q
#50180000
0*
#50185000
b111 I
b1000 =
1*
#50186000
b1001100000100 Q
#50190000
0*
#50195000
18
b1001 =
b1000 I
1*
#50196000
b1001100000101 Q
#50200000
0*
#50205000
1E
b1001 I
b1 >
08
b0 =
b10110100 B
1*
#50206000
b1001100000110 Q
#50210000
0*
#50215000
b1 =
b1 J
0E
b0 I
1*
#50216000
b1001100000111 Q
#50220000
0*
#50225000
b1 I
1!
b10 =
1*
#50226000
b1001100001000 Q
#50230000
0*
#50235000
b11 =
1@
b10 I
1*
#50236000
b1001100001001 Q
#50240000
0*
#50245000
b11 I
16
1A
17
b100 =
1*
#50246000
b1001100001010 Q
#50250000
0*
#50255000
07
b101 =
b100 I
1*
#50256000
b1001100001011 Q
#50260000
0*
#50265000
b101 I
b110 =
1*
#50266000
b1001100001100 Q
#50270000
0*
#50275000
b111 =
b110 I
1*
#50276000
b1001100001101 Q
#50280000
0*
#50285000
b111 I
b1000 =
1*
#50286000
b1001100001110 Q
#50290000
0*
#50295000
18
b1001 =
b1000 I
1*
#50296000
b1001100001111 Q
#50300000
0*
#50305000
1E
b1001 I
b10 >
08
b0 =
b10110110 B
1*
#50306000
b1001100010000 Q
#50310000
0*
#50315000
b1 =
b10 J
0E
b0 I
1*
#50316000
b1001100010001 Q
#50320000
0*
#50325000
b1 I
0!
b10 =
1*
#50326000
b1001100010010 Q
#50330000
0*
#50335000
b11 =
0@
b10 I
1*
#50336000
b1001100010011 Q
#50340000
0*
#50345000
b11 I
06
0A
17
b100 =
1*
#50346000
b1001100010100 Q
#50350000
0*
#50355000
07
b101 =
b100 I
1*
#50356000
b1001100010101 Q
#50360000
0*
#50365000
b101 I
b110 =
1*
#50366000
b1001100010110 Q
#50370000
0*
#50375000
b111 =
b110 I
1*
#50376000
b1001100010111 Q
#50380000
0*
#50385000
b111 I
b1000 =
1*
#50386000
b1001100011000 Q
#50390000
0*
#50395000
18
b1001 =
b1000 I
1*
#50396000
b1001100011001 Q
#50400000
0*
#50405000
1E
b1001 I
b11 >
08
b0 =
b10110010 B
1*
#50406000
b1001100011010 Q
#50410000
0*
#50415000
b1 =
b11 J
0E
b0 I
1*
#50416000
b1001100011011 Q
#50420000
0*
#50425000
b1 I
1!
b10 =
1*
#50426000
b1001100011100 Q
#50430000
0*
#50435000
b11 =
1@
b10 I
1*
#50436000
b1001100011101 Q
#50440000
0*
#50445000
b11 I
16
1A
17
b100 =
1*
#50446000
b1001100011110 Q
#50450000
0*
#50455000
07
b101 =
b100 I
1*
#50456000
b1001100011111 Q
#50460000
0*
#50465000
b101 I
b110 =
1*
#50466000
b1001100100000 Q
#50470000
0*
#50475000
b111 =
b110 I
1*
#50476000
b1001100100001 Q
#50480000
0*
#50485000
b111 I
b1000 =
1*
#50486000
b1001100100010 Q
#50490000
0*
#50495000
18
b1001 =
b1000 I
1*
#50496000
b1001100100011 Q
#50500000
0*
#50505000
1E
b1001 I
b100 >
08
b0 =
b10111010 B
1*
#50506000
b1001100100100 Q
#50510000
0*
#50515000
b1 =
b100 J
0E
b0 I
1*
#50516000
b1001100100101 Q
#50520000
0*
#50525000
b1 I
0!
b10 =
1*
#50526000
b1001100100110 Q
#50530000
0*
#50535000
b11 =
0@
b10 I
1*
#50536000
b1001100100111 Q
#50540000
0*
#50545000
b11 I
06
0A
17
b100 =
1*
#50546000
b1001100101000 Q
#50550000
0*
#50555000
07
b101 =
b100 I
1*
#50556000
b1001100101001 Q
#50560000
0*
#50565000
b101 I
b110 =
1*
#50566000
b1001100101010 Q
#50570000
0*
#50575000
b111 =
b110 I
1*
#50576000
b1001100101011 Q
#50580000
0*
#50585000
b111 I
b1000 =
1*
#50586000
b1001100101100 Q
#50590000
0*
#50595000
18
b1001 =
b1000 I
1*
#50596000
b1001100101101 Q
#50600000
0*
#50605000
1E
b1001 I
b101 >
08
b0 =
b10101010 B
1*
#50606000
b1001100101110 Q
#50610000
0*
#50615000
b1 =
b101 J
0E
b0 I
1*
#50616000
b1001100101111 Q
#50620000
0*
#50625000
b1 I
1!
b10 =
1*
#50626000
b1001100110000 Q
#50630000
0*
#50635000
b11 =
1@
b10 I
1*
#50636000
b1001100110001 Q
#50640000
0*
#50645000
b11 I
16
1A
17
b100 =
1*
#50646000
b1001100110010 Q
#50650000
0*
#50655000
07
b101 =
b100 I
1*
#50656000
b1001100110011 Q
#50660000
0*
#50665000
b101 I
b110 =
1*
#50666000
b1001100110100 Q
#50670000
0*
#50675000
b111 =
b110 I
1*
#50676000
b1001100110101 Q
#50680000
0*
#50685000
b111 I
b1000 =
1*
#50686000
b1001100110110 Q
#50690000
0*
#50695000
18
b1001 =
b1000 I
1*
#50696000
b1001100110111 Q
#50700000
0*
#50705000
1E
b1001 I
b110 >
08
b0 =
1*
#50706000
b1001100111000 Q
#50710000
0*
#50715000
b1 =
b110 J
0E
b0 I
1*
#50716000
b1001100111001 Q
#50720000
0*
#50725000
b1 I
b10 =
1*
#50726000
b1001100111010 Q
#50730000
0*
#50735000
b11 =
b10 I
1*
#50736000
b1001100111011 Q
#50740000
0*
#50745000
b11 I
17
b100 =
1*
#50746000
b1001100111100 Q
#50750000
0*
#50755000
07
b101 =
b100 I
1*
#50756000
b1001100111101 Q
#50760000
0*
#50765000
b101 I
b110 =
1*
#50766000
b1001100111110 Q
#50770000
0*
#50775000
b111 =
b110 I
1*
#50776000
b1001100111111 Q
#50780000
0*
#50785000
b111 I
b1000 =
1*
#50786000
b1001101000000 Q
#50790000
0*
#50795000
18
b1001 =
b1000 I
1*
#50796000
b1001101000001 Q
#50800000
0*
#50805000
1E
b1001 I
b111 >
08
b0 =
b11101010 B
1*
#50806000
b1001101000010 Q
#50810000
0*
#50815000
b1 =
b111 J
0E
b0 I
1*
#50816000
b1001101000011 Q
#50820000
0*
#50825000
b1 I
0!
b10 =
1*
#50826000
b1001101000100 Q
#50830000
0*
#50835000
b11 =
0@
b10 I
1*
#50836000
b1001101000101 Q
#50840000
0*
#50845000
b11 I
06
0A
17
b100 =
1*
#50846000
b1001101000110 Q
#50850000
0*
#50855000
07
b101 =
b100 I
1*
#50856000
b1001101000111 Q
#50860000
0*
#50865000
b101 I
b110 =
1*
#50866000
b1001101001000 Q
#50870000
0*
#50875000
b111 =
b110 I
1*
#50876000
b1001101001001 Q
#50880000
0*
#50885000
b111 I
b1000 =
1*
#50886000
b1001101001010 Q
#50890000
0*
#50895000
18
b1001 =
b1000 I
1*
#50896000
b1001101001011 Q
#50900000
0*
#50905000
1E
b1001 I
b11 C
08
b0 =
b1101010 B
1*
#50906000
b1001101001100 Q
#50910000
0*
#50915000
b1 =
b11 K
0E
b0 I
1*
#50916000
b1001101001101 Q
#50920000
0*
#50925000
b1 I
1!
b10 =
1*
#50926000
b1001101001110 Q
#50930000
0*
#50935000
b11 =
1@
b10 I
1*
#50936000
b1001101001111 Q
#50940000
0*
#50945000
b11 I
16
1A
17
b100 =
1*
#50946000
b1001101010000 Q
#50950000
0*
#50955000
07
b101 =
b100 I
1*
#50956000
b1001101010001 Q
#50960000
0*
#50965000
b101 I
b110 =
1*
#50966000
b1001101010010 Q
#50970000
0*
#50975000
b111 =
b110 I
1*
#50976000
b1001101010011 Q
#50980000
0*
#50985000
b111 I
b1000 =
1*
#50986000
b1001101010100 Q
#50990000
0*
#50995000
18
b1001 =
b1000 I
1*
#50996000
b1001101010101 Q
#51000000
0*
#51005000
1E
b1001 I
b0 C
0'
1$
b1101010 &
b1101010 3
b1101010 ?
08
b0 =
1*
#51006000
b110010 1
b1001101010110 Q
#51010000
0*
#51015000
0$
b0 K
0#
1"
0E
b0 I
1*
#51020000
0*
#51025000
0"
1*
#51026000
1-
b1 ,
b1 2
b1 D
b1 P
b101010 0
#51030000
0*
#51035000
1#
b1 K
b1 L
1*
#51036000
0-
#51040000
0*
#51045000
b1 I
0!
1*
#51046000
b1001101010111 Q
#51050000
0*
#51055000
0@
b10 I
1*
#51056000
b1001101011000 Q
#51060000
0*
#51065000
b11 I
06
0A
1*
#51066000
b1001101011001 Q
#51070000
0*
#51075000
1'
b1 C
b100 I
1*
#51076000
b1001101011010 Q
#51080000
0*
#51085000
b101 I
b1 =
1*
#51086000
b1001101011011 Q
#51090000
0*
#51095000
b10 =
b110 I
1*
#51096000
b1001101011100 Q
#51100000
0*
#51105000
b111 I
b11 =
1*
#51106000
b1001101011101 Q
#51110000
0*
#51115000
17
b100 =
b1000 I
1*
#51116000
b1001101011110 Q
#51120000
0*
#51125000
1E
b1001 I
b10 C
b0 >
07
b0 =
1*
#51126000
b1001101011111 Q
#51130000
0*
#51135000
b1 =
b10 K
b0 J
0E
b0 I
1*
#51136000
b1001101100000 Q
#51140000
0*
#51145000
b1 I
1!
b10 =
1*
#51146000
b1001101100001 Q
#51150000
0*
#51155000
b11 =
1@
b10 I
1*
#51156000
b1001101100010 Q
#51160000
0*
#51165000
b11 I
16
1A
17
b100 =
1*
#51166000
b1001101100011 Q
#51170000
0*
#51175000
07
b101 =
b100 I
1*
#51176000
b1001101100100 Q
#51180000
0*
#51185000
b101 I
b110 =
1*
#51186000
b1001101100101 Q
#51190000
0*
#51195000
b111 =
b110 I
1*
#51196000
b1001101100110 Q
#51200000
0*
#51205000
b111 I
b1000 =
1*
#51206000
b1001101100111 Q
#51210000
0*
#51215000
18
b1001 =
b1000 I
1*
#51216000
b1001101101000 Q
#51220000
0*
#51225000
1E
b1001 I
b1 >
08
b0 =
b1101011 B
1*
#51226000
b1001101101001 Q
#51230000
0*
#51235000
b1 =
b1 J
0E
b0 I
1*
#51236000
b1001101101010 Q
#51240000
0*
#51245000
b1 I
0!
b10 =
1*
#51246000
b1001101101011 Q
#51250000
0*
#51255000
b11 =
0@
b10 I
1*
#51256000
b1001101101100 Q
#51260000
0*
#51265000
b11 I
06
0A
17
b100 =
1*
#51266000
b1001101101101 Q
#51270000
0*
#51275000
07
b101 =
b100 I
1*
#51276000
b1001101101110 Q
#51280000
0*
#51285000
b101 I
b110 =
1*
#51286000
b1001101101111 Q
#51290000
0*
#51295000
b111 =
b110 I
1*
#51296000
b1001101110000 Q
#51300000
0*
#51305000
b111 I
b1000 =
1*
#51306000
b1001101110001 Q
#51310000
0*
#51315000
18
b1001 =
b1000 I
1*
#51316000
b1001101110010 Q
#51320000
0*
#51325000
1E
b1001 I
b10 >
08
b0 =
b1101001 B
1*
#51326000
b1001101110011 Q
#51330000
0*
#51335000
b1 =
b10 J
0E
b0 I
1*
#51336000
b1001101110100 Q
#51340000
0*
#51345000
b1 I
b10 =
1*
#51346000
b1001101110101 Q
#51350000
0*
#51355000
b11 =
b10 I
1*
#51356000
b1001101110110 Q
#51360000
0*
#51365000
b11 I
17
b100 =
1*
#51366000
b1001101110111 Q
#51370000
0*
#51375000
07
b101 =
b100 I
1*
#51376000
b1001101111000 Q
#51380000
0*
#51385000
b101 I
b110 =
1*
#51386000
b1001101111001 Q
#51390000
0*
#51395000
b111 =
b110 I
1*
#51396000
b1001101111010 Q
#51400000
0*
#51405000
b111 I
b1000 =
1*
#51406000
b1001101111011 Q
#51410000
0*
#51415000
18
b1001 =
b1000 I
1*
#51416000
b1001101111100 Q
#51420000
0*
#51425000
1E
b1001 I
b11 >
08
b0 =
1*
#51426000
b1001101111101 Q
#51430000
0*
#51435000
b1 =
b11 J
0E
b0 I
1*
#51436000
b1001101111110 Q
#51440000
0*
#51445000
b1 I
b10 =
1*
#51446000
b1001101111111 Q
#51450000
0*
#51455000
b11 =
b10 I
1*
#51456000
b1001110000000 Q
#51460000
0*
#51465000
b11 I
17
b100 =
1*
#51466000
b1001110000001 Q
#51470000
0*
#51475000
07
b101 =
b100 I
1*
#51476000
b1001110000010 Q
#51480000
0*
#51485000
b101 I
b110 =
1*
#51486000
b1001110000011 Q
#51490000
0*
#51495000
b111 =
b110 I
1*
#51496000
b1001110000100 Q
#51500000
0*
#51505000
b111 I
b1000 =
1*
#51506000
b1001110000101 Q
#51510000
0*
#51515000
18
b1001 =
b1000 I
1*
#51516000
b1001110000110 Q
#51520000
0*
#51525000
1E
b1001 I
b100 >
08
b0 =
b1100001 B
1*
#51526000
b1001110000111 Q
#51530000
0*
#51535000
b1 =
b100 J
0E
b0 I
1*
#51536000
b1001110001000 Q
#51540000
0*
#51545000
b1 I
b10 =
1*
#51546000
b1001110001001 Q
#51550000
0*
#51555000
b11 =
b10 I
1*
#51556000
b1001110001010 Q
#51560000
0*
#51565000
b11 I
17
b100 =
1*
#51566000
b1001110001011 Q
#51570000
0*
#51575000
07
b101 =
b100 I
1*
#51576000
b1001110001100 Q
#51580000
0*
#51585000
b101 I
b110 =
1*
#51586000
b1001110001101 Q
#51590000
0*
#51595000
b111 =
b110 I
1*
#51596000
b1001110001110 Q
#51600000
0*
#51605000
b111 I
b1000 =
1*
#51606000
b1001110001111 Q
#51610000
0*
#51615000
18
b1001 =
b1000 I
1*
#51616000
b1001110010000 Q
#51620000
0*
#51625000
1E
b1001 I
b101 >
08
b0 =
1*
#51626000
b1001110010001 Q
#51630000
0*
#51635000
b1 =
b101 J
0E
b0 I
1*
#51636000
b1001110010010 Q
#51640000
0*
#51645000
b1 I
b10 =
1*
#51646000
b1001110010011 Q
#51650000
0*
#51655000
b11 =
b10 I
1*
#51656000
b1001110010100 Q
#51660000
0*
#51665000
b11 I
17
b100 =
1*
#51666000
b1001110010101 Q
#51670000
0*
#51675000
07
b101 =
b100 I
1*
#51676000
b1001110010110 Q
#51680000
0*
#51685000
b101 I
b110 =
1*
#51686000
b1001110010111 Q
#51690000
0*
#51695000
b111 =
b110 I
1*
#51696000
b1001110011000 Q
#51700000
0*
#51705000
b111 I
b1000 =
1*
#51706000
b1001110011001 Q
#51710000
0*
#51715000
18
b1001 =
b1000 I
1*
#51716000
b1001110011010 Q
#51720000
0*
#51725000
1E
b1001 I
b110 >
08
b0 =
b1000001 B
1*
#51726000
b1001110011011 Q
#51730000
0*
#51735000
b1 =
b110 J
0E
b0 I
1*
#51736000
b1001110011100 Q
#51740000
0*
#51745000
b1 I
b10 =
1*
#51746000
b1001110011101 Q
#51750000
0*
#51755000
b11 =
b10 I
1*
#51756000
b1001110011110 Q
#51760000
0*
#51765000
b11 I
17
b100 =
1*
#51766000
b1001110011111 Q
#51770000
0*
#51775000
07
b101 =
b100 I
1*
#51776000
b1001110100000 Q
#51780000
0*
#51785000
b101 I
b110 =
1*
#51786000
b1001110100001 Q
#51790000
0*
#51795000
b111 =
b110 I
1*
#51796000
b1001110100010 Q
#51800000
0*
#51805000
b111 I
b1000 =
1*
#51806000
b1001110100011 Q
#51810000
0*
#51815000
18
b1001 =
b1000 I
1*
#51816000
b1001110100100 Q
#51820000
0*
#51825000
1E
b1001 I
b111 >
08
b0 =
b1 B
1*
#51826000
b1001110100101 Q
#51830000
0*
#51835000
b1 =
b111 J
0E
b0 I
1*
#51836000
b1001110100110 Q
#51840000
0*
#51845000
b1 I
b10 =
1*
#51846000
b1001110100111 Q
#51850000
0*
#51855000
b11 =
b10 I
1*
#51856000
b1001110101000 Q
#51860000
0*
#51865000
b11 I
17
b100 =
1*
#51866000
b1001110101001 Q
#51870000
0*
#51875000
07
b101 =
b100 I
1*
#51876000
b1001110101010 Q
#51880000
0*
#51885000
b101 I
b110 =
1*
#51886000
b1001110101011 Q
#51890000
0*
#51895000
b111 =
b110 I
1*
#51896000
b1001110101100 Q
#51900000
0*
#51905000
b111 I
b1000 =
1*
#51906000
b1001110101101 Q
#51910000
0*
#51915000
18
b1001 =
b1000 I
1*
#51916000
b1001110101110 Q
#51920000
0*
#51925000
1E
b1001 I
b11 C
08
b0 =
1*
#51926000
b1001110101111 Q
#51930000
0*
#51935000
b1 =
b11 K
0E
b0 I
1*
#51936000
b1001110110000 Q
#51940000
0*
#51945000
b1 I
1!
b10 =
1*
#51946000
b1001110110001 Q
#51950000
0*
#51955000
b11 =
1@
b10 I
1*
#51956000
b1001110110010 Q
#51960000
0*
#51965000
b11 I
16
1A
17
b100 =
1*
#51966000
b1001110110011 Q
#51970000
0*
#51975000
07
b101 =
b100 I
1*
#51976000
b1001110110100 Q
#51980000
0*
#51985000
b101 I
b110 =
1*
#51986000
b1001110110101 Q
#51990000
0*
#51995000
b111 =
b110 I
1*
#51996000
b1001110110110 Q
#52000000
0*
#52005000
b111 I
b1000 =
1*
#52006000
b1001110110111 Q
#52010000
0*
#52015000
18
b1001 =
b1000 I
1*
#52016000
b1001110111000 Q
#52020000
0*
#52025000
1E
b1001 I
b0 C
0'
1$
b1 &
b1 3
b1 ?
08
b0 =
1*
#52026000
b110011 1
b1001110111001 Q
#52030000
0*
#52035000
0$
b0 K
0#
1"
0E
b0 I
1*
#52040000
0*
#52045000
0"
1*
#52046000
1-
b1010111 ,
b1010111 2
b1010111 D
b1010111 P
b101011 0
#52050000
0*
#52055000
1#
b1 K
b1010111 L
1*
#52056000
0-
#52060000
0*
#52065000
b1 I
0!
1*
#52066000
b1001110111010 Q
#52070000
0*
#52075000
0@
b10 I
1*
#52076000
b1001110111011 Q
#52080000
0*
#52085000
b11 I
06
0A
1*
#52086000
b1001110111100 Q
#52090000
0*
#52095000
1'
b1 C
b100 I
1*
#52096000
b1001110111101 Q
#52100000
0*
#52105000
b101 I
b1 =
1*
#52106000
b1001110111110 Q
#52110000
0*
#52115000
b10 =
b110 I
1*
#52116000
b1001110111111 Q
#52120000
0*
#52125000
b111 I
b11 =
1*
#52126000
b1001111000000 Q
#52130000
0*
#52135000
17
b100 =
b1000 I
1*
#52136000
b1001111000001 Q
#52140000
0*
#52145000
1E
b1001 I
b10 C
b0 >
07
b0 =
1*
#52146000
b1001111000010 Q
#52150000
0*
#52155000
b1 =
b10 K
b0 J
0E
b0 I
1*
#52156000
b1001111000011 Q
#52160000
0*
#52165000
b1 I
1!
b10 =
1*
#52166000
b1001111000100 Q
#52170000
0*
#52175000
b11 =
1@
b10 I
1*
#52176000
b1001111000101 Q
#52180000
0*
#52185000
b11 I
16
1A
17
b100 =
1*
#52186000
b1001111000110 Q
#52190000
0*
#52195000
07
b101 =
b100 I
1*
#52196000
b1001111000111 Q
#52200000
0*
#52205000
b101 I
b110 =
1*
#52206000
b1001111001000 Q
#52210000
0*
#52215000
b111 =
b110 I
1*
#52216000
b1001111001001 Q
#52220000
0*
#52225000
b111 I
b1000 =
1*
#52226000
b1001111001010 Q
#52230000
0*
#52235000
18
b1001 =
b1000 I
1*
#52236000
b1001111001011 Q
#52240000
0*
#52245000
1E
b1001 I
b1 >
08
b0 =
1*
#52246000
b1001111001100 Q
#52250000
0*
#52255000
b1 =
b1 J
0E
b0 I
1*
#52256000
b1001111001101 Q
#52260000
0*
#52265000
b1 I
b10 =
1*
#52266000
b1001111001110 Q
#52270000
0*
#52275000
b11 =
b10 I
1*
#52276000
b1001111001111 Q
#52280000
0*
#52285000
b11 I
17
b100 =
1*
#52286000
b1001111010000 Q
#52290000
0*
#52295000
07
b101 =
b100 I
1*
#52296000
b1001111010001 Q
#52300000
0*
#52305000
b101 I
b110 =
1*
#52306000
b1001111010010 Q
#52310000
0*
#52315000
b111 =
b110 I
1*
#52316000
b1001111010011 Q
#52320000
0*
#52325000
b111 I
b1000 =
1*
#52326000
b1001111010100 Q
#52330000
0*
#52335000
18
b1001 =
b1000 I
1*
#52336000
b1001111010101 Q
#52340000
0*
#52345000
1E
b1001 I
b10 >
08
b0 =
b11 B
1*
#52346000
b1001111010110 Q
#52350000
0*
#52355000
b1 =
b10 J
0E
b0 I
1*
#52356000
b1001111010111 Q
#52360000
0*
#52365000
b1 I
b10 =
1*
#52366000
b1001111011000 Q
#52370000
0*
#52375000
b11 =
b10 I
1*
#52376000
b1001111011001 Q
#52380000
0*
#52385000
b11 I
17
b100 =
1*
#52386000
b1001111011010 Q
#52390000
0*
#52395000
07
b101 =
b100 I
1*
#52396000
b1001111011011 Q
#52400000
0*
#52405000
b101 I
b110 =
1*
#52406000
b1001111011100 Q
#52410000
0*
#52415000
b111 =
b110 I
1*
#52416000
b1001111011101 Q
#52420000
0*
#52425000
b111 I
b1000 =
1*
#52426000
b1001111011110 Q
#52430000
0*
#52435000
18
b1001 =
b1000 I
1*
#52436000
b1001111011111 Q
#52440000
0*
#52445000
1E
b1001 I
b11 >
08
b0 =
b111 B
1*
#52446000
b1001111100000 Q
#52450000
0*
#52455000
b1 =
b11 J
0E
b0 I
1*
#52456000
b1001111100001 Q
#52460000
0*
#52465000
b1 I
0!
b10 =
1*
#52466000
b1001111100010 Q
#52470000
0*
#52475000
b11 =
0@
b10 I
1*
#52476000
b1001111100011 Q
#52480000
0*
#52485000
b11 I
06
0A
17
b100 =
1*
#52486000
b1001111100100 Q
#52490000
0*
#52495000
07
b101 =
b100 I
1*
#52496000
b1001111100101 Q
#52500000
0*
#52505000
b101 I
b110 =
1*
#52506000
b1001111100110 Q
#52510000
0*
#52515000
b111 =
b110 I
1*
#52516000
b1001111100111 Q
#52520000
0*
#52525000
b111 I
b1000 =
1*
#52526000
b1001111101000 Q
#52530000
0*
#52535000
18
b1001 =
b1000 I
1*
#52536000
b1001111101001 Q
#52540000
0*
#52545000
1E
b1001 I
b100 >
08
b0 =
1*
#52546000
b1001111101010 Q
#52550000
0*
#52555000
b1 =
b100 J
0E
b0 I
1*
#52556000
b1001111101011 Q
#52560000
0*
#52565000
b1 I
1!
b10 =
1*
#52566000
b1001111101100 Q
#52570000
0*
#52575000
b11 =
1@
b10 I
1*
#52576000
b1001111101101 Q
#52580000
0*
#52585000
b11 I
16
1A
17
b100 =
1*
#52586000
b1001111101110 Q
#52590000
0*
#52595000
07
b101 =
b100 I
1*
#52596000
b1001111101111 Q
#52600000
0*
#52605000
b101 I
b110 =
1*
#52606000
b1001111110000 Q
#52610000
0*
#52615000
b111 =
b110 I
1*
#52616000
b1001111110001 Q
#52620000
0*
#52625000
b111 I
b1000 =
1*
#52626000
b1001111110010 Q
#52630000
0*
#52635000
18
b1001 =
b1000 I
1*
#52636000
b1001111110011 Q
#52640000
0*
#52645000
1E
b1001 I
b101 >
08
b0 =
b10111 B
1*
#52646000
b1001111110100 Q
#52650000
0*
#52655000
b1 =
b101 J
0E
b0 I
1*
#52656000
b1001111110101 Q
#52660000
0*
#52665000
b1 I
0!
b10 =
1*
#52666000
b1001111110110 Q
#52670000
0*
#52675000
b11 =
0@
b10 I
1*
#52676000
b1001111110111 Q
#52680000
0*
#52685000
b11 I
06
0A
17
b100 =
1*
#52686000
b1001111111000 Q
#52690000
0*
#52695000
07
b101 =
b100 I
1*
#52696000
b1001111111001 Q
#52700000
0*
#52705000
b101 I
b110 =
1*
#52706000
b1001111111010 Q
#52710000
0*
#52715000
b111 =
b110 I
1*
#52716000
b1001111111011 Q
#52720000
0*
#52725000
b111 I
b1000 =
1*
#52726000
b1001111111100 Q
#52730000
0*
#52735000
18
b1001 =
b1000 I
1*
#52736000
b1001111111101 Q
#52740000
0*
#52745000
1E
b1001 I
b110 >
08
b0 =
1*
#52746000
b1001111111110 Q
#52750000
0*
#52755000
b1 =
b110 J
0E
b0 I
1*
#52756000
b1001111111111 Q
#52760000
0*
#52765000
b1 I
1!
b10 =
1*
#52766000
b1010000000000 Q
#52770000
0*
#52775000
b11 =
1@
b10 I
1*
#52776000
b1010000000001 Q
#52780000
0*
#52785000
b11 I
16
1A
17
b100 =
1*
#52786000
b1010000000010 Q
#52790000
0*
#52795000
07
b101 =
b100 I
1*
#52796000
b1010000000011 Q
#52800000
0*
#52805000
b101 I
b110 =
1*
#52806000
b1010000000100 Q
#52810000
0*
#52815000
b111 =
b110 I
1*
#52816000
b1010000000101 Q
#52820000
0*
#52825000
b111 I
b1000 =
1*
#52826000
b1010000000110 Q
#52830000
0*
#52835000
18
b1001 =
b1000 I
1*
#52836000
b1010000000111 Q
#52840000
0*
#52845000
1E
b1001 I
b111 >
08
b0 =
b1010111 B
1*
#52846000
b1010000001000 Q
#52850000
0*
#52855000
b1 =
b111 J
0E
b0 I
1*
#52856000
b1010000001001 Q
#52860000
0*
#52865000
b1 I
0!
b10 =
1*
#52866000
b1010000001010 Q
#52870000
0*
#52875000
b11 =
0@
b10 I
1*
#52876000
b1010000001011 Q
#52880000
0*
#52885000
b11 I
06
0A
17
b100 =
1*
#52886000
b1010000001100 Q
#52890000
0*
#52895000
07
b101 =
b100 I
1*
#52896000
b1010000001101 Q
#52900000
0*
#52905000
b101 I
b110 =
1*
#52906000
b1010000001110 Q
#52910000
0*
#52915000
b111 =
b110 I
1*
#52916000
b1010000001111 Q
#52920000
0*
#52925000
b111 I
b1000 =
1*
#52926000
b1010000010000 Q
#52930000
0*
#52935000
18
b1001 =
b1000 I
1*
#52936000
b1010000010001 Q
#52940000
0*
#52945000
1E
b1001 I
b11 C
08
b0 =
1*
#52946000
b1010000010010 Q
#52950000
0*
#52955000
b1 =
b11 K
0E
b0 I
1*
#52956000
b1010000010011 Q
#52960000
0*
#52965000
b1 I
1!
b10 =
1*
#52966000
b1010000010100 Q
#52970000
0*
#52975000
b11 =
1@
b10 I
1*
#52976000
b1010000010101 Q
#52980000
0*
#52985000
b11 I
16
1A
17
b100 =
1*
#52986000
b1010000010110 Q
#52990000
0*
#52995000
07
b101 =
b100 I
1*
#52996000
b1010000010111 Q
#53000000
0*
#53005000
b101 I
b110 =
1*
#53006000
b1010000011000 Q
#53010000
0*
#53015000
b111 =
b110 I
1*
#53016000
b1010000011001 Q
#53020000
0*
#53025000
b111 I
b1000 =
1*
#53026000
b1010000011010 Q
#53030000
0*
#53035000
18
b1001 =
b1000 I
1*
#53036000
b1010000011011 Q
#53040000
0*
#53045000
1E
b1001 I
b0 C
0'
1$
b1010111 &
b1010111 3
b1010111 ?
08
b0 =
1*
#53046000
b110100 1
b1010000011100 Q
#53050000
0*
#53055000
0$
b0 K
0#
1"
0E
b0 I
1*
#53060000
0*
#53065000
0"
1*
#53066000
1-
b10001110 ,
b10001110 2
b10001110 D
b10001110 P
b101100 0
#53070000
0*
#53075000
1#
b1 K
b10001110 L
1*
#53076000
0-
#53080000
0*
#53085000
b1 I
0!
1*
#53086000
b1010000011101 Q
#53090000
0*
#53095000
0@
b10 I
1*
#53096000
b1010000011110 Q
#53100000
0*
#53105000
b11 I
06
0A
1*
#53106000
b1010000011111 Q
#53110000
0*
#53115000
1'
b1 C
b100 I
1*
#53116000
b1010000100000 Q
#53120000
0*
#53125000
b101 I
b1 =
1*
#53126000
b1010000100001 Q
#53130000
0*
#53135000
b10 =
b110 I
1*
#53136000
b1010000100010 Q
#53140000
0*
#53145000
b111 I
b11 =
1*
#53146000
b1010000100011 Q
#53150000
0*
#53155000
17
b100 =
b1000 I
1*
#53156000
b1010000100100 Q
#53160000
0*
#53165000
1E
b1001 I
b10 C
b0 >
07
b0 =
1*
#53166000
b1010000100101 Q
#53170000
0*
#53175000
b1 =
b10 K
b0 J
0E
b0 I
1*
#53176000
b1010000100110 Q
#53180000
0*
#53185000
b1 I
b10 =
1*
#53186000
b1010000100111 Q
#53190000
0*
#53195000
b11 =
b10 I
1*
#53196000
b1010000101000 Q
#53200000
0*
#53205000
b11 I
17
b100 =
1*
#53206000
b1010000101001 Q
#53210000
0*
#53215000
07
b101 =
b100 I
1*
#53216000
b1010000101010 Q
#53220000
0*
#53225000
b101 I
b110 =
1*
#53226000
b1010000101011 Q
#53230000
0*
#53235000
b111 =
b110 I
1*
#53236000
b1010000101100 Q
#53240000
0*
#53245000
b111 I
b1000 =
1*
#53246000
b1010000101101 Q
#53250000
0*
#53255000
18
b1001 =
b1000 I
1*
#53256000
b1010000101110 Q
#53260000
0*
#53265000
1E
b1001 I
b1 >
08
b0 =
b1010110 B
1*
#53266000
b1010000101111 Q
#53270000
0*
#53275000
b1 =
b1 J
0E
b0 I
1*
#53276000
b1010000110000 Q
#53280000
0*
#53285000
b1 I
1!
b10 =
1*
#53286000
b1010000110001 Q
#53290000
0*
#53295000
b11 =
1@
b10 I
1*
#53296000
b1010000110010 Q
#53300000
0*
#53305000
b11 I
16
1A
17
b100 =
1*
#53306000
b1010000110011 Q
#53310000
0*
#53315000
07
b101 =
b100 I
1*
#53316000
b1010000110100 Q
#53320000
0*
#53325000
b101 I
b110 =
1*
#53326000
b1010000110101 Q
#53330000
0*
#53335000
b111 =
b110 I
1*
#53336000
b1010000110110 Q
#53340000
0*
#53345000
b111 I
b1000 =
1*
#53346000
b1010000110111 Q
#53350000
0*
#53355000
18
b1001 =
b1000 I
1*
#53356000
b1010000111000 Q
#53360000
0*
#53365000
1E
b1001 I
b10 >
08
b0 =
1*
#53366000
b1010000111001 Q
#53370000
0*
#53375000
b1 =
b10 J
0E
b0 I
1*
#53376000
b1010000111010 Q
#53380000
0*
#53385000
b1 I
b10 =
1*
#53386000
b1010000111011 Q
#53390000
0*
#53395000
b11 =
b10 I
1*
#53396000
b1010000111100 Q
#53400000
0*
#53405000
b11 I
17
b100 =
1*
#53406000
b1010000111101 Q
#53410000
0*
#53415000
07
b101 =
b100 I
1*
#53416000
b1010000111110 Q
#53420000
0*
#53425000
b101 I
b110 =
1*
#53426000
b1010000111111 Q
#53430000
0*
#53435000
b111 =
b110 I
1*
#53436000
b1010001000000 Q
#53440000
0*
#53445000
b111 I
b1000 =
1*
#53446000
b1010001000001 Q
#53450000
0*
#53455000
18
b1001 =
b1000 I
1*
#53456000
b1010001000010 Q
#53460000
0*
#53465000
1E
b1001 I
b11 >
08
b0 =
1*
#53466000
b1010001000011 Q
#53470000
0*
#53475000
b1 =
b11 J
0E
b0 I
1*
#53476000
b1010001000100 Q
#53480000
0*
#53485000
b1 I
b10 =
1*
#53486000
b1010001000101 Q
#53490000
0*
#53495000
b11 =
b10 I
1*
#53496000
b1010001000110 Q
#53500000
0*
#53505000
b11 I
17
b100 =
1*
#53506000
b1010001000111 Q
#53510000
0*
#53515000
07
b101 =
b100 I
1*
#53516000
b1010001001000 Q
#53520000
0*
#53525000
b101 I
b110 =
1*
#53526000
b1010001001001 Q
#53530000
0*
#53535000
b111 =
b110 I
1*
#53536000
b1010001001010 Q
#53540000
0*
#53545000
b111 I
b1000 =
1*
#53546000
b1010001001011 Q
#53550000
0*
#53555000
18
b1001 =
b1000 I
1*
#53556000
b1010001001100 Q
#53560000
0*
#53565000
1E
b1001 I
b100 >
08
b0 =
b1011110 B
1*
#53566000
b1010001001101 Q
#53570000
0*
#53575000
b1 =
b100 J
0E
b0 I
1*
#53576000
b1010001001110 Q
#53580000
0*
#53585000
b1 I
0!
b10 =
1*
#53586000
b1010001001111 Q
#53590000
0*
#53595000
b11 =
0@
b10 I
1*
#53596000
b1010001010000 Q
#53600000
0*
#53605000
b11 I
06
0A
17
b100 =
1*
#53606000
b1010001010001 Q
#53610000
0*
#53615000
07
b101 =
b100 I
1*
#53616000
b1010001010010 Q
#53620000
0*
#53625000
b101 I
b110 =
1*
#53626000
b1010001010011 Q
#53630000
0*
#53635000
b111 =
b110 I
1*
#53636000
b1010001010100 Q
#53640000
0*
#53645000
b111 I
b1000 =
1*
#53646000
b1010001010101 Q
#53650000
0*
#53655000
18
b1001 =
b1000 I
1*
#53656000
b1010001010110 Q
#53660000
0*
#53665000
1E
b1001 I
b101 >
08
b0 =
b1001110 B
1*
#53666000
b1010001010111 Q
#53670000
0*
#53675000
b1 =
b101 J
0E
b0 I
1*
#53676000
b1010001011000 Q
#53680000
0*
#53685000
b1 I
b10 =
1*
#53686000
b1010001011001 Q
#53690000
0*
#53695000
b11 =
b10 I
1*
#53696000
b1010001011010 Q
#53700000
0*
#53705000
b11 I
17
b100 =
1*
#53706000
b1010001011011 Q
#53710000
0*
#53715000
07
b101 =
b100 I
1*
#53716000
b1010001011100 Q
#53720000
0*
#53725000
b101 I
b110 =
1*
#53726000
b1010001011101 Q
#53730000
0*
#53735000
b111 =
b110 I
1*
#53736000
b1010001011110 Q
#53740000
0*
#53745000
b111 I
b1000 =
1*
#53746000
b1010001011111 Q
#53750000
0*
#53755000
18
b1001 =
b1000 I
1*
#53756000
b1010001100000 Q
#53760000
0*
#53765000
1E
b1001 I
b110 >
08
b0 =
1*
#53766000
b1010001100001 Q
#53770000
0*
#53775000
b1 =
b110 J
0E
b0 I
1*
#53776000
b1010001100010 Q
#53780000
0*
#53785000
b1 I
b10 =
1*
#53786000
b1010001100011 Q
#53790000
0*
#53795000
b11 =
b10 I
1*
#53796000
b1010001100100 Q
#53800000
0*
#53805000
b11 I
17
b100 =
1*
#53806000
b1010001100101 Q
#53810000
0*
#53815000
07
b101 =
b100 I
1*
#53816000
b1010001100110 Q
#53820000
0*
#53825000
b101 I
b110 =
1*
#53826000
b1010001100111 Q
#53830000
0*
#53835000
b111 =
b110 I
1*
#53836000
b1010001101000 Q
#53840000
0*
#53845000
b111 I
b1000 =
1*
#53846000
b1010001101001 Q
#53850000
0*
#53855000
18
b1001 =
b1000 I
1*
#53856000
b1010001101010 Q
#53860000
0*
#53865000
1E
b1001 I
b111 >
08
b0 =
b1110 B
1*
#53866000
b1010001101011 Q
#53870000
0*
#53875000
b1 =
b111 J
0E
b0 I
1*
#53876000
b1010001101100 Q
#53880000
0*
#53885000
b1 I
1!
b10 =
1*
#53886000
b1010001101101 Q
#53890000
0*
#53895000
b11 =
1@
b10 I
1*
#53896000
b1010001101110 Q
#53900000
0*
#53905000
b11 I
16
1A
17
b100 =
1*
#53906000
b1010001101111 Q
#53910000
0*
#53915000
07
b101 =
b100 I
1*
#53916000
b1010001110000 Q
#53920000
0*
#53925000
b101 I
b110 =
1*
#53926000
b1010001110001 Q
#53930000
0*
#53935000
b111 =
b110 I
1*
#53936000
b1010001110010 Q
#53940000
0*
#53945000
b111 I
b1000 =
1*
#53946000
b1010001110011 Q
#53950000
0*
#53955000
18
b1001 =
b1000 I
1*
#53956000
b1010001110100 Q
#53960000
0*
#53965000
1E
b1001 I
b11 C
08
b0 =
b10001110 B
1*
#53966000
b1010001110101 Q
#53970000
0*
#53975000
b1 =
b11 K
0E
b0 I
1*
#53976000
b1010001110110 Q
#53980000
0*
#53985000
b1 I
b10 =
1*
#53986000
b1010001110111 Q
#53990000
0*
#53995000
b11 =
b10 I
1*
#53996000
b1010001111000 Q
#54000000
0*
#54005000
b11 I
17
b100 =
1*
#54006000
b1010001111001 Q
#54010000
0*
#54015000
07
b101 =
b100 I
1*
#54016000
b1010001111010 Q
#54020000
0*
#54025000
b101 I
b110 =
1*
#54026000
b1010001111011 Q
#54030000
0*
#54035000
b111 =
b110 I
1*
#54036000
b1010001111100 Q
#54040000
0*
#54045000
b111 I
b1000 =
1*
#54046000
b1010001111101 Q
#54050000
0*
#54055000
18
b1001 =
b1000 I
1*
#54056000
b1010001111110 Q
#54060000
0*
#54065000
1E
b1001 I
b0 C
0'
1$
b10001110 &
b10001110 3
b10001110 ?
08
b0 =
1*
#54066000
b110101 1
b1010001111111 Q
#54070000
0*
#54075000
0$
b0 K
0#
1"
0E
b0 I
1*
#54080000
0*
#54085000
0"
1*
#54086000
1-
b1100111 ,
b1100111 2
b1100111 D
b1100111 P
b101101 0
#54090000
0*
#54095000
1#
b1 K
b1100111 L
1*
#54096000
0-
#54100000
0*
#54105000
b1 I
0!
1*
#54106000
b1010010000000 Q
#54110000
0*
#54115000
0@
b10 I
1*
#54116000
b1010010000001 Q
#54120000
0*
#54125000
b11 I
06
0A
1*
#54126000
b1010010000010 Q
#54130000
0*
#54135000
1'
b1 C
b100 I
1*
#54136000
b1010010000011 Q
#54140000
0*
#54145000
b101 I
b1 =
1*
#54146000
b1010010000100 Q
#54150000
0*
#54155000
b10 =
b110 I
1*
#54156000
b1010010000101 Q
#54160000
0*
#54165000
b111 I
b11 =
1*
#54166000
b1010010000110 Q
#54170000
0*
#54175000
17
b100 =
b1000 I
1*
#54176000
b1010010000111 Q
#54180000
0*
#54185000
1E
b1001 I
b10 C
b0 >
07
b0 =
1*
#54186000
b1010010001000 Q
#54190000
0*
#54195000
b1 =
b10 K
b0 J
0E
b0 I
1*
#54196000
b1010010001001 Q
#54200000
0*
#54205000
b1 I
1!
b10 =
1*
#54206000
b1010010001010 Q
#54210000
0*
#54215000
b11 =
1@
b10 I
1*
#54216000
b1010010001011 Q
#54220000
0*
#54225000
b11 I
16
1A
17
b100 =
1*
#54226000
b1010010001100 Q
#54230000
0*
#54235000
07
b101 =
b100 I
1*
#54236000
b1010010001101 Q
#54240000
0*
#54245000
b101 I
b110 =
1*
#54246000
b1010010001110 Q
#54250000
0*
#54255000
b111 =
b110 I
1*
#54256000
b1010010001111 Q
#54260000
0*
#54265000
b111 I
b1000 =
1*
#54266000
b1010010010000 Q
#54270000
0*
#54275000
18
b1001 =
b1000 I
1*
#54276000
b1010010010001 Q
#54280000
0*
#54285000
1E
b1001 I
b1 >
08
b0 =
b10001111 B
1*
#54286000
b1010010010010 Q
#54290000
0*
#54295000
b1 =
b1 J
0E
b0 I
1*
#54296000
b1010010010011 Q
#54300000
0*
#54305000
b1 I
b10 =
1*
#54306000
b1010010010100 Q
#54310000
0*
#54315000
b11 =
b10 I
1*
#54316000
b1010010010101 Q
#54320000
0*
#54325000
b11 I
17
b100 =
1*
#54326000
b1010010010110 Q
#54330000
0*
#54335000
07
b101 =
b100 I
1*
#54336000
b1010010010111 Q
#54340000
0*
#54345000
b101 I
b110 =
1*
#54346000
b1010010011000 Q
#54350000
0*
#54355000
b111 =
b110 I
1*
#54356000
b1010010011001 Q
#54360000
0*
#54365000
b111 I
b1000 =
1*
#54366000
b1010010011010 Q
#54370000
0*
#54375000
18
b1001 =
b1000 I
1*
#54376000
b1010010011011 Q
#54380000
0*
#54385000
1E
b1001 I
b10 >
08
b0 =
1*
#54386000
b1010010011100 Q
#54390000
0*
#54395000
b1 =
b10 J
0E
b0 I
1*
#54396000
b1010010011101 Q
#54400000
0*
#54405000
b1 I
b10 =
1*
#54406000
b1010010011110 Q
#54410000
0*
#54415000
b11 =
b10 I
1*
#54416000
b1010010011111 Q
#54420000
0*
#54425000
b11 I
17
b100 =
1*
#54426000
b1010010100000 Q
#54430000
0*
#54435000
07
b101 =
b100 I
1*
#54436000
b1010010100001 Q
#54440000
0*
#54445000
b101 I
b110 =
1*
#54446000
b1010010100010 Q
#54450000
0*
#54455000
b111 =
b110 I
1*
#54456000
b1010010100011 Q
#54460000
0*
#54465000
b111 I
b1000 =
1*
#54466000
b1010010100100 Q
#54470000
0*
#54475000
18
b1001 =
b1000 I
1*
#54476000
b1010010100101 Q
#54480000
0*
#54485000
1E
b1001 I
b11 >
08
b0 =
1*
#54486000
b1010010100110 Q
#54490000
0*
#54495000
b1 =
b11 J
0E
b0 I
1*
#54496000
b1010010100111 Q
#54500000
0*
#54505000
b1 I
0!
b10 =
1*
#54506000
b1010010101000 Q
#54510000
0*
#54515000
b11 =
0@
b10 I
1*
#54516000
b1010010101001 Q
#54520000
0*
#54525000
b11 I
06
0A
17
b100 =
1*
#54526000
b1010010101010 Q
#54530000
0*
#54535000
07
b101 =
b100 I
1*
#54536000
b1010010101011 Q
#54540000
0*
#54545000
b101 I
b110 =
1*
#54546000
b1010010101100 Q
#54550000
0*
#54555000
b111 =
b110 I
1*
#54556000
b1010010101101 Q
#54560000
0*
#54565000
b111 I
b1000 =
1*
#54566000
b1010010101110 Q
#54570000
0*
#54575000
18
b1001 =
b1000 I
1*
#54576000
b1010010101111 Q
#54580000
0*
#54585000
1E
b1001 I
b100 >
08
b0 =
b10000111 B
1*
#54586000
b1010010110000 Q
#54590000
0*
#54595000
b1 =
b100 J
0E
b0 I
1*
#54596000
b1010010110001 Q
#54600000
0*
#54605000
b1 I
b10 =
1*
#54606000
b1010010110010 Q
#54610000
0*
#54615000
b11 =
b10 I
1*
#54616000
b1010010110011 Q
#54620000
0*
#54625000
b11 I
17
b100 =
1*
#54626000
b1010010110100 Q
#54630000
0*
#54635000
07
b101 =
b100 I
1*
#54636000
b1010010110101 Q
#54640000
0*
#54645000
b101 I
b110 =
1*
#54646000
b1010010110110 Q
#54650000
0*
#54655000
b111 =
b110 I
1*
#54656000
b1010010110111 Q
#54660000
0*
#54665000
b111 I
b1000 =
1*
#54666000
b1010010111000 Q
#54670000
0*
#54675000
18
b1001 =
b1000 I
1*
#54676000
b1010010111001 Q
#54680000
0*
#54685000
1E
b1001 I
b101 >
08
b0 =
1*
#54686000
b1010010111010 Q
#54690000
0*
#54695000
b1 =
b101 J
0E
b0 I
1*
#54696000
b1010010111011 Q
#54700000
0*
#54705000
b1 I
1!
b10 =
1*
#54706000
b1010010111100 Q
#54710000
0*
#54715000
b11 =
1@
b10 I
1*
#54716000
b1010010111101 Q
#54720000
0*
#54725000
b11 I
16
1A
17
b100 =
1*
#54726000
b1010010111110 Q
#54730000
0*
#54735000
07
b101 =
b100 I
1*
#54736000
b1010010111111 Q
#54740000
0*
#54745000
b101 I
b110 =
1*
#54746000
b1010011000000 Q
#54750000
0*
#54755000
b111 =
b110 I
1*
#54756000
b1010011000001 Q
#54760000
0*
#54765000
b111 I
b1000 =
1*
#54766000
b1010011000010 Q
#54770000
0*
#54775000
18
b1001 =
b1000 I
1*
#54776000
b1010011000011 Q
#54780000
0*
#54785000
1E
b1001 I
b110 >
08
b0 =
b10100111 B
1*
#54786000
b1010011000100 Q
#54790000
0*
#54795000
b1 =
b110 J
0E
b0 I
1*
#54796000
b1010011000101 Q
#54800000
0*
#54805000
b1 I
b10 =
1*
#54806000
b1010011000110 Q
#54810000
0*
#54815000
b11 =
b10 I
1*
#54816000
b1010011000111 Q
#54820000
0*
#54825000
b11 I
17
b100 =
1*
#54826000
b1010011001000 Q
#54830000
0*
#54835000
07
b101 =
b100 I
1*
#54836000
b1010011001001 Q
#54840000
0*
#54845000
b101 I
b110 =
1*
#54846000
b1010011001010 Q
#54850000
0*
#54855000
b111 =
b110 I
1*
#54856000
b1010011001011 Q
#54860000
0*
#54865000
b111 I
b1000 =
1*
#54866000
b1010011001100 Q
#54870000
0*
#54875000
18
b1001 =
b1000 I
1*
#54876000
b1010011001101 Q
#54880000
0*
#54885000
1E
b1001 I
b111 >
08
b0 =
b11100111 B
1*
#54886000
b1010011001110 Q
#54890000
0*
#54895000
b1 =
b111 J
0E
b0 I
1*
#54896000
b1010011001111 Q
#54900000
0*
#54905000
b1 I
0!
b10 =
1*
#54906000
b1010011010000 Q
#54910000
0*
#54915000
b11 =
0@
b10 I
1*
#54916000
b1010011010001 Q
#54920000
0*
#54925000
b11 I
06
0A
17
b100 =
1*
#54926000
b1010011010010 Q
#54930000
0*
#54935000
07
b101 =
b100 I
1*
#54936000
b1010011010011 Q
#54940000
0*
#54945000
b101 I
b110 =
1*
#54946000
b1010011010100 Q
#54950000
0*
#54955000
b111 =
b110 I
1*
#54956000
b1010011010101 Q
#54960000
0*
#54965000
b111 I
b1000 =
1*
#54966000
b1010011010110 Q
#54970000
0*
#54975000
18
b1001 =
b1000 I
1*
#54976000
b1010011010111 Q
#54980000
0*
#54985000
1E
b1001 I
b11 C
08
b0 =
b1100111 B
1*
#54986000
b1010011011000 Q
#54990000
0*
#54995000
b1 =
b11 K
0E
b0 I
1*
#54996000
b1010011011001 Q
#55000000
0*
#55005000
b1 I
1!
b10 =
1*
#55006000
b1010011011010 Q
#55010000
0*
#55015000
b11 =
1@
b10 I
1*
#55016000
b1010011011011 Q
#55020000
0*
#55025000
b11 I
16
1A
17
b100 =
1*
#55026000
b1010011011100 Q
#55030000
0*
#55035000
07
b101 =
b100 I
1*
#55036000
b1010011011101 Q
#55040000
0*
#55045000
b101 I
b110 =
1*
#55046000
b1010011011110 Q
#55050000
0*
#55055000
b111 =
b110 I
1*
#55056000
b1010011011111 Q
#55060000
0*
#55065000
b111 I
b1000 =
1*
#55066000
b1010011100000 Q
#55070000
0*
#55075000
18
b1001 =
b1000 I
1*
#55076000
b1010011100001 Q
#55080000
0*
#55085000
1E
b1001 I
b0 C
0'
1$
b1100111 &
b1100111 3
b1100111 ?
08
b0 =
1*
#55086000
b110110 1
b1010011100010 Q
#55090000
0*
#55095000
0$
b0 K
0#
1"
0E
b0 I
1*
#55100000
0*
#55105000
0"
1*
#55106000
1-
b10010001 ,
b10010001 2
b10010001 D
b10010001 P
b101110 0
#55110000
0*
#55115000
1#
b1 K
b10010001 L
1*
#55116000
0-
#55120000
0*
#55125000
b1 I
0!
1*
#55126000
b1010011100011 Q
#55130000
0*
#55135000
0@
b10 I
1*
#55136000
b1010011100100 Q
#55140000
0*
#55145000
b11 I
06
0A
1*
#55146000
b1010011100101 Q
#55150000
0*
#55155000
1'
b1 C
b100 I
1*
#55156000
b1010011100110 Q
#55160000
0*
#55165000
b101 I
b1 =
1*
#55166000
b1010011100111 Q
#55170000
0*
#55175000
b10 =
b110 I
1*
#55176000
b1010011101000 Q
#55180000
0*
#55185000
b111 I
b11 =
1*
#55186000
b1010011101001 Q
#55190000
0*
#55195000
17
b100 =
b1000 I
1*
#55196000
b1010011101010 Q
#55200000
0*
#55205000
1E
b1001 I
b10 C
b0 >
07
b0 =
1*
#55206000
b1010011101011 Q
#55210000
0*
#55215000
b1 =
b10 K
b0 J
0E
b0 I
1*
#55216000
b1010011101100 Q
#55220000
0*
#55225000
b1 I
1!
b10 =
1*
#55226000
b1010011101101 Q
#55230000
0*
#55235000
b11 =
1@
b10 I
1*
#55236000
b1010011101110 Q
#55240000
0*
#55245000
b11 I
16
1A
17
b100 =
1*
#55246000
b1010011101111 Q
#55250000
0*
#55255000
07
b101 =
b100 I
1*
#55256000
b1010011110000 Q
#55260000
0*
#55265000
b101 I
b110 =
1*
#55266000
b1010011110001 Q
#55270000
0*
#55275000
b111 =
b110 I
1*
#55276000
b1010011110010 Q
#55280000
0*
#55285000
b111 I
b1000 =
1*
#55286000
b1010011110011 Q
#55290000
0*
#55295000
18
b1001 =
b1000 I
1*
#55296000
b1010011110100 Q
#55300000
0*
#55305000
1E
b1001 I
b1 >
08
b0 =
1*
#55306000
b1010011110101 Q
#55310000
0*
#55315000
b1 =
b1 J
0E
b0 I
1*
#55316000
b1010011110110 Q
#55320000
0*
#55325000
b1 I
0!
b10 =
1*
#55326000
b1010011110111 Q
#55330000
0*
#55335000
b11 =
0@
b10 I
1*
#55336000
b1010011111000 Q
#55340000
0*
#55345000
b11 I
06
0A
17
b100 =
1*
#55346000
b1010011111001 Q
#55350000
0*
#55355000
07
b101 =
b100 I
1*
#55356000
b1010011111010 Q
#55360000
0*
#55365000
b101 I
b110 =
1*
#55366000
b1010011111011 Q
#55370000
0*
#55375000
b111 =
b110 I
1*
#55376000
b1010011111100 Q
#55380000
0*
#55385000
b111 I
b1000 =
1*
#55386000
b1010011111101 Q
#55390000
0*
#55395000
18
b1001 =
b1000 I
1*
#55396000
b1010011111110 Q
#55400000
0*
#55405000
1E
b1001 I
b10 >
08
b0 =
b1100101 B
1*
#55406000
b1010011111111 Q
#55410000
0*
#55415000
b1 =
b10 J
0E
b0 I
1*
#55416000
b1010100000000 Q
#55420000
0*
#55425000
b1 I
b10 =
1*
#55426000
b1010100000001 Q
#55430000
0*
#55435000
b11 =
b10 I
1*
#55436000
b1010100000010 Q
#55440000
0*
#55445000
b11 I
17
b100 =
1*
#55446000
b1010100000011 Q
#55450000
0*
#55455000
07
b101 =
b100 I
1*
#55456000
b1010100000100 Q
#55460000
0*
#55465000
b101 I
b110 =
1*
#55466000
b1010100000101 Q
#55470000
0*
#55475000
b111 =
b110 I
1*
#55476000
b1010100000110 Q
#55480000
0*
#55485000
b111 I
b1000 =
1*
#55486000
b1010100000111 Q
#55490000
0*
#55495000
18
b1001 =
b1000 I
1*
#55496000
b1010100001000 Q
#55500000
0*
#55505000
1E
b1001 I
b11 >
08
b0 =
b1100001 B
1*
#55506000
b1010100001001 Q
#55510000
0*
#55515000
b1 =
b11 J
0E
b0 I
1*
#55516000
b1010100001010 Q
#55520000
0*
#55525000
b1 I
b10 =
1*
#55526000
b1010100001011 Q
#55530000
0*
#55535000
b11 =
b10 I
1*
#55536000
b1010100001100 Q
#55540000
0*
#55545000
b11 I
17
b100 =
1*
#55546000
b1010100001101 Q
#55550000
0*
#55555000
07
b101 =
b100 I
1*
#55556000
b1010100001110 Q
#55560000
0*
#55565000
b101 I
b110 =
1*
#55566000
b1010100001111 Q
#55570000
0*
#55575000
b111 =
b110 I
1*
#55576000
b1010100010000 Q
#55580000
0*
#55585000
b111 I
b1000 =
1*
#55586000
b1010100010001 Q
#55590000
0*
#55595000
18
b1001 =
b1000 I
1*
#55596000
b1010100010010 Q
#55600000
0*
#55605000
1E
b1001 I
b100 >
08
b0 =
1*
#55606000
b1010100010011 Q
#55610000
0*
#55615000
b1 =
b100 J
0E
b0 I
1*
#55616000
b1010100010100 Q
#55620000
0*
#55625000
b1 I
1!
b10 =
1*
#55626000
b1010100010101 Q
#55630000
0*
#55635000
b11 =
1@
b10 I
1*
#55636000
b1010100010110 Q
#55640000
0*
#55645000
b11 I
16
1A
17
b100 =
1*
#55646000
b1010100010111 Q
#55650000
0*
#55655000
07
b101 =
b100 I
1*
#55656000
b1010100011000 Q
#55660000
0*
#55665000
b101 I
b110 =
1*
#55666000
b1010100011001 Q
#55670000
0*
#55675000
b111 =
b110 I
1*
#55676000
b1010100011010 Q
#55680000
0*
#55685000
b111 I
b1000 =
1*
#55686000
b1010100011011 Q
#55690000
0*
#55695000
18
b1001 =
b1000 I
1*
#55696000
b1010100011100 Q
#55700000
0*
#55705000
1E
b1001 I
b101 >
08
b0 =
b1110001 B
1*
#55706000
b1010100011101 Q
#55710000
0*
#55715000
b1 =
b101 J
0E
b0 I
1*
#55716000
b1010100011110 Q
#55720000
0*
#55725000
b1 I
0!
b10 =
1*
#55726000
b1010100011111 Q
#55730000
0*
#55735000
b11 =
0@
b10 I
1*
#55736000
b1010100100000 Q
#55740000
0*
#55745000
b11 I
06
0A
17
b100 =
1*
#55746000
b1010100100001 Q
#55750000
0*
#55755000
07
b101 =
b100 I
1*
#55756000
b1010100100010 Q
#55760000
0*
#55765000
b101 I
b110 =
1*
#55766000
b1010100100011 Q
#55770000
0*
#55775000
b111 =
b110 I
1*
#55776000
b1010100100100 Q
#55780000
0*
#55785000
b111 I
b1000 =
1*
#55786000
b1010100100101 Q
#55790000
0*
#55795000
18
b1001 =
b1000 I
1*
#55796000
b1010100100110 Q
#55800000
0*
#55805000
1E
b1001 I
b110 >
08
b0 =
b1010001 B
1*
#55806000
b1010100100111 Q
#55810000
0*
#55815000
b1 =
b110 J
0E
b0 I
1*
#55816000
b1010100101000 Q
#55820000
0*
#55825000
b1 I
b10 =
1*
#55826000
b1010100101001 Q
#55830000
0*
#55835000
b11 =
b10 I
1*
#55836000
b1010100101010 Q
#55840000
0*
#55845000
b11 I
17
b100 =
1*
#55846000
b1010100101011 Q
#55850000
0*
#55855000
07
b101 =
b100 I
1*
#55856000
b1010100101100 Q
#55860000
0*
#55865000
b101 I
b110 =
1*
#55866000
b1010100101101 Q
#55870000
0*
#55875000
b111 =
b110 I
1*
#55876000
b1010100101110 Q
#55880000
0*
#55885000
b111 I
b1000 =
1*
#55886000
b1010100101111 Q
#55890000
0*
#55895000
18
b1001 =
b1000 I
1*
#55896000
b1010100110000 Q
#55900000
0*
#55905000
1E
b1001 I
b111 >
08
b0 =
b10001 B
1*
#55906000
b1010100110001 Q
#55910000
0*
#55915000
b1 =
b111 J
0E
b0 I
1*
#55916000
b1010100110010 Q
#55920000
0*
#55925000
b1 I
1!
b10 =
1*
#55926000
b1010100110011 Q
#55930000
0*
#55935000
b11 =
1@
b10 I
1*
#55936000
b1010100110100 Q
#55940000
0*
#55945000
b11 I
16
1A
17
b100 =
1*
#55946000
b1010100110101 Q
#55950000
0*
#55955000
07
b101 =
b100 I
1*
#55956000
b1010100110110 Q
#55960000
0*
#55965000
b101 I
b110 =
1*
#55966000
b1010100110111 Q
#55970000
0*
#55975000
b111 =
b110 I
1*
#55976000
b1010100111000 Q
#55980000
0*
#55985000
b111 I
b1000 =
1*
#55986000
b1010100111001 Q
#55990000
0*
#55995000
18
b1001 =
b1000 I
1*
#55996000
b1010100111010 Q
#56000000
0*
#56005000
1E
b1001 I
b11 C
08
b0 =
b10010001 B
1*
#56006000
b1010100111011 Q
#56010000
0*
#56015000
b1 =
b11 K
0E
b0 I
1*
#56016000
b1010100111100 Q
#56020000
0*
#56025000
b1 I
b10 =
1*
#56026000
b1010100111101 Q
#56030000
0*
#56035000
b11 =
b10 I
1*
#56036000
b1010100111110 Q
#56040000
0*
#56045000
b11 I
17
b100 =
1*
#56046000
b1010100111111 Q
#56050000
0*
#56055000
07
b101 =
b100 I
1*
#56056000
b1010101000000 Q
#56060000
0*
#56065000
b101 I
b110 =
1*
#56066000
b1010101000001 Q
#56070000
0*
#56075000
b111 =
b110 I
1*
#56076000
b1010101000010 Q
#56080000
0*
#56085000
b111 I
b1000 =
1*
#56086000
b1010101000011 Q
#56090000
0*
#56095000
18
b1001 =
b1000 I
1*
#56096000
b1010101000100 Q
#56100000
0*
#56105000
1E
b1001 I
b0 C
0'
1$
b10010001 &
b10010001 3
b10010001 ?
08
b0 =
1*
#56106000
b110111 1
b1010101000101 Q
#56110000
0*
#56115000
0$
b0 K
0#
1"
0E
b0 I
1*
#56120000
0*
#56125000
0"
1*
#56126000
1-
b10000101 ,
b10000101 2
b10000101 D
b10000101 P
b101111 0
#56130000
0*
#56135000
1#
b1 K
b10000101 L
1*
#56136000
0-
#56140000
0*
#56145000
b1 I
0!
1*
#56146000
b1010101000110 Q
#56150000
0*
#56155000
0@
b10 I
1*
#56156000
b1010101000111 Q
#56160000
0*
#56165000
b11 I
06
0A
1*
#56166000
b1010101001000 Q
#56170000
0*
#56175000
1'
b1 C
b100 I
1*
#56176000
b1010101001001 Q
#56180000
0*
#56185000
b101 I
b1 =
1*
#56186000
b1010101001010 Q
#56190000
0*
#56195000
b10 =
b110 I
1*
#56196000
b1010101001011 Q
#56200000
0*
#56205000
b111 I
b11 =
1*
#56206000
b1010101001100 Q
#56210000
0*
#56215000
17
b100 =
b1000 I
1*
#56216000
b1010101001101 Q
#56220000
0*
#56225000
1E
b1001 I
b10 C
b0 >
07
b0 =
1*
#56226000
b1010101001110 Q
#56230000
0*
#56235000
b1 =
b10 K
b0 J
0E
b0 I
1*
#56236000
b1010101001111 Q
#56240000
0*
#56245000
b1 I
1!
b10 =
1*
#56246000
b1010101010000 Q
#56250000
0*
#56255000
b11 =
1@
b10 I
1*
#56256000
b1010101010001 Q
#56260000
0*
#56265000
b11 I
16
1A
17
b100 =
1*
#56266000
b1010101010010 Q
#56270000
0*
#56275000
07
b101 =
b100 I
1*
#56276000
b1010101010011 Q
#56280000
0*
#56285000
b101 I
b110 =
1*
#56286000
b1010101010100 Q
#56290000
0*
#56295000
b111 =
b110 I
1*
#56296000
b1010101010101 Q
#56300000
0*
#56305000
b111 I
b1000 =
1*
#56306000
b1010101010110 Q
#56310000
0*
#56315000
18
b1001 =
b1000 I
1*
#56316000
b1010101010111 Q
#56320000
0*
#56325000
1E
b1001 I
b1 >
08
b0 =
1*
#56326000
b1010101011000 Q
#56330000
0*
#56335000
b1 =
b1 J
0E
b0 I
1*
#56336000
b1010101011001 Q
#56340000
0*
#56345000
b1 I
0!
b10 =
1*
#56346000
b1010101011010 Q
#56350000
0*
#56355000
b11 =
0@
b10 I
1*
#56356000
b1010101011011 Q
#56360000
0*
#56365000
b11 I
06
0A
17
b100 =
1*
#56366000
b1010101011100 Q
#56370000
0*
#56375000
07
b101 =
b100 I
1*
#56376000
b1010101011101 Q
#56380000
0*
#56385000
b101 I
b110 =
1*
#56386000
b1010101011110 Q
#56390000
0*
#56395000
b111 =
b110 I
1*
#56396000
b1010101011111 Q
#56400000
0*
#56405000
b111 I
b1000 =
1*
#56406000
b1010101100000 Q
#56410000
0*
#56415000
18
b1001 =
b1000 I
1*
#56416000
b1010101100001 Q
#56420000
0*
#56425000
1E
b1001 I
b10 >
08
b0 =
1*
#56426000
b1010101100010 Q
#56430000
0*
#56435000
b1 =
b10 J
0E
b0 I
1*
#56436000
b1010101100011 Q
#56440000
0*
#56445000
b1 I
1!
b10 =
1*
#56446000
b1010101100100 Q
#56450000
0*
#56455000
b11 =
1@
b10 I
1*
#56456000
b1010101100101 Q
#56460000
0*
#56465000
b11 I
16
1A
17
b100 =
1*
#56466000
b1010101100110 Q
#56470000
0*
#56475000
07
b101 =
b100 I
1*
#56476000
b1010101100111 Q
#56480000
0*
#56485000
b101 I
b110 =
1*
#56486000
b1010101101000 Q
#56490000
0*
#56495000
b111 =
b110 I
1*
#56496000
b1010101101001 Q
#56500000
0*
#56505000
b111 I
b1000 =
1*
#56506000
b1010101101010 Q
#56510000
0*
#56515000
18
b1001 =
b1000 I
1*
#56516000
b1010101101011 Q
#56520000
0*
#56525000
1E
b1001 I
b11 >
08
b0 =
b10010101 B
1*
#56526000
b1010101101100 Q
#56530000
0*
#56535000
b1 =
b11 J
0E
b0 I
1*
#56536000
b1010101101101 Q
#56540000
0*
#56545000
b1 I
0!
b10 =
1*
#56546000
b1010101101110 Q
#56550000
0*
#56555000
b11 =
0@
b10 I
1*
#56556000
b1010101101111 Q
#56560000
0*
#56565000
b11 I
06
0A
17
b100 =
1*
#56566000
b1010101110000 Q
#56570000
0*
#56575000
07
b101 =
b100 I
1*
#56576000
b1010101110001 Q
#56580000
0*
#56585000
b101 I
b110 =
1*
#56586000
b1010101110010 Q
#56590000
0*
#56595000
b111 =
b110 I
1*
#56596000
b1010101110011 Q
#56600000
0*
#56605000
b111 I
b1000 =
1*
#56606000
b1010101110100 Q
#56610000
0*
#56615000
18
b1001 =
b1000 I
1*
#56616000
b1010101110101 Q
#56620000
0*
#56625000
1E
b1001 I
b100 >
08
b0 =
1*
#56626000
b1010101110110 Q
#56630000
0*
#56635000
b1 =
b100 J
0E
b0 I
1*
#56636000
b1010101110111 Q
#56640000
0*
#56645000
b1 I
b10 =
1*
#56646000
b1010101111000 Q
#56650000
0*
#56655000
b11 =
b10 I
1*
#56656000
b1010101111001 Q
#56660000
0*
#56665000
b11 I
17
b100 =
1*
#56666000
b1010101111010 Q
#56670000
0*
#56675000
07
b101 =
b100 I
1*
#56676000
b1010101111011 Q
#56680000
0*
#56685000
b101 I
b110 =
1*
#56686000
b1010101111100 Q
#56690000
0*
#56695000
b111 =
b110 I
1*
#56696000
b1010101111101 Q
#56700000
0*
#56705000
b111 I
b1000 =
1*
#56706000
b1010101111110 Q
#56710000
0*
#56715000
18
b1001 =
b1000 I
1*
#56716000
b1010101111111 Q
#56720000
0*
#56725000
1E
b1001 I
b101 >
08
b0 =
b10000101 B
1*
#56726000
b1010110000000 Q
#56730000
0*
#56735000
b1 =
b101 J
0E
b0 I
1*
#56736000
b1010110000001 Q
#56740000
0*
#56745000
b1 I
b10 =
1*
#56746000
b1010110000010 Q
#56750000
0*
#56755000
b11 =
b10 I
1*
#56756000
b1010110000011 Q
#56760000
0*
#56765000
b11 I
17
b100 =
1*
#56766000
b1010110000100 Q
#56770000
0*
#56775000
07
b101 =
b100 I
1*
#56776000
b1010110000101 Q
#56780000
0*
#56785000
b101 I
b110 =
1*
#56786000
b1010110000110 Q
#56790000
0*
#56795000
b111 =
b110 I
1*
#56796000
b1010110000111 Q
#56800000
0*
#56805000
b111 I
b1000 =
1*
#56806000
b1010110001000 Q
#56810000
0*
#56815000
18
b1001 =
b1000 I
1*
#56816000
b1010110001001 Q
#56820000
0*
#56825000
1E
b1001 I
b110 >
08
b0 =
1*
#56826000
b1010110001010 Q
#56830000
0*
#56835000
b1 =
b110 J
0E
b0 I
1*
#56836000
b1010110001011 Q
#56840000
0*
#56845000
b1 I
b10 =
1*
#56846000
b1010110001100 Q
#56850000
0*
#56855000
b11 =
b10 I
1*
#56856000
b1010110001101 Q
#56860000
0*
#56865000
b11 I
17
b100 =
1*
#56866000
b1010110001110 Q
#56870000
0*
#56875000
07
b101 =
b100 I
1*
#56876000
b1010110001111 Q
#56880000
0*
#56885000
b101 I
b110 =
1*
#56886000
b1010110010000 Q
#56890000
0*
#56895000
b111 =
b110 I
1*
#56896000
b1010110010001 Q
#56900000
0*
#56905000
b111 I
b1000 =
1*
#56906000
b1010110010010 Q
#56910000
0*
#56915000
18
b1001 =
b1000 I
1*
#56916000
b1010110010011 Q
#56920000
0*
#56925000
1E
b1001 I
b111 >
08
b0 =
1*
#56926000
b1010110010100 Q
#56930000
0*
#56935000
b1 =
b111 J
0E
b0 I
1*
#56936000
b1010110010101 Q
#56940000
0*
#56945000
b1 I
1!
b10 =
1*
#56946000
b1010110010110 Q
#56950000
0*
#56955000
b11 =
1@
b10 I
1*
#56956000
b1010110010111 Q
#56960000
0*
#56965000
b11 I
16
1A
17
b100 =
1*
#56966000
b1010110011000 Q
#56970000
0*
#56975000
07
b101 =
b100 I
1*
#56976000
b1010110011001 Q
#56980000
0*
#56985000
b101 I
b110 =
1*
#56986000
b1010110011010 Q
#56990000
0*
#56995000
b111 =
b110 I
1*
#56996000
b1010110011011 Q
#57000000
0*
#57005000
b111 I
b1000 =
1*
#57006000
b1010110011100 Q
#57010000
0*
#57015000
18
b1001 =
b1000 I
1*
#57016000
b1010110011101 Q
#57020000
0*
#57025000
1E
b1001 I
b11 C
08
b0 =
1*
#57026000
b1010110011110 Q
#57030000
0*
#57035000
b1 =
b11 K
0E
b0 I
1*
#57036000
b1010110011111 Q
#57040000
0*
#57045000
b1 I
b10 =
1*
#57046000
b1010110100000 Q
#57050000
0*
#57055000
b11 =
b10 I
1*
#57056000
b1010110100001 Q
#57060000
0*
#57065000
b11 I
17
b100 =
1*
#57066000
b1010110100010 Q
#57070000
0*
#57075000
07
b101 =
b100 I
1*
#57076000
b1010110100011 Q
#57080000
0*
#57085000
b101 I
b110 =
1*
#57086000
b1010110100100 Q
#57090000
0*
#57095000
b111 =
b110 I
1*
#57096000
b1010110100101 Q
#57100000
0*
#57105000
b111 I
b1000 =
1*
#57106000
b1010110100110 Q
#57110000
0*
#57115000
18
b1001 =
b1000 I
1*
#57116000
b1010110100111 Q
#57120000
0*
#57125000
1E
b1001 I
b0 C
0'
1$
b10000101 &
b10000101 3
b10000101 ?
08
b0 =
1*
#57126000
b111000 1
b1010110101000 Q
#57130000
0*
#57135000
0$
b0 K
0#
1"
0E
b0 I
1*
#57140000
0*
#57145000
0"
1*
#57146000
1-
b1100101 ,
b1100101 2
b1100101 D
b1100101 P
b110000 0
#57150000
0*
#57155000
1#
b1 K
b1100101 L
1*
#57156000
0-
#57160000
0*
#57165000
b1 I
0!
1*
#57166000
b1010110101001 Q
#57170000
0*
#57175000
0@
b10 I
1*
#57176000
b1010110101010 Q
#57180000
0*
#57185000
b11 I
06
0A
1*
#57186000
b1010110101011 Q
#57190000
0*
#57195000
1'
b1 C
b100 I
1*
#57196000
b1010110101100 Q
#57200000
0*
#57205000
b101 I
b1 =
1*
#57206000
b1010110101101 Q
#57210000
0*
#57215000
b10 =
b110 I
1*
#57216000
b1010110101110 Q
#57220000
0*
#57225000
b111 I
b11 =
1*
#57226000
b1010110101111 Q
#57230000
0*
#57235000
17
b100 =
b1000 I
1*
#57236000
b1010110110000 Q
#57240000
0*
#57245000
1E
b1001 I
b10 C
b0 >
07
b0 =
1*
#57246000
b1010110110001 Q
#57250000
0*
#57255000
b1 =
b10 K
b0 J
0E
b0 I
1*
#57256000
b1010110110010 Q
#57260000
0*
#57265000
b1 I
1!
b10 =
1*
#57266000
b1010110110011 Q
#57270000
0*
#57275000
b11 =
1@
b10 I
1*
#57276000
b1010110110100 Q
#57280000
0*
#57285000
b11 I
16
1A
17
b100 =
1*
#57286000
b1010110110101 Q
#57290000
0*
#57295000
07
b101 =
b100 I
1*
#57296000
b1010110110110 Q
#57300000
0*
#57305000
b101 I
b110 =
1*
#57306000
b1010110110111 Q
#57310000
0*
#57315000
b111 =
b110 I
1*
#57316000
b1010110111000 Q
#57320000
0*
#57325000
b111 I
b1000 =
1*
#57326000
b1010110111001 Q
#57330000
0*
#57335000
18
b1001 =
b1000 I
1*
#57336000
b1010110111010 Q
#57340000
0*
#57345000
1E
b1001 I
b1 >
08
b0 =
1*
#57346000
b1010110111011 Q
#57350000
0*
#57355000
b1 =
b1 J
0E
b0 I
1*
#57356000
b1010110111100 Q
#57360000
0*
#57365000
b1 I
0!
b10 =
1*
#57366000
b1010110111101 Q
#57370000
0*
#57375000
b11 =
0@
b10 I
1*
#57376000
b1010110111110 Q
#57380000
0*
#57385000
b11 I
06
0A
17
b100 =
1*
#57386000
b1010110111111 Q
#57390000
0*
#57395000
07
b101 =
b100 I
1*
#57396000
b1010111000000 Q
#57400000
0*
#57405000
b101 I
b110 =
1*
#57406000
b1010111000001 Q
#57410000
0*
#57415000
b111 =
b110 I
1*
#57416000
b1010111000010 Q
#57420000
0*
#57425000
b111 I
b1000 =
1*
#57426000
b1010111000011 Q
#57430000
0*
#57435000
18
b1001 =
b1000 I
1*
#57436000
b1010111000100 Q
#57440000
0*
#57445000
1E
b1001 I
b10 >
08
b0 =
1*
#57446000
b1010111000101 Q
#57450000
0*
#57455000
b1 =
b10 J
0E
b0 I
1*
#57456000
b1010111000110 Q
#57460000
0*
#57465000
b1 I
1!
b10 =
1*
#57466000
b1010111000111 Q
#57470000
0*
#57475000
b11 =
1@
b10 I
1*
#57476000
b1010111001000 Q
#57480000
0*
#57485000
b11 I
16
1A
17
b100 =
1*
#57486000
b1010111001001 Q
#57490000
0*
#57495000
07
b101 =
b100 I
1*
#57496000
b1010111001010 Q
#57500000
0*
#57505000
b101 I
b110 =
1*
#57506000
b1010111001011 Q
#57510000
0*
#57515000
b111 =
b110 I
1*
#57516000
b1010111001100 Q
#57520000
0*
#57525000
b111 I
b1000 =
1*
#57526000
b1010111001101 Q
#57530000
0*
#57535000
18
b1001 =
b1000 I
1*
#57536000
b1010111001110 Q
#57540000
0*
#57545000
1E
b1001 I
b11 >
08
b0 =
1*
#57546000
b1010111001111 Q
#57550000
0*
#57555000
b1 =
b11 J
0E
b0 I
1*
#57556000
b1010111010000 Q
#57560000
0*
#57565000
b1 I
0!
b10 =
1*
#57566000
b1010111010001 Q
#57570000
0*
#57575000
b11 =
0@
b10 I
1*
#57576000
b1010111010010 Q
#57580000
0*
#57585000
b11 I
06
0A
17
b100 =
1*
#57586000
b1010111010011 Q
#57590000
0*
#57595000
07
b101 =
b100 I
1*
#57596000
b1010111010100 Q
#57600000
0*
#57605000
b101 I
b110 =
1*
#57606000
b1010111010101 Q
#57610000
0*
#57615000
b111 =
b110 I
1*
#57616000
b1010111010110 Q
#57620000
0*
#57625000
b111 I
b1000 =
1*
#57626000
b1010111010111 Q
#57630000
0*
#57635000
18
b1001 =
b1000 I
1*
#57636000
b1010111011000 Q
#57640000
0*
#57645000
1E
b1001 I
b100 >
08
b0 =
1*
#57646000
b1010111011001 Q
#57650000
0*
#57655000
b1 =
b100 J
0E
b0 I
1*
#57656000
b1010111011010 Q
#57660000
0*
#57665000
b1 I
b10 =
1*
#57666000
b1010111011011 Q
#57670000
0*
#57675000
b11 =
b10 I
1*
#57676000
b1010111011100 Q
#57680000
0*
#57685000
b11 I
17
b100 =
1*
#57686000
b1010111011101 Q
#57690000
0*
#57695000
07
b101 =
b100 I
1*
#57696000
b1010111011110 Q
#57700000
0*
#57705000
b101 I
b110 =
1*
#57706000
b1010111011111 Q
#57710000
0*
#57715000
b111 =
b110 I
1*
#57716000
b1010111100000 Q
#57720000
0*
#57725000
b111 I
b1000 =
1*
#57726000
b1010111100001 Q
#57730000
0*
#57735000
18
b1001 =
b1000 I
1*
#57736000
b1010111100010 Q
#57740000
0*
#57745000
1E
b1001 I
b101 >
08
b0 =
1*
#57746000
b1010111100011 Q
#57750000
0*
#57755000
b1 =
b101 J
0E
b0 I
1*
#57756000
b1010111100100 Q
#57760000
0*
#57765000
b1 I
1!
b10 =
1*
#57766000
b1010111100101 Q
#57770000
0*
#57775000
b11 =
1@
b10 I
1*
#57776000
b1010111100110 Q
#57780000
0*
#57785000
b11 I
16
1A
17
b100 =
1*
#57786000
b1010111100111 Q
#57790000
0*
#57795000
07
b101 =
b100 I
1*
#57796000
b1010111101000 Q
#57800000
0*
#57805000
b101 I
b110 =
1*
#57806000
b1010111101001 Q
#57810000
0*
#57815000
b111 =
b110 I
1*
#57816000
b1010111101010 Q
#57820000
0*
#57825000
b111 I
b1000 =
1*
#57826000
b1010111101011 Q
#57830000
0*
#57835000
18
b1001 =
b1000 I
1*
#57836000
b1010111101100 Q
#57840000
0*
#57845000
1E
b1001 I
b110 >
08
b0 =
b10100101 B
1*
#57846000
b1010111101101 Q
#57850000
0*
#57855000
b1 =
b110 J
0E
b0 I
1*
#57856000
b1010111101110 Q
#57860000
0*
#57865000
b1 I
b10 =
1*
#57866000
b1010111101111 Q
#57870000
0*
#57875000
b11 =
b10 I
1*
#57876000
b1010111110000 Q
#57880000
0*
#57885000
b11 I
17
b100 =
1*
#57886000
b1010111110001 Q
#57890000
0*
#57895000
07
b101 =
b100 I
1*
#57896000
b1010111110010 Q
#57900000
0*
#57905000
b101 I
b110 =
1*
#57906000
b1010111110011 Q
#57910000
0*
#57915000
b111 =
b110 I
1*
#57916000
b1010111110100 Q
#57920000
0*
#57925000
b111 I
b1000 =
1*
#57926000
b1010111110101 Q
#57930000
0*
#57935000
18
b1001 =
b1000 I
1*
#57936000
b1010111110110 Q
#57940000
0*
#57945000
1E
b1001 I
b111 >
08
b0 =
b11100101 B
1*
#57946000
b1010111110111 Q
#57950000
0*
#57955000
b1 =
b111 J
0E
b0 I
1*
#57956000
b1010111111000 Q
#57960000
0*
#57965000
b1 I
0!
b10 =
1*
#57966000
b1010111111001 Q
#57970000
0*
#57975000
b11 =
0@
b10 I
1*
#57976000
b1010111111010 Q
#57980000
0*
#57985000
b11 I
06
0A
17
b100 =
1*
#57986000
b1010111111011 Q
#57990000
0*
#57995000
07
b101 =
b100 I
1*
#57996000
b1010111111100 Q
#58000000
0*
#58005000
b101 I
b110 =
1*
#58006000
b1010111111101 Q
#58010000
0*
#58015000
b111 =
b110 I
1*
#58016000
b1010111111110 Q
#58020000
0*
#58025000
b111 I
b1000 =
1*
#58026000
b1010111111111 Q
#58030000
0*
#58035000
18
b1001 =
b1000 I
1*
#58036000
b1011000000000 Q
#58040000
0*
#58045000
1E
b1001 I
b11 C
08
b0 =
b1100101 B
1*
#58046000
b1011000000001 Q
#58050000
0*
#58055000
b1 =
b11 K
0E
b0 I
1*
#58056000
b1011000000010 Q
#58060000
0*
#58065000
b1 I
1!
b10 =
1*
#58066000
b1011000000011 Q
#58070000
0*
#58075000
b11 =
1@
b10 I
1*
#58076000
b1011000000100 Q
#58080000
0*
#58085000
b11 I
16
1A
17
b100 =
1*
#58086000
b1011000000101 Q
#58090000
0*
#58095000
07
b101 =
b100 I
1*
#58096000
b1011000000110 Q
#58100000
0*
#58105000
b101 I
b110 =
1*
#58106000
b1011000000111 Q
#58110000
0*
#58115000
b111 =
b110 I
1*
#58116000
b1011000001000 Q
#58120000
0*
#58125000
b111 I
b1000 =
1*
#58126000
b1011000001001 Q
#58130000
0*
#58135000
18
b1001 =
b1000 I
1*
#58136000
b1011000001010 Q
#58140000
0*
#58145000
1E
b1001 I
b0 C
0'
1$
b1100101 &
b1100101 3
b1100101 ?
08
b0 =
1*
#58146000
b111001 1
b1011000001011 Q
#58150000
0*
#58155000
0$
b0 K
0#
1"
0E
b0 I
1*
#58160000
0*
#58165000
0"
1*
#58166000
1-
b11110 ,
b11110 2
b11110 D
b11110 P
b110001 0
#58170000
0*
#58175000
1#
b1 K
b11110 L
1*
#58176000
0-
#58180000
0*
#58185000
b1 I
0!
1*
#58186000
b1011000001100 Q
#58190000
0*
#58195000
0@
b10 I
1*
#58196000
b1011000001101 Q
#58200000
0*
#58205000
b11 I
06
0A
1*
#58206000
b1011000001110 Q
#58210000
0*
#58215000
1'
b1 C
b100 I
1*
#58216000
b1011000001111 Q
#58220000
0*
#58225000
b101 I
b1 =
1*
#58226000
b1011000010000 Q
#58230000
0*
#58235000
b10 =
b110 I
1*
#58236000
b1011000010001 Q
#58240000
0*
#58245000
b111 I
b11 =
1*
#58246000
b1011000010010 Q
#58250000
0*
#58255000
17
b100 =
b1000 I
1*
#58256000
b1011000010011 Q
#58260000
0*
#58265000
1E
b1001 I
b10 C
b0 >
07
b0 =
1*
#58266000
b1011000010100 Q
#58270000
0*
#58275000
b1 =
b10 K
b0 J
0E
b0 I
1*
#58276000
b1011000010101 Q
#58280000
0*
#58285000
b1 I
b10 =
1*
#58286000
b1011000010110 Q
#58290000
0*
#58295000
b11 =
b10 I
1*
#58296000
b1011000010111 Q
#58300000
0*
#58305000
b11 I
17
b100 =
1*
#58306000
b1011000011000 Q
#58310000
0*
#58315000
07
b101 =
b100 I
1*
#58316000
b1011000011001 Q
#58320000
0*
#58325000
b101 I
b110 =
1*
#58326000
b1011000011010 Q
#58330000
0*
#58335000
b111 =
b110 I
1*
#58336000
b1011000011011 Q
#58340000
0*
#58345000
b111 I
b1000 =
1*
#58346000
b1011000011100 Q
#58350000
0*
#58355000
18
b1001 =
b1000 I
1*
#58356000
b1011000011101 Q
#58360000
0*
#58365000
1E
b1001 I
b1 >
08
b0 =
b1100100 B
1*
#58366000
b1011000011110 Q
#58370000
0*
#58375000
b1 =
b1 J
0E
b0 I
1*
#58376000
b1011000011111 Q
#58380000
0*
#58385000
b1 I
1!
b10 =
1*
#58386000
b1011000100000 Q
#58390000
0*
#58395000
b11 =
1@
b10 I
1*
#58396000
b1011000100001 Q
#58400000
0*
#58405000
b11 I
16
1A
17
b100 =
1*
#58406000
b1011000100010 Q
#58410000
0*
#58415000
07
b101 =
b100 I
1*
#58416000
b1011000100011 Q
#58420000
0*
#58425000
b101 I
b110 =
1*
#58426000
b1011000100100 Q
#58430000
0*
#58435000
b111 =
b110 I
1*
#58436000
b1011000100101 Q
#58440000
0*
#58445000
b111 I
b1000 =
1*
#58446000
b1011000100110 Q
#58450000
0*
#58455000
18
b1001 =
b1000 I
1*
#58456000
b1011000100111 Q
#58460000
0*
#58465000
1E
b1001 I
b10 >
08
b0 =
b1100110 B
1*
#58466000
b1011000101000 Q
#58470000
0*
#58475000
b1 =
b10 J
0E
b0 I
1*
#58476000
b1011000101001 Q
#58480000
0*
#58485000
b1 I
b10 =
1*
#58486000
b1011000101010 Q
#58490000
0*
#58495000
b11 =
b10 I
1*
#58496000
b1011000101011 Q
#58500000
0*
#58505000
b11 I
17
b100 =
1*
#58506000
b1011000101100 Q
#58510000
0*
#58515000
07
b101 =
b100 I
1*
#58516000
b1011000101101 Q
#58520000
0*
#58525000
b101 I
b110 =
1*
#58526000
b1011000101110 Q
#58530000
0*
#58535000
b111 =
b110 I
1*
#58536000
b1011000101111 Q
#58540000
0*
#58545000
b111 I
b1000 =
1*
#58546000
b1011000110000 Q
#58550000
0*
#58555000
18
b1001 =
b1000 I
1*
#58556000
b1011000110001 Q
#58560000
0*
#58565000
1E
b1001 I
b11 >
08
b0 =
1*
#58566000
b1011000110010 Q
#58570000
0*
#58575000
b1 =
b11 J
0E
b0 I
1*
#58576000
b1011000110011 Q
#58580000
0*
#58585000
b1 I
b10 =
1*
#58586000
b1011000110100 Q
#58590000
0*
#58595000
b11 =
b10 I
1*
#58596000
b1011000110101 Q
#58600000
0*
#58605000
b11 I
17
b100 =
1*
#58606000
b1011000110110 Q
#58610000
0*
#58615000
07
b101 =
b100 I
1*
#58616000
b1011000110111 Q
#58620000
0*
#58625000
b101 I
b110 =
1*
#58626000
b1011000111000 Q
#58630000
0*
#58635000
b111 =
b110 I
1*
#58636000
b1011000111001 Q
#58640000
0*
#58645000
b111 I
b1000 =
1*
#58646000
b1011000111010 Q
#58650000
0*
#58655000
18
b1001 =
b1000 I
1*
#58656000
b1011000111011 Q
#58660000
0*
#58665000
1E
b1001 I
b100 >
08
b0 =
b1101110 B
1*
#58666000
b1011000111100 Q
#58670000
0*
#58675000
b1 =
b100 J
0E
b0 I
1*
#58676000
b1011000111101 Q
#58680000
0*
#58685000
b1 I
b10 =
1*
#58686000
b1011000111110 Q
#58690000
0*
#58695000
b11 =
b10 I
1*
#58696000
b1011000111111 Q
#58700000
0*
#58705000
b11 I
17
b100 =
1*
#58706000
b1011001000000 Q
#58710000
0*
#58715000
07
b101 =
b100 I
1*
#58716000
b1011001000001 Q
#58720000
0*
#58725000
b101 I
b110 =
1*
#58726000
b1011001000010 Q
#58730000
0*
#58735000
b111 =
b110 I
1*
#58736000
b1011001000011 Q
#58740000
0*
#58745000
b111 I
b1000 =
1*
#58746000
b1011001000100 Q
#58750000
0*
#58755000
18
b1001 =
b1000 I
1*
#58756000
b1011001000101 Q
#58760000
0*
#58765000
1E
b1001 I
b101 >
08
b0 =
b1111110 B
1*
#58766000
b1011001000110 Q
#58770000
0*
#58775000
b1 =
b101 J
0E
b0 I
1*
#58776000
b1011001000111 Q
#58780000
0*
#58785000
b1 I
0!
b10 =
1*
#58786000
b1011001001000 Q
#58790000
0*
#58795000
b11 =
0@
b10 I
1*
#58796000
b1011001001001 Q
#58800000
0*
#58805000
b11 I
06
0A
17
b100 =
1*
#58806000
b1011001001010 Q
#58810000
0*
#58815000
07
b101 =
b100 I
1*
#58816000
b1011001001011 Q
#58820000
0*
#58825000
b101 I
b110 =
1*
#58826000
b1011001001100 Q
#58830000
0*
#58835000
b111 =
b110 I
1*
#58836000
b1011001001101 Q
#58840000
0*
#58845000
b111 I
b1000 =
1*
#58846000
b1011001001110 Q
#58850000
0*
#58855000
18
b1001 =
b1000 I
1*
#58856000
b1011001001111 Q
#58860000
0*
#58865000
1E
b1001 I
b110 >
08
b0 =
b1011110 B
1*
#58866000
b1011001010000 Q
#58870000
0*
#58875000
b1 =
b110 J
0E
b0 I
1*
#58876000
b1011001010001 Q
#58880000
0*
#58885000
b1 I
b10 =
1*
#58886000
b1011001010010 Q
#58890000
0*
#58895000
b11 =
b10 I
1*
#58896000
b1011001010011 Q
#58900000
0*
#58905000
b11 I
17
b100 =
1*
#58906000
b1011001010100 Q
#58910000
0*
#58915000
07
b101 =
b100 I
1*
#58916000
b1011001010101 Q
#58920000
0*
#58925000
b101 I
b110 =
1*
#58926000
b1011001010110 Q
#58930000
0*
#58935000
b111 =
b110 I
1*
#58936000
b1011001010111 Q
#58940000
0*
#58945000
b111 I
b1000 =
1*
#58946000
b1011001011000 Q
#58950000
0*
#58955000
18
b1001 =
b1000 I
1*
#58956000
b1011001011001 Q
#58960000
0*
#58965000
1E
b1001 I
b111 >
08
b0 =
b11110 B
1*
#58966000
b1011001011010 Q
#58970000
0*
#58975000
b1 =
b111 J
0E
b0 I
1*
#58976000
b1011001011011 Q
#58980000
0*
#58985000
b1 I
b10 =
1*
#58986000
b1011001011100 Q
#58990000
0*
#58995000
b11 =
b10 I
1*
#58996000
b1011001011101 Q
#59000000
0*
#59005000
b11 I
17
b100 =
1*
#59006000
b1011001011110 Q
#59010000
0*
#59015000
07
b101 =
b100 I
1*
#59016000
b1011001011111 Q
#59020000
0*
#59025000
b101 I
b110 =
1*
#59026000
b1011001100000 Q
#59030000
0*
#59035000
b111 =
b110 I
1*
#59036000
b1011001100001 Q
#59040000
0*
#59045000
b111 I
b1000 =
1*
#59046000
b1011001100010 Q
#59050000
0*
#59055000
18
b1001 =
b1000 I
1*
#59056000
b1011001100011 Q
#59060000
0*
#59065000
1E
b1001 I
b11 C
08
b0 =
1*
#59066000
b1011001100100 Q
#59070000
0*
#59075000
b1 =
b11 K
0E
b0 I
1*
#59076000
b1011001100101 Q
#59080000
0*
#59085000
b1 I
1!
b10 =
1*
#59086000
b1011001100110 Q
#59090000
0*
#59095000
b11 =
1@
b10 I
1*
#59096000
b1011001100111 Q
#59100000
0*
#59105000
b11 I
16
1A
17
b100 =
1*
#59106000
b1011001101000 Q
#59110000
0*
#59115000
07
b101 =
b100 I
1*
#59116000
b1011001101001 Q
#59120000
0*
#59125000
b101 I
b110 =
1*
#59126000
b1011001101010 Q
#59130000
0*
#59135000
b111 =
b110 I
1*
#59136000
b1011001101011 Q
#59140000
0*
#59145000
b111 I
b1000 =
1*
#59146000
b1011001101100 Q
#59150000
0*
#59155000
18
b1001 =
b1000 I
1*
#59156000
b1011001101101 Q
#59160000
0*
#59165000
1E
b1001 I
b0 C
0'
1$
b11110 &
b11110 3
b11110 ?
08
b0 =
1*
#59166000
b111010 1
b1011001101110 Q
#59170000
0*
#59175000
0$
b0 K
0#
1"
0E
b0 I
1*
#59180000
0*
#59185000
0"
1*
#59186000
1-
b1000010 ,
b1000010 2
b1000010 D
b111011 1
b110010 0
#59190000
0*
#59195000
1#
b1 K
b1000010 L
1*
#59196000
0-
#59200000
0*
#59205000
b1 I
0!
1*
#59206000
b1 O
#59210000
0*
#59215000
0@
b10 I
1*
#59216000
b10 O
#59220000
0*
#59225000
b11 I
06
0A
1*
#59226000
b11 O
#59230000
0*
#59235000
1'
b1 C
b100 I
1*
#59236000
b100 O
#59240000
0*
#59245000
b101 I
b1 =
1*
#59246000
b101 O
#59250000
0*
#59255000
b10 =
b110 I
1*
#59256000
b110 O
#59260000
0*
#59265000
b111 I
b11 =
1*
#59266000
b111 O
#59270000
0*
#59275000
17
b100 =
b1000 I
1*
#59276000
b1000 O
#59280000
0*
#59285000
1E
b1001 I
b10 C
b0 >
07
b0 =
1*
#59286000
b1001 O
#59290000
0*
#59295000
b1 =
b10 K
b0 J
0E
b0 I
1*
#59296000
b1010 O
#59300000
0*
#59305000
b1 I
b10 =
1*
#59306000
b1011 O
#59310000
0*
#59315000
b11 =
b10 I
1*
#59316000
b1100 O
#59320000
0*
#59325000
b11 I
17
b100 =
1*
#59326000
b1101 O
#59330000
0*
#59335000
07
b101 =
b100 I
1*
#59336000
b1110 O
#59340000
0*
#59345000
b101 I
b110 =
1*
#59346000
b1111 O
#59350000
0*
#59355000
b111 =
b110 I
1*
#59356000
b10000 O
#59360000
0*
#59365000
b111 I
b1000 =
1*
#59366000
b10001 O
#59370000
0*
#59375000
18
b1001 =
b1000 I
1*
#59376000
b10010 O
#59380000
0*
#59385000
1E
b1001 I
b1 >
08
b0 =
1*
#59386000
b10011 O
#59390000
0*
#59395000
b1 =
b1 J
0E
b0 I
1*
#59396000
b10100 O
#59400000
0*
#59405000
b1 I
1!
b10 =
1*
#59406000
b10101 O
#59410000
0*
#59415000
b11 =
1@
b10 I
1*
#59416000
b10110 O
#59420000
0*
#59425000
b11 I
16
1A
17
b100 =
1*
#59426000
b10111 O
#59430000
0*
#59435000
07
b101 =
b100 I
1*
#59436000
b11000 O
#59440000
0*
#59445000
b101 I
b110 =
1*
#59446000
b11001 O
#59450000
0*
#59455000
b111 =
b110 I
1*
#59456000
b11010 O
#59460000
0*
#59465000
b111 I
b1000 =
1*
#59466000
b11011 O
#59470000
0*
#59475000
18
b1001 =
b1000 I
1*
#59476000
b11100 O
#59480000
0*
#59485000
1E
b1001 I
b10 >
08
b0 =
1*
#59486000
b11101 O
#59490000
0*
#59495000
b1 =
b10 J
0E
b0 I
1*
#59496000
b11110 O
#59500000
0*
#59505000
b1 I
0!
b10 =
1*
#59506000
b11111 O
#59510000
0*
#59515000
b11 =
0@
b10 I
1*
#59516000
b100000 O
#59520000
0*
#59525000
b11 I
06
0A
17
b100 =
1*
#59526000
b100001 O
#59530000
0*
#59535000
07
b101 =
b100 I
1*
#59536000
b100010 O
#59540000
0*
#59545000
b101 I
b110 =
1*
#59546000
b100011 O
#59550000
0*
#59555000
b111 =
b110 I
1*
#59556000
b100100 O
#59560000
0*
#59565000
b111 I
b1000 =
1*
#59566000
b100101 O
#59570000
0*
#59575000
18
b1001 =
b1000 I
1*
#59576000
b100110 O
#59580000
0*
#59585000
1E
b1001 I
b11 >
08
b0 =
b11010 B
1*
#59586000
b100111 O
#59590000
0*
#59595000
b1 =
b11 J
0E
b0 I
1*
#59596000
b101000 O
#59600000
0*
#59605000
b1 I
b10 =
1*
#59606000
b101001 O
#59610000
0*
#59615000
b11 =
b10 I
1*
#59616000
b101010 O
#59620000
0*
#59625000
b11 I
17
b100 =
1*
#59626000
b101011 O
#59630000
0*
#59635000
07
b101 =
b100 I
1*
#59636000
b101100 O
#59640000
0*
#59645000
b101 I
b110 =
1*
#59646000
b101101 O
#59650000
0*
#59655000
b111 =
b110 I
1*
#59656000
b101110 O
#59660000
0*
#59665000
b111 I
b1000 =
1*
#59666000
b101111 O
#59670000
0*
#59675000
18
b1001 =
b1000 I
1*
#59676000
b110000 O
#59680000
0*
#59685000
1E
b1001 I
b100 >
08
b0 =
b10010 B
1*
#59686000
b110001 O
#59690000
0*
#59695000
b1 =
b100 J
0E
b0 I
1*
#59696000
b110010 O
#59700000
0*
#59705000
b1 I
b10 =
1*
#59706000
b110011 O
#59710000
0*
#59715000
b11 =
b10 I
1*
#59716000
b110100 O
#59720000
0*
#59725000
b11 I
17
b100 =
1*
#59726000
b110101 O
#59730000
0*
#59735000
07
b101 =
b100 I
1*
#59736000
b110110 O
#59740000
0*
#59745000
b101 I
b110 =
1*
#59746000
b110111 O
#59750000
0*
#59755000
b111 =
b110 I
1*
#59756000
b111000 O
#59760000
0*
#59765000
b111 I
b1000 =
1*
#59766000
b111001 O
#59770000
0*
#59775000
18
b1001 =
b1000 I
1*
#59776000
b111010 O
#59780000
0*
#59785000
1E
b1001 I
b101 >
08
b0 =
b10 B
1*
#59786000
b111011 O
#59790000
0*
#59795000
b1 =
b101 J
0E
b0 I
1*
#59796000
b111100 O
#59800000
0*
#59805000
b1 I
b10 =
1*
#59806000
b111101 O
#59810000
0*
#59815000
b11 =
b10 I
1*
#59816000
b111110 O
#59820000
0*
#59825000
b11 I
17
b100 =
1*
#59826000
b111111 O
#59830000
0*
#59835000
07
b101 =
b100 I
1*
#59836000
b1000000 O
#59840000
0*
#59845000
b101 I
b110 =
1*
#59846000
b1000001 O
#59850000
0*
#59855000
b111 =
b110 I
1*
#59856000
b1000010 O
#59860000
0*
#59865000
b111 I
b1000 =
1*
#59866000
b1000011 O
#59870000
0*
#59875000
18
b1001 =
b1000 I
1*
#59876000
b1000100 O
#59880000
0*
#59885000
1E
b1001 I
b110 >
08
b0 =
1*
#59886000
b1000101 O
#59890000
0*
#59895000
b1 =
b110 J
0E
b0 I
1*
#59896000
b1000110 O
#59900000
0*
#59905000
b1 I
1!
b10 =
1*
#59906000
b1000111 O
#59910000
0*
#59915000
b11 =
1@
b10 I
1*
#59916000
b1001000 O
#59920000
0*
#59925000
b11 I
16
1A
17
b100 =
1*
#59926000
b1001001 O
#59930000
0*
#59935000
07
b101 =
b100 I
1*
#59936000
b1001010 O
#59940000
0*
#59945000
b101 I
b110 =
1*
#59946000
b1001011 O
#59950000
0*
#59955000
b111 =
b110 I
1*
#59956000
b1001100 O
#59960000
0*
#59965000
b111 I
b1000 =
1*
#59966000
b1001101 O
#59970000
0*
#59975000
18
b1001 =
b1000 I
1*
#59976000
b1001110 O
#59980000
0*
#59985000
1E
b1001 I
b111 >
08
b0 =
b1000010 B
1*
#59986000
b1001111 O
#59990000
0*
#59995000
b1 =
b111 J
0E
b0 I
1*
#59996000
b1010000 O
#60000000
0*
#60005000
b1 I
0!
b10 =
1*
#60006000
b1010001 O
#60010000
0*
#60015000
b11 =
0@
b10 I
1*
#60016000
b1010010 O
#60020000
0*
#60025000
b11 I
06
0A
17
b100 =
1*
#60026000
b1010011 O
#60030000
0*
#60035000
07
b101 =
b100 I
1*
#60036000
b1010100 O
#60040000
0*
#60045000
b101 I
b110 =
1*
#60046000
b1010101 O
#60050000
0*
#60055000
b111 =
b110 I
1*
#60056000
b1010110 O
#60060000
0*
#60065000
b111 I
b1000 =
1*
#60066000
b1010111 O
#60070000
0*
#60075000
18
b1001 =
b1000 I
1*
#60076000
b1011000 O
#60080000
0*
#60085000
1E
b1001 I
b11 C
08
b0 =
1*
#60086000
b1011001 O
#60090000
0*
#60095000
b1 =
b11 K
0E
b0 I
1*
#60096000
b1011010 O
#60100000
0*
#60105000
b1 I
1!
b10 =
1*
#60106000
b1011011 O
#60110000
0*
#60115000
b11 =
1@
b10 I
1*
#60116000
b1011100 O
#60120000
0*
#60125000
b11 I
16
1A
17
b100 =
1*
#60126000
b1011101 O
#60130000
0*
#60135000
07
b101 =
b100 I
1*
#60136000
b1011110 O
#60140000
0*
#60145000
b101 I
b110 =
1*
#60146000
b1011111 O
#60150000
0*
#60155000
b111 =
b110 I
1*
#60156000
b1100000 O
#60160000
0*
#60165000
b111 I
b1000 =
1*
#60166000
b1100001 O
#60170000
0*
#60175000
18
b1001 =
b1000 I
1*
#60176000
b1100010 O
#60180000
0*
#60185000
1E
b1001 I
b0 C
0'
1$
b1000010 &
b1000010 3
b1000010 ?
08
b0 =
1*
#60186000
b1 M
b1100011 O
#60190000
0*
#60195000
0$
b0 K
0#
1"
0E
b0 I
1*
#60196000
b1 N
b1100100 O
#60200000
0*
#60205000
0"
1*
#60206000
b111101 1
b1100101 O
